[00:10:54] PREFLIGHT OK : SA + 12 portraits
[00:10:54] 
######################################################################
[00:10:54] # OVERNIGHT GENERATION START
[00:10:55] # Cles a traiter : 243
[00:10:55] # Voix audio par defaut : fr-FR-Neural2-A
[00:10:55] #   override soir -> fr-FR-Studio-A
[00:10:55] # Image verify : ON strict (lax=False)
[00:10:55] # Audio verify : ON strict (lax=False)
[00:10:55] # Log file : logs\overnight_20260518_001054.log
[00:10:55] # Checkpoint : logs\checkpoint.json
[00:10:55] ######################################################################

[00:10:55] 
*** [1/243] courte_astronaute_planete_baguette_monstre  (elapsed 0.0h)
[00:10:55]     deja completed selon checkpoint, skip
[00:10:55] 
*** [2/243] courte_astronaute_planete_baguette_robot  (elapsed 0.0h)
[00:10:55] 
======================================================================
>>> START : courte_astronaute_planete_baguette_robot
======================================================================
[00:10:55]   voix pour ce niveau (courte) : fr-FR-Neural2-A
[00:10:55]   TEXTE : generation Gemini Pro...
[00:11:25]     OK : 'Léa et le Voleur d'Étoile' (5 pages)
[00:11:25]   IMAGES : 5 pages a generer/verifier
[00:11:55]     [1/5] image OK (n/a)
[00:12:32]     [2/5] image OK (n/a)
[00:13:12]     [3/5] image KO : ['Etoile wand does not match reference (wrong material/color, missing ribbon).', 'Vega-7 planet is missing its two thin golden rings.', 'Bipboup has hands instead of mechanical pincer arms.']
[00:13:12]       retry image 2/5
[00:14:05]     [3/5] image KO : ["Bipboup's arms are not mechanical pincers as described."]
[00:14:05]       retry image 3/5
[00:14:54]     [3/5] image OK (n/a)
[00:16:03]     [4/5] image KO : ['Bipboup does not match canonical description (missing antennas, pincer arms, screen-eye, wrong hands).', 'Etoile wand does not match canonical description (missing wood texture, carvings, red ribbon).']
[00:16:03]       retry image 2/5
[00:17:01]     [4/5] image KO : ["The larger robot is not 'colorless and powered-down' as specified; it is silver, has glowing lights, and an expressive sad face, implying it is powered on.", "The magical wand 'Etoile' does not match its canonical description, appearing metallic instead of honey-brown wood with swirling carvings and a red ribbon."]
[00:17:01]       retry image 3/5
[00:18:07]     [4/5] image KO : ['The larger robot is not colorless and powered-down; it appears active with a sad face.', 'Lea is standing inside the cave, not at the cave entrance as specified.', 'Bipboup is holding the wand near the robot, but not touching it with the star tip.']
[00:18:07]       retry image 4/5
[00:19:04]     [4/5] image KO : ['Bipboup and the larger robot have human-like hands instead of mechanical pincer arms as specified in the reference.', 'The larger robot is not colorless and powered-down; it has color, glowing antennas, and a sad face, implying it is active.', "The interaction with the wand Etoile is incorrect: Lea is holding it, and Bipboup is holding Lea's hand, instead of Bipboup directly using the wand on the silent robot."]
[00:19:04]       retry image 5/5
[00:19:57]     [4/5] image KO : ['Lea is holding the wand instead of Bipboup, which is a critical narrative mismatch.', 'The larger robot is not colorless and powered-down; it has blue eyes and a sad expression.', 'Bipboup and the larger robot have human-like hands instead of the specified mechanical pincer arms.']
[00:19:57]     [4/5] IMAGE ECHEC apres retries
[00:21:01]     [5/5] image KO : ["Bipboup is not handing the wand 'Etoile' to Lea; Lea is already holding it."]
[00:21:01]       retry image 2/5
[00:22:03]     [5/5] image KO : ["The magical wand 'Etoile' does not match its canonical description; it is too short, lacks swirling carvings, and the red ribbon.", "Bipboup is not depicted handing the wand 'Etoile' to Lea; Lea is already holding it.", 'The larger robot is not offering Lea a handful of sparkling stardust; it is interacting with stardust emerging from a crater.']
[00:22:04]       retry image 3/5
[00:22:57]     [5/5] image KO : ['Planet Vega-7 in the background does not match canonical description (color, number of rings).', "Wand 'Etoile' is missing canonical details (swirling carvings, red ribbon).", "Lea's spacesuit is missing the specified red and blue shoulder patches."]
[00:22:57]       retry image 4/5
[00:23:54]     [5/5] image KO : ["The 'larger robot' character is entirely missing from the scene.", "Bipboup's design is incorrect (has hands instead of pincer arms, eye shows friendly smile instead of mischievous).", 'Key actions from the prompt are missing or incorrect (Bipboup is not handing back the wand, larger robot is not offering stardust).']
[00:23:54]       retry image 5/5
[00:24:27]     [5/5] image KO : ["Bipboup's design is inconsistent with reference (antennas, arms, body type).", "Etoile's design is inconsistent with reference (length, material, ribbon)."]
[00:24:27]     [5/5] IMAGE ECHEC apres retries
[00:24:39]   IMAGES bilan : 3 OK, 2 fail
[00:24:39]   AUDIO : 5 MP3s a generer/verifier
[00:24:55]     [1/5] audio OK (100%)
[00:25:33]     [2/5] audio KO (98%) wrong=['zip', 'bip'] missing=['ZIIIP', 'bips']
[00:25:33]       retry audio 2/3
[00:26:09]     [2/5] audio KO (93%) wrong=['Vega', '7', 'étoile'] missing=['Vega-7', 'fer-blanc']
[00:26:09]       retry audio 3/3
[00:26:39]     [2/5] audio KO (98%) wrong=['zip', 'fer', 'blanc'] missing=['ZIIIP', 'fer-blanc']
[00:27:04]     [3/5] audio KO (95%) wrong=['Mon', 'lumière', 'clignotante'] missing=['Le', 'lumières', 'clignotantes']
[00:27:04]       retry audio 2/3
[00:27:27]     [3/5] audio KO (95%) wrong=['Mon', 'lumière', 'clignotante'] missing=['Le', 'lumières', 'clignotantes']
[00:27:27]       retry audio 3/3
[00:27:46]     [3/5] audio KO (96%) wrong=['Mon', 'lumière', 'bip'] missing=[]
[00:28:00]     [4/5] audio OK (100%)
[00:28:16]     [5/5] audio KO (99%) wrong=['Ma'] missing=['Le']
[00:28:16]       retry audio 2/3
[00:28:40]     [5/5] audio KO (99%) wrong=['Ma'] missing=['Le']
[00:28:40]       retry audio 3/3
[00:28:55]     [5/5] audio KO (99%) wrong=['Ma'] missing=['Le']
[00:28:57]   AUDIO bilan : 2 OK, 3 fail
[00:28:57] <<< END : courte_astronaute_planete_baguette_robot -> {'key': 'courte_astronaute_planete_baguette_robot', 'text': 'OK', 'images': '3/5', 'audio': '2/5'}
[00:28:57] 
*** [3/243] courte_astronaute_planete_baguette_fantome  (elapsed 0.3h)
[00:28:57] 
======================================================================
>>> START : courte_astronaute_planete_baguette_fantome
======================================================================
[00:28:57]   voix pour ce niveau (courte) : fr-FR-Neural2-A
[00:28:57]   TEXTE : generation Gemini Pro...
[00:29:31]     OK : 'Léa et le Sculpteur de Lumière' (5 pages)
[00:29:31]   IMAGES : 5 pages a generer/verifier
[00:30:00]     [1/5] image KO : ["Vega-7's rings are incorrect (one large ring on a background planet, not two thin rings around the planet Lea is on).", 'Etoile (the wand) is missing specific canonical details (swirling carvings, red ribbon).']
[00:30:00]       retry image 2/5
[00:30:32]     [1/5] image KO : ['Etoile (wand) has a 4-pointed star tip instead of 5-pointed.', 'Etoile (wand) is missing swirling carvings and a red ribbon.', "Vega-7's golden rings are not thin as described."]
[00:30:32]       retry image 3/5
[00:31:03]     [1/5] image KO : ['Etoile (wand) is missing swirling carvings and a red ribbon near the handle.', "Planet Vega-7's craters are not glowing as described in the prompt."]
[00:31:03]       retry image 4/5
[00:31:56]     [1/5] image OK (n/a)
[00:33:09]     [2/5] image KO : ['Vega-7 (the planet Lea is on) is missing its canonical rings.', "A large, different ringed planet is present in the background, which is not part of Vega-7's description.", 'Etoile (the wand) is missing its red ribbon and swirling carvings.']
[00:33:09]       retry image 2/5
[00:34:00]     [2/5] image OK (n/a)
[00:35:05]     [3/5] image KO : ['Maitre Otho is not translucent and his eyes are black dots instead of kind pale grey.', 'Etoile is missing swirling carvings and a red ribbon near the handle.', 'Vega-7 is missing its two thin golden rings.']
[00:35:05]       retry image 2/5
[00:36:02]     [3/5] image KO : ['Vega-7 is missing its two thin golden rings.', 'Etoile (the wand) is missing key details: honey-brown wood, swirling carvings, and a small red ribbon near the handle.']
[00:36:02]       retry image 3/5
[00:37:00]     [3/5] image KO : ['Vega-7 surface color is incorrect (orange/brown instead of purple/teal)', 'Vega-7 craters are not glowing']
[00:37:00]       retry image 4/5
[00:38:31]     [3/5] image KO : ['Vega-7 is missing its two thin golden rings.', 'Etoile (the wand) is missing its small red ribbon.', "Lea's helmet is missing golden star decorations."]
[00:38:31]       retry image 5/5
[00:39:07]     [3/5] image KO : ['Maitre Otho does not resemble an old craftsman and lacks the faded apron outline; his eyes are also not pale grey.', 'Etoile (wand) is missing the specified swirling carvings and the small red ribbon near the handle.']
[00:39:07]     [3/5] IMAGE ECHEC apres retries
[00:40:11]     [4/5] image KO : ['Maitre Otho is not translucent and appears solid, not ghost-like.', "Maitre Otho is missing the faded outline of an old craftsman's apron.", "Maitre Otho's eyes are dark, not pale grey."]
[00:40:11]       retry image 2/5
[00:41:01]     [4/5] image KO : ['Maitre Otho is not translucent or ghost-like, he appears solid and human', 'The planet surface (Vega-7) is not purple and teal as specified']
[00:41:01]       retry image 3/5
[00:42:31]     [4/5] image KO : ['Maitre Otho is not translucent or ghost-like, appearing as a solid human.', "Vega-7's surface and the background planet are orange/brown instead of purple and teal."]
[00:42:31]       retry image 4/5
[00:42:58]     [4/5] image KO : ['Maitre Otho is not a translucent ghost, but a solid human-like figure, and the light does not pass through him, missing a key narrative point.', 'The planet Vega-7 and its surface are the wrong color (orange/brown instead of purple/teal) and the main planet has incorrect rings.']
[00:42:58]       retry image 5/5
[00:44:30]     [4/5] image KO : ['Maitre Otho is depicted as a solid old man, not a translucent ghost as per the reference.', 'The image fails to show the light passing through Maitre Otho, which is a key narrative point of the scene.']
[00:44:30]     [4/5] IMAGE ECHEC apres retries
[00:45:13]     [5/5] image KO : ['Maitre Otho is not translucent, is too large, and lacks his apron.', 'Vega-7 is missing its two golden rings.', 'Etoile is missing its red ribbon and swirling carvings.']
[00:45:13]       retry image 2/5
[00:45:51]     [5/5] image OK (n/a)
[00:46:03]   IMAGES bilan : 3 OK, 2 fail
[00:46:03]   AUDIO : 5 MP3s a generer/verifier
[00:46:28]     [1/5] audio OK (100%)
[00:47:05]     [2/5] audio KO (99%) wrong=["N'est"] missing=[]
[00:47:05]       retry audio 2/3
[00:47:21]     [2/5] audio KO (99%) wrong=["N'est"] missing=["N'aie"]
[00:47:21]       retry audio 3/3
[00:47:41]     [2/5] audio KO (99%) wrong=["N'est"] missing=["N'aie"]
[00:47:57]     [3/5] audio OK (100%)
[00:48:13]     [4/5] audio OK (100%)
[00:48:36]     [5/5] audio OK (100%)
[00:48:38]   AUDIO bilan : 4 OK, 1 fail
[00:48:38] <<< END : courte_astronaute_planete_baguette_fantome -> {'key': 'courte_astronaute_planete_baguette_fantome', 'text': 'OK', 'images': '3/5', 'audio': '4/5'}
[00:48:38] 
*** [4/243] courte_astronaute_planete_skateboard_monstre  (elapsed 0.6h)
[00:48:38] 
======================================================================
>>> START : courte_astronaute_planete_skateboard_monstre
======================================================================
[00:48:38]   voix pour ce niveau (courte) : fr-FR-Neural2-A
[00:48:38]   TEXTE : generation Gemini Pro...
[00:49:15]     OK : 'Léa et le Voleur d'Étoiles Filantes' (5 pages)
[00:49:15]   IMAGES : 5 pages a generer/verifier
[00:49:42]     [1/5] image OK (n/a)
[00:50:25]     [2/5] image KO : ['Vega-7 itself (the planet Lea is on) is described as having two thin golden rings, but the image shows a different, large ringed planet in the background instead of Vega-7 having rings.']
[00:50:25]       retry image 2/5
[00:50:52]     [2/5] image OK (n/a)
[00:51:57]     [3/5] image KO : ['The character Lea is present in the scene, but the prompt did not specify her inclusion.']
[00:51:57]       retry image 2/5
[00:52:59]     [3/5] image KO : ['An unmentioned character (Lea) is present in the scene.', "Grobi's action and the state of the skateboard wheel do not match the prompt (Grobi is not patting a dim/flickering wheel, but looking at Lea)."]
[00:52:59]       retry image 3/5
[00:53:49]     [3/5] image KO : ['Character Lea is present but not mentioned in the prompt.', 'Skateboard (Fusee) is missing golden lightning bolt patterns and glowing wheels.']
[00:53:49]       retry image 4/5
[00:54:47]     [3/5] image KO : ['Hero (Lea) is present but not mentioned in the page prompt, fundamentally changing the scene.', 'Skateboard wheel is not depicted as dim and flickering, missing a key narrative detail.']
[00:54:47]       retry image 5/5
[00:55:43]     [3/5] image KO : ['Hero (Lea) is present in the scene, but the page prompt only specifies Grobi and the skateboard.', 'The skateboard (Fusee) is missing the golden lightning bolt patterns.']
[00:55:43]     [3/5] IMAGE ECHEC apres retries
[00:56:42]     [4/5] image OK (n/a)
[00:57:40]     [5/5] image OK (n/a)
[00:57:52]   IMAGES bilan : 4 OK, 1 fail
[00:57:52]   AUDIO : 5 MP3s a generer/verifier
[00:58:18]     [1/5] audio OK (100%)
[00:58:44]     [2/5] audio KO (98%) wrong=['Véga-7', 'Le'] missing=[]
[00:58:44]       retry audio 2/3
[00:59:16]     [2/5] audio KO (98%) wrong=['7', 'Ma'] missing=['Véga-7', 'Le']
[00:59:16]       retry audio 3/3
[00:59:34]     [2/5] audio KO (97%) wrong=['Véga 7', 'fusée', 'La'] missing=[]
[00:59:53]     [3/5] audio KO (99%) wrong=['Elles'] missing=[]
[00:59:53]       retry audio 2/3
[01:00:08]     [3/5] audio KO (98%) wrong=['Elle', 'violet'] missing=['Elles', 'violets']
[01:00:08]       retry audio 3/3
[01:00:38]     [3/5] audio KO (98%) wrong=['Elle', 'violet'] missing=['Elles', 'violets']
[01:01:06]     [4/5] audio KO (99%) wrong=["N'est"] missing=[]
[01:01:06]       retry audio 2/3
[01:01:29]     [4/5] audio KO (99%) wrong=["N'est"] missing=["N'aie"]
[01:01:29]       retry audio 3/3
[01:01:51]     [4/5] audio KO (99%) wrong=["N'aie"] missing=[]
[01:02:28]     [5/5] audio KO (99%) wrong=['moins'] missing=['Véga-7']
[01:02:28]       retry audio 2/3
[01:02:54]     [5/5] audio KO (99%) wrong=['Véga', 'sept'] missing=['Véga-7']
[01:02:54]       retry audio 3/3
[01:03:08]     [5/5] audio KO (99%) wrong=['Véga -7'] missing=[]
[01:03:10]   AUDIO bilan : 1 OK, 4 fail
[01:03:10] <<< END : courte_astronaute_planete_skateboard_monstre -> {'key': 'courte_astronaute_planete_skateboard_monstre', 'text': 'OK', 'images': '4/5', 'audio': '1/5'}
[01:03:10] 
*** [5/243] courte_astronaute_planete_skateboard_robot  (elapsed 0.9h)
[01:03:10] 
======================================================================
>>> START : courte_astronaute_planete_skateboard_robot
======================================================================
[01:03:10]   voix pour ce niveau (courte) : fr-FR-Neural2-A
[01:03:10]   TEXTE : generation Gemini Pro...
[01:03:48]     OK : 'Léa et la lumière de Vega-7' (5 pages)
[01:03:48]   IMAGES : 5 pages a generer/verifier
[01:04:15]     [1/5] image OK (n/a)
[01:04:53]     [2/5] image KO : ["Vega-7 (the planet Lea is standing on) is missing its canonical 'two thin golden rings'.", "Lea's helmet is missing the canonical 'golden stars' decoration."]
[01:04:53]       retry image 2/5
[01:05:14]     [2/5] image KO : ['Planet surface craters are not glowing as described in the prompt, missing a key magical element.']
[01:05:14]       retry image 3/5
[01:06:37]     [2/5] image OK (n/a)
[01:07:20]     [3/5] image KO : ["Bipboup's body is smooth, not riveted as per canon.", "Bipboup's arms are hands, not mechanical pincers as per canon.", 'The foreground planet (Vega-7) is missing its canonical two thin golden rings.']
[01:07:20]       retry image 2/5
[01:08:14]     [3/5] image KO : ["Bipboup's eye is a regular blue eye with a pupil, not a 'single round blue screen-eye' as described.", "Bipboup's expression is sad/neutral, not a 'mischievous but sad smile'.", "Bipboup's body is light grey/white instead of silver, and arms are not clearly pincer arms."]
[01:08:14]       retry image 3/5
[01:09:41]     [3/5] image KO : ["Bipboup's design is incorrect (two eyes instead of one screen-eye, no glowing antenna bulbs, hands instead of pincer arms).", 'Lea is standing next to the crystal, not peeking from behind it.', 'The foreground planet surface is grey, not purple and teal as described for Vega-7.']
[01:09:41]       retry image 4/5
[01:10:30]     [3/5] image KO : ["The planet's surface and background planet do not match the canonical description of Vega-7 (purple and teal surface, golden rings). The image shows a grey, moon-like surface."]
[01:10:30]       retry image 5/5
[01:11:16]     [3/5] image OK (n/a)
[01:12:16]     [4/5] image KO : ["Bipboup's arms are not pincers and his eye is not a screen-eye as per canon", 'Bipboup is not pointing to his broken antenna or towards the starry sky', "Bipboup's antenna is not clearly broken or cracked"]
[01:12:16]       retry image 2/5
[01:13:42]     [4/5] image KO : ["Bipboup's antenna is not broken or cracked", 'Bipboup is not pointing to his antenna', 'Bipboup is not pointing towards the starry sky']
[01:13:42]       retry image 3/5
[01:14:14]     [4/5] image KO : ["Bipboup's arms are not mechanical pincers as described in canon.", "Bipboup's antenna is not broken, and he is not pointing to it.", "Bipboup's eye is not a screen-eye as described in canon."]
[01:14:14]       retry image 4/5
[01:15:36]     [4/5] image OK (n/a)
[01:16:20]     [5/5] image KO : ["Bipboup's design is inconsistent with the reference (missing antennas, wrong arms).", "The golden star is on the spaceship instead of Bipboup's antenna, which is a major content mismatch.", "Bipboup's eye/mouth is not a screen-eye showing a smile as per reference."]
[01:16:20]       retry image 2/5
[01:17:19]     [5/5] image KO : ["Robot character does not match Bipboup's canonical design (wrong body, arms, antennas, eye).", 'Vega-7 is missing its two thin golden rings.', "Lea's space suit lacks red and blue shoulder patches, and her helmet lacks golden stars."]
[01:17:19]       retry image 3/5
[01:18:50]     [5/5] image KO : ['Vega-7 is depicted as a large gas giant with thick rings in the background, instead of a small magical planet with two thin golden rings.', 'The surface of Vega-7 lacks tiny glowing craters.', "Bipboup's arms are not clearly mechanical pincer arms as described in the canon."]
[01:18:50]       retry image 4/5
[01:19:17]     [5/5] image KO : ['Lea is standing on clouds, not the purple and teal surface of Vega-7 as specified.', "Bipboup's antennas do not match the reference portrait (missing second antenna, star instead of yellow light bulbs).", "Bipboup's spaceship is a generic UFO, not 'tiny, firefly-like' as described."]
[01:19:17]       retry image 5/5
[01:20:41]     [5/5] image KO : ["Bipboup's design is inconsistent with canon (missing one antenna, wrong antenna type, wrong arm type).", 'Lea is not standing on the surface of Vega-7 as described in the prompt.']
[01:20:41]     [5/5] IMAGE ECHEC apres retries
[01:20:53]   IMAGES bilan : 4 OK, 1 fail
[01:20:53]   AUDIO : 5 MP3s a generer/verifier
[01:21:26]     [1/5] audio KO (99%) wrong=['sur', 'le', 'champ'] missing=['sur-le-champ']
[01:21:26]       retry audio 2/3
[01:21:48]     [1/5] audio KO (99%) wrong=['sur-le-champ'] missing=[]
[01:21:48]       retry audio 3/3
[01:22:10]     [1/5] audio KO (99%) wrong=['sur', 'le', 'champ'] missing=['sur-le-champ']
[01:22:39]     [2/5] audio KO (95%) wrong=['.', 'Voler'] missing=['«', '!', '»']
[01:22:39]       retry audio 2/3
[01:22:55]     [2/5] audio OK (100%)
[01:23:08]     [3/5] audio OK (100%)
[01:23:30]     [4/5] audio OK (100%)
[01:23:59]     [5/5] audio KO (99%) wrong=["C'était"] missing=[]
[01:23:59]       retry audio 2/3
[01:24:19]     [5/5] audio KO (99%) wrong=["C'était"] missing=[]
[01:24:19]       retry audio 3/3
[01:24:34]     [5/5] audio KO (99%) wrong=["C'était"] missing=["C'étaient"]
[01:24:36]   AUDIO bilan : 3 OK, 2 fail
[01:24:36] <<< END : courte_astronaute_planete_skateboard_robot -> {'key': 'courte_astronaute_planete_skateboard_robot', 'text': 'OK', 'images': '4/5', 'audio': '3/5'}
[01:24:37] 
*** [6/243] courte_astronaute_planete_skateboard_fantome  (elapsed 1.2h)
[01:24:37] 
======================================================================
>>> START : courte_astronaute_planete_skateboard_fantome
======================================================================
[01:24:37]   voix pour ce niveau (courte) : fr-FR-Neural2-A
[01:24:37]   TEXTE : generation Gemini Pro...
[01:25:11]     OK : 'Léa et le Sculpteur d'Étoiles' (5 pages)
[01:25:11]   IMAGES : 5 pages a generer/verifier
[01:25:34]     [1/5] image OK (n/a)
[01:26:09]     [2/5] image OK (n/a)
[01:26:46]     [3/5] image KO : ['Maitre Otho is not small as described, lacks the apron, and has a sad expression instead of a gentle smile.', 'The planet in the background does not match the specific description of Vega-7 (purple/teal surface, glowing craters, two golden rings).', 'The floating tools are not translucent, and the scene lacks the specified crater light.']
[01:26:46]       retry image 2/5
[01:27:39]     [3/5] image KO : ["The scene's setting is deep space rather than on or near Vega-7's surface with craters as implied by the prompt's mention of 'the crater'."]
[01:27:39]       retry image 3/5
[01:29:14]     [3/5] image OK (n/a)
[01:29:52]     [4/5] image OK (n/a)
[01:30:35]     [5/5] image OK (n/a)
[01:30:47]   IMAGES bilan : 5 OK, 0 fail
[01:30:47]   AUDIO : 5 MP3s a generer/verifier
[01:31:11]     [1/5] audio KO (98%) wrong=[] missing=['«', '»']
[01:31:11]       retry audio 2/3
[01:31:31]     [1/5] audio OK (100%)
[01:31:50]     [2/5] audio OK (100%)
[01:32:14]     [3/5] audio OK (100%)
[01:32:28]     [4/5] audio OK (100%)
[01:32:54]     [5/5] audio KO (98%) wrong=['Elles', 'Véga', 'moins'] missing=['Elle', 'Véga-7']
[01:32:54]       retry audio 2/3
[01:33:05]     [5/5] audio OK (100%)
[01:33:07]   AUDIO bilan : 5 OK, 0 fail
[01:33:07] <<< END : courte_astronaute_planete_skateboard_fantome -> {'key': 'courte_astronaute_planete_skateboard_fantome', 'text': 'OK', 'images': '5/5', 'audio': '5/5'}
[01:33:07] 
*** [7/243] courte_astronaute_planete_guitare_monstre  (elapsed 1.4h)
[01:33:07] 
======================================================================
>>> START : courte_astronaute_planete_guitare_monstre
======================================================================
[01:33:07]   voix pour ce niveau (courte) : fr-FR-Neural2-A
[01:33:07]   TEXTE : generation Gemini Pro...
[01:33:44]     OK : 'Léa et la Guitare du Silence' (5 pages)
[01:33:44]   IMAGES : 5 pages a generer/verifier
[01:34:03]     [1/5] image OK (n/a)
[01:34:45]     [2/5] image OK (n/a)
[01:35:27]     [3/5] image KO : ['The crystal guitar is not translucent or glowing; it appears as a regular wooden guitar.', "Grobi's general appearance deviates from canon, specifically missing the 'friendly toothy smile' and having slightly different horn shapes.", "Grobi is not 'in the distance' as specified by the prompt, but is relatively close to Léa."]
[01:35:27]       retry image 2/5
[01:36:15]     [3/5] image KO : ['The crystal guitar is depicted as a standard wooden acoustic guitar, not translucent or glowing as described.']
[01:36:15]       retry image 3/5
[01:37:09]     [3/5] image KO : ["Grobi's pose and expression are incorrect; he should be looking back worried, not smiling forward.", 'The image fails to convey a "gentle chase scene" as Grobi and Lea are walking side-by-side.', 'The guitar is a standard acoustic guitar, not the specified "crystal guitar" from the canon.']
[01:37:09]       retry image 4/5
[01:38:36]     [3/5] image KO : ["The guitar is not a 'translucent pale crystal body' as described for the 'Guitare des sept silences'.", "The scene does not depict a 'gentle chase scene' with Grobi 'in the distance, looking back over his shoulder at Léa'. The characters are close and facing the viewer."]
[01:38:36]       retry image 5/5
[01:39:23]     [3/5] image KO : ['The crystal guitar is depicted as a regular wooden acoustic guitar, not translucent crystal or glowing.', 'The scene is a posed picture with characters standing together, not a gentle chase scene with Grobi in the distance.', 'Grobi is not looking worried or clutching the guitar; he has a friendly smile and is posing next to Lea.']
[01:39:23]     [3/5] IMAGE ECHEC apres retries
[01:40:23]     [4/5] image KO : ['The crystal guitar (Guitare des sept silences) is depicted as a standard wooden acoustic guitar instead of a translucent, glowing crystal guitar.']
[01:40:23]       retry image 2/5
[01:41:13]     [4/5] image KO : ['The guitar is a standard wooden acoustic guitar instead of a translucent crystal guitar that glows.', "Grobi's horns are significantly smaller and less defined than in the reference."]
[01:41:13]       retry image 3/5
[01:42:39]     [4/5] image KO : ['The crystal guitar is depicted as a standard wooden guitar, not a translucent crystal body with specific glowing properties.', 'The planet in the background does not match the canonical description of Vega-7 (purple and teal surface, tiny glowing craters, two thin golden rings).']
[01:42:39]       retry image 4/5
[01:43:11]     [4/5] image KO : ['The guitar is a regular acoustic guitar, not a translucent crystal guitar as specified.', 'Lea is inside the cave kneeling next to Grobi, not peeking into the cave entrance from the side.']
[01:43:11]       retry image 5/5
[01:44:39]     [4/5] image KO : ['The crystal guitar is depicted as a standard wooden acoustic guitar, not a translucent pale crystal body glowing softly from within.', 'Lea is inside the cave, kneeling next to Grobi, rather than peeking into the cave entrance from the side as described in the prompt.']
[01:44:39]     [4/5] IMAGE ECHEC apres retries
[01:45:16]     [5/5] image KO : ["The 'crystal guitar' (Guitare des sept silences) is not depicted as a translucent crystal body; it appears to be a standard acoustic guitar."]
[01:45:16]       retry image 2/5
[01:46:11]     [5/5] image KO : ['The crystal guitar does not have a translucent pale crystal body; it appears to be a standard wooden guitar.', 'Léa is playing the guitar instead of Grobi, which contradicts the prompt.']
[01:46:11]       retry image 3/5
[01:47:38]     [5/5] image KO : ["The guitar is not the specified 'crystal guitar' and does not glow as described.", 'Léa is playing the guitar instead of Grobi.', 'The guitar is not emitting visible musical notes of light.']
[01:47:38]       retry image 4/5
[01:48:07]     [5/5] image KO : ['Lea is playing the guitar instead of Grobi', 'The guitar is a standard acoustic guitar, not the described crystal guitar']
[01:48:07]       retry image 5/5
[01:49:32]     [5/5] image KO : ['Grobi is not playing the guitar; Lea is.', 'The guitar does not appear to be made of crystal as described.']
[01:49:32]     [5/5] IMAGE ECHEC apres retries
[01:49:44]   IMAGES bilan : 2 OK, 3 fail
[01:49:44]   AUDIO : 5 MP3s a generer/verifier
[01:50:12]     [1/5] audio KO (97%) wrong=['cherche-rêve'] missing=['«', 'Cherche-Rêves', '»']
[01:50:12]       retry audio 2/3
[01:50:32]     [1/5] audio KO (99%) wrong=['cherche-rêve'] missing=[]
[01:50:32]       retry audio 3/3
[01:50:53]     [1/5] audio KO (99%) wrong=['cherche-rêve'] missing=['Cherche-Rêves']
[01:51:09]     [2/5] audio OK (100%)
[01:51:23]     [3/5] audio OK (100%)
[01:51:33]     [4/5] audio OK (100%)
[01:51:52]     [5/5] audio OK (100%)
[01:51:54]   AUDIO bilan : 4 OK, 1 fail
[01:51:54] <<< END : courte_astronaute_planete_guitare_monstre -> {'key': 'courte_astronaute_planete_guitare_monstre', 'text': 'OK', 'images': '2/5', 'audio': '4/5'}
[01:51:54] 
*** [8/243] courte_astronaute_planete_guitare_robot  (elapsed 1.7h)
[01:51:54] 
======================================================================
>>> START : courte_astronaute_planete_guitare_robot
======================================================================
[01:51:54]   voix pour ce niveau (courte) : fr-FR-Neural2-A
[01:51:54]   TEXTE : generation Gemini Pro...
[01:52:30]     OK : 'Léa et la Guitare des Sept Silences' (5 pages)
[01:52:30]   IMAGES : 5 pages a generer/verifier
[01:52:55]     [1/5] image KO : ['Léa is not wearing her helmet, which is explicitly described in the prompt and shown in her reference.', "The planet's craters are not glowing as described in the prompt."]
[01:52:55]       retry image 2/5
[01:53:15]     [1/5] image KO : ['Planet surface where Lea stands is not purple and teal with glowing craters', 'Planet has one thick ring instead of two thin golden rings']
[01:53:15]       retry image 3/5
[01:54:02]     [1/5] image KO : ['Planet surface is not purple and teal', 'Craters are not glowing']
[01:54:02]       retry image 4/5
[01:55:19]     [1/5] image OK (n/a)
[01:55:55]     [2/5] image KO : ['The guitar is not translucent crystal as described in the prompt and canon.', "Planet Vega-7's colors (more orange/yellow than purple/teal) and rings (thick, brown/orange instead of thin, golden) do not match the canonical description."]
[01:55:55]       retry image 2/5
[01:57:17]     [2/5] image KO : ['Image is a full-body shot, not a close-up of hands as requested.', 'Léa is not wearing astronaut gloves as explicitly specified in the prompt.', 'The guitar does not appear to be translucent crystal or glowing from within.']
[01:57:17]       retry image 3/5
[01:58:04]     [2/5] image KO : ['Guitar is not translucent crystal and does not glow as described.', 'Background shows the entire planet, not a blurry surface of Vega-7.', "Planet Vega-7's colors are not consistently purple and teal as per canonical description."]
[01:58:04]       retry image 4/5
[01:58:56]     [2/5] image KO : ['The guitar is a standard wooden acoustic guitar, not translucent crystal and not glowing as described in the canon.', 'Léa is not wearing her white astronaut gloves as specified in the prompt.', "The image is a medium shot of Léa's upper body, not a close-up shot of her hands."]
[01:58:56]       retry image 5/5
[02:00:35]     [2/5] image KO : ['The guitar is a standard wooden acoustic guitar, not a translucent crystal guitar that glows.', 'Léa is not wearing her white astronaut gloves; her hands are bare.', 'The image is a full body shot of Léa, not a close-up of her hands, and the background is a full planet, not a blurry surface.']
[02:00:35]     [2/5] IMAGE ECHEC apres retries
[02:01:13]     [3/5] image KO : ['The guitar is a standard wooden acoustic guitar, not the described translucent crystal guitar with glowing features.', "Bipboup's eye shows a mischievous smile instead of a frantic, jagged line as specified in the prompt.", "The scene does not convey 'sudden action' or Bipboup 'trying to grab' the guitar; it looks more like a playful interaction."]
[02:01:13]       retry image 2/5
[02:02:04]     [3/5] image KO : ["The guitar is a standard acoustic guitar, not the 'crystal guitar' with a translucent body and glowing features as described in canon and prompt.", "Bipboup's arms are not 'mechanical pincer arms' and his eye shows a happy, round pupil instead of a 'frantic, jagged line' or 'mischievous smile' as specified."]
[02:02:04]       retry image 3/5
[02:03:00]     [3/5] image KO : ['The guitar is a standard acoustic guitar, not the specified crystal guitar.', "Bipboup's eye shows a happy smile instead of a frantic, jagged line.", "Bipboup's arms are not mechanical pincers, and he is not actively trying to grab the guitar."]
[02:03:00]       retry image 4/5
[02:04:46]     [3/5] image KO : ["The guitar is a standard acoustic guitar, not the specified 'crystal guitar' with its unique translucent body and glowing properties.", "Bipboup is not trying to grab the guitar; he appears to be waving or dancing, and his eye shows a happy smile instead of a 'frantic, jagged line', which fundamentally changes the scene's action and mood.", "Lea's helmet lacks the golden stars, and her suit is missing the red and blue shoulder patches. The planet lacks glowing craters and golden rings, deviating from the Vega-7 description."]
[02:04:46]       retry image 5/5
[02:05:07]     [3/5] image KO : ["Bipboup's arms are not mechanical pincers as described in the canon and prompt.", 'The guitar is not translucent crystal or glowing as described in the canon and implied by the prompt.']
[02:05:07]     [3/5] IMAGE ECHEC apres retries
[02:06:10]     [4/5] image KO : ['Crystal guitar is depicted as a standard wooden guitar, not translucent or glowing as described.', 'Ground color is sandy/brown instead of purple as specified for Vega-7 and the scene.', "Bipboup's arms are not clearly pincer arms as described in canon."]
[02:06:10]       retry image 2/5
[02:06:59]     [4/5] image KO : ["The planet's surface (ground) is reddish-brown instead of purple and teal.", 'The guitar is a standard acoustic guitar, not a translucent pale crystal guitar.']
[02:06:59]       retry image 3/5
[02:08:26]     [4/5] image KO : ['Ground color is incorrect for Vega-7 (should be purple, is orange/brown)', 'Guitar is not crystal and does not glow']
[02:08:26]       retry image 4/5
[02:08:58]     [4/5] image KO : ['Guitare des sept silences does not have a translucent crystal body, appears to be a standard glowing acoustic guitar', "Lea's hair is not in two small buns"]
[02:08:58]       retry image 5/5
[02:10:23]     [4/5] image KO : ['The guitar is a standard wooden acoustic guitar, not a translucent crystal guitar that glows.', 'Léa is playing the guitar, not gently holding it out towards Bipboup.']
[02:10:23]     [4/5] IMAGE ECHEC apres retries
[02:11:02]     [5/5] image KO : ['The guitar is not translucent crystal and does not glow as described.', 'Bipboup has hands instead of mechanical pincer arms.']
[02:11:02]       retry image 2/5
[02:11:58]     [5/5] image KO : ["Bipboup's design is incorrect (two eyes, wrong arms, wrong antennas).", "The guitar is a standard acoustic guitar, not a crystal one, and it's not glowing.", 'Bipboup is not touching the guitar string, and Lea is playing it instead of holding it on her lap for interaction.']
[02:11:58]       retry image 3/5
[02:13:27]     [5/5] image KO : ["Bipboup's arms are not mechanical pincers as described, they are human-like hands.", 'The guitar is a standard acoustic guitar, not a translucent pale crystal body, and it is not glowing softly from within.']
[02:13:27]       retry image 4/5
[02:14:01]     [5/5] image KO : ['The guitar is a standard wooden acoustic guitar, not a translucent crystal guitar, and it is not glowing as described in the canon and prompt.', "Bipboup's hands are not pincer arms as described in the canon and prompt."]
[02:14:01]       retry image 5/5
[02:15:00]     [5/5] image KO : ["Bipboup's arms are not mechanical pincers, and its smile is a physical mouth, not a screen-eye.", 'The guitar is a standard wooden acoustic guitar, not a translucent, glowing crystal guitar.', 'The planet visible in the sky is Saturn, not Vega-7 with its two thin golden rings.']
[02:15:00]     [5/5] IMAGE ECHEC apres retries
[02:15:12]   IMAGES bilan : 1 OK, 4 fail
[02:15:12]   AUDIO : 5 MP3s a generer/verifier
[02:16:04]     [1/5] audio KO (96%) wrong=['le', 'murmure', 'Véga'] missing=['«', 'Le', 'Murmure']
[02:16:04]       retry audio 2/3
[02:16:20]     [1/5] audio KO (98%) wrong=['Le', 'Véga-7'] missing=[]
[02:16:20]       retry audio 3/3
[02:16:57]     [1/5] audio KO (97%) wrong=['le', 'murmure', 'Véga'] missing=['Véga-7']
[02:17:17]     [2/5] audio OK (100%)
[02:17:35]     [3/5] audio KO (99%) wrong=['apostrophe'] missing=[]
[02:17:35]       retry audio 2/3
[02:17:52]     [3/5] audio KO (99%) wrong=['de', 'apostrophe'] missing=["d'"]
[02:17:52]       retry audio 3/3
[02:18:11]     [3/5] audio KO (99%) wrong=['de', 'apostrophe'] missing=["d'"]
[02:18:23]     [4/5] audio OK (100%)
[02:18:36]     [5/5] audio OK (100%)
[02:18:38]   AUDIO bilan : 3 OK, 2 fail
[02:18:38] <<< END : courte_astronaute_planete_guitare_robot -> {'key': 'courte_astronaute_planete_guitare_robot', 'text': 'OK', 'images': '1/5', 'audio': '3/5'}
[02:18:38] 
*** [9/243] courte_astronaute_planete_guitare_fantome  (elapsed 2.1h)
[02:18:38] 
======================================================================
>>> START : courte_astronaute_planete_guitare_fantome
======================================================================
[02:18:38]   voix pour ce niveau (courte) : fr-FR-Neural2-A
[02:18:38]   TEXTE : generation Gemini Pro...
[02:19:13]     OK : 'Léa et la Guitare des Sept Silences' (5 pages)
[02:19:13]   IMAGES : 5 pages a generer/verifier
[02:19:33]     [1/5] image OK (n/a)
[02:20:11]     [2/5] image KO : ['The crystal guitar does not appear translucent, glowing, or have shimmering strings as described in its canonical reference and the scene prompt. It looks like a standard wooden guitar.', "Lea's helmet is plain white and lacks the golden star decorations specified in her canonical reference."]
[02:20:11]       retry image 2/5
[02:20:40]     [2/5] image KO : ["The guitar is not the specified 'translucent pale crystal body' and does not glow from within."]
[02:20:40]       retry image 3/5
[02:22:02]     [2/5] image OK (n/a)
[02:22:40]     [3/5] image KO : ["The 'Guitare des sept silences' is depicted as a standard acoustic guitar, not a translucent crystal guitar that glows from within.", "The guitar does not glow, which contradicts the prompt's description of the scene being softly lit by its faint light."]
[02:22:40]       retry image 2/5
[02:24:06]     [3/5] image KO : ["The guitar is not the specified 'translucent pale crystal body' and does not glow.", 'The planet Vega-7 does not match the specified purple and teal surface with glowing craters.']
[02:24:06]       retry image 3/5
[02:24:56]     [3/5] image KO : ['The guitar is a standard wooden acoustic guitar, not a translucent pale crystal body that glows as described in the canon and scene prompt.', 'The scene is not softly lit by the faint light from the guitar, as the guitar does not appear to be glowing.']
[02:24:56]       retry image 4/5
[02:25:43]     [3/5] image KO : ['Maitre Otho is not translucent and has dark eyes instead of pale grey.', 'The crystal guitar is opaque and not glowing, instead of translucent crystal and glowing.', 'The background planet is a generic planet, not Vega-7.']
[02:25:43]       retry image 5/5
[02:27:11]     [3/5] image KO : ["Maitre Otho's appearance deviates significantly from the reference; his eyes are dark and cartoonish instead of pale grey, and the 'old craftsman' shape and apron outline are missing.", "The guitar is a standard wooden acoustic guitar, not the 'translucent pale crystal body' that glows softly from within as described in the canon and prompt."]
[02:27:11]     [3/5] IMAGE ECHEC apres retries
[02:27:49]     [4/5] image KO : ['Maitre Otho does not match reference (not translucent, wrong appearance, depicted on a planet).', 'The guitar is not a translucent crystal guitar as specified in the canon.', 'The background planet is not Vega-7; it appears to be Saturn.']
[02:27:49]       retry image 2/5
[02:28:44]     [4/5] image KO : ['Crystal guitar is not translucent crystal, appears to be wood.']
[02:28:44]       retry image 3/5
[02:30:12]     [4/5] image KO : ['The guitar is not a translucent crystal body; it appears to be a standard wooden acoustic guitar.', 'Maitre Otho lacks his long wispy white beard, old craftsman shape, and apron outline.']
[02:30:12]       retry image 4/5
[02:30:41]     [4/5] image KO : ['Maitre Otho is completely missing from the scene.', 'The guitar is a standard acoustic guitar, not the specified crystal guitar.', 'The background planets are incorrect and one has a face, which is not canonical.']
[02:30:41]       retry image 5/5
[02:32:12]     [4/5] image KO : ['The guitar is not a translucent pale crystal body as specified; it appears to be a standard wooden acoustic guitar.', "Maitre Otho does not resemble an 'old craftsman' and lacks the faded apron outline and pale grey eyes, appearing more like a simplified cute ghost.", "The image is not a focused shot on Lea's hand as requested in the prompt."]
[02:32:12]     [4/5] IMAGE ECHEC apres retries
[02:32:50]     [5/5] image KO : ['The planet Vega-7 is incorrectly depicted as Saturn, lacking the specified purple/teal surface and thin golden rings.', 'The guitar is a standard wooden acoustic guitar, not the translucent pale crystal guitar described.', "Maitre Otho's appearance deviates significantly from the 'old craftsman' shape with an apron and pale grey eyes."]
[02:32:50]       retry image 2/5
[02:33:41]     [5/5] image KO : ['Maitre Otho is depicted as a solid white figure, not translucent, and lacks the faded apron detail.', 'The crystal guitar is depicted as a standard wooden acoustic guitar, not translucent, crystal-bodied, or glowing.']
[02:33:41]       retry image 3/5
[02:35:10]     [5/5] image KO : ['Maitre Otho is not translucent and appears solid and large, not like a small craftsman ghost.', 'The guitar is a standard wooden acoustic guitar, not the translucent crystal guitar.']
[02:35:10]       retry image 4/5
[02:35:39]     [5/5] image KO : ['Maitre Otho is depicted as a solid human old man, not a translucent ghost with an ethereal glow.', 'The guitar is a standard acoustic guitar, not a translucent crystal guitar glowing from within.', 'Maitre Otho is not glowing with a bright white light as described.']
[02:35:39]       retry image 5/5
[02:37:06]     [5/5] image KO : ['Maitre Otho is depicted as a solid old man, not a translucent ghost, and is not glowing.', 'The crystal guitar is a standard wooden acoustic guitar, not translucent or glowing.']
[02:37:06]     [5/5] IMAGE ECHEC apres retries
[02:37:18]   IMAGES bilan : 2 OK, 3 fail
[02:37:18]   AUDIO : 5 MP3s a generer/verifier
[02:37:32]     [1/5] audio OK (100%)
[02:37:47]     [2/5] audio OK (100%)
[02:38:09]     [3/5] audio OK (100%)
[02:38:46]     [4/5] audio OK (100%)
[02:39:05]     [5/5] audio KO (99%) wrong=['quiétude'] missing=['quiétudes']
[02:39:05]       retry audio 2/3
[02:39:26]     [5/5] audio KO (99%) wrong=['quiétude'] missing=['quiétudes']
[02:39:26]       retry audio 3/3
[02:39:43]     [5/5] audio KO (99%) wrong=['quiétude'] missing=['quiétudes']
[02:39:45]   AUDIO bilan : 4 OK, 1 fail
[02:39:45] <<< END : courte_astronaute_planete_guitare_fantome -> {'key': 'courte_astronaute_planete_guitare_fantome', 'text': 'OK', 'images': '2/5', 'audio': '4/5'}
[02:39:45] 
*** [10/243] courte_astronaute_chateau_baguette_monstre  (elapsed 2.5h)
[02:39:45] 
======================================================================
>>> START : courte_astronaute_chateau_baguette_monstre
======================================================================
[02:39:45]   voix pour ce niveau (courte) : fr-FR-Neural2-A
[02:39:45]   TEXTE : generation Gemini Pro...
[02:40:27]     OK : 'Léa et le Gardien des Étoiles' (5 pages)
[02:40:27]   IMAGES : 5 pages a generer/verifier
[02:40:50]     [1/5] image OK (n/a)
[02:41:29]     [2/5] image KO : ['Etoile (the wand) does not match its canonical description (golden instead of honey-brown wood, missing red ribbon).']
[02:41:29]       retry image 2/5
[02:42:08]     [2/5] image KO : ['Grobi is standing still and not a blur of motion dashing away.', 'The stained-glass windows are not broken as described in the prompt and canon.']
[02:42:08]       retry image 3/5
[02:43:04]     [2/5] image KO : ['Grobi is standing still and facing Lea, not a blur of motion dashing away into a dark corridor as described.', "Grobi's horns are significantly larger and golden, not short and curved as specified in the reference.", "Lea's helmet is plain white, lacking the golden star decoration mentioned in her reference."]
[02:43:04]       retry image 4/5
[02:43:58]     [2/5] image KO : ["Grobi's horns are incorrect (long, golden instead of short, curved).", 'The magical wand (Etoile) design is incorrect (short, simple, missing details).', 'Grobi is standing still, facing Lea, instead of being a blur of motion, dashing away into a dark corridor.']
[02:43:58]       retry image 5/5
[02:44:58]     [2/5] image KO : ["The wand Grobi is holding does not match Etoile's description (missing swirling carvings and red ribbon).", "Grobi is not depicted as a 'blur of motion' and is not dashing 'into a dark corridor'.", 'The castle interior illogically shows an exterior castle structure inside the grand hall.']
[02:44:58]     [2/5] IMAGE ECHEC apres retries
[02:46:02]     [3/5] image KO : ["Grobi's horns are purple instead of golden/brown.", "Grobi's tail shape does not match the reference portrait."]
[02:46:02]       retry image 2/5
[02:46:56]     [3/5] image KO : ["Grobi's horns are longer and more ram-like than the 'short curved horns' specified in the reference.", "Grobi is turned towards Lea, not 'disappearing from view' or 'rounding a corner' as described in the prompt."]
[02:46:56]       retry image 3/5
[02:48:19]     [3/5] image KO : ['Grobi is not disappearing from view farther down the stairs, but is prominent in the foreground facing Lea.']
[02:48:19]       retry image 4/5
[02:49:04]     [3/5] image KO : ['Grobi is sitting on the stairs, facing Lea, instead of disappearing around a corner.', "Grobi is too close to Lea, not 'farther down the stairs' as described."]
[02:49:04]       retry image 5/5
[02:49:50]     [3/5] image KO : ['Grobi is not disappearing around a corner; he is sitting next to Lea, fully visible.']
[02:49:50]     [3/5] IMAGE ECHEC apres retries
[02:50:54]     [4/5] image OK (n/a)
[02:51:56]     [5/5] image KO : ["Lea and Grobi are not holding the wand together, nor is Lea's hand covering Grobi's paw, as described."]
[02:51:56]       retry image 2/5
[02:53:26]     [5/5] image KO : ['Lea is holding the wand alone, not together with Grobi as described.', "Lea's hand is not covering Grobi's paw."]
[02:53:26]       retry image 3/5
[02:54:02]     [5/5] image KO : ["Grobi's horns are not consistent with the reference portrait (too small, not curved).", "Lea and Grobi are not holding the wand together, and Lea's hand is not covering Grobi's paw as described in the prompt."]
[02:54:02]       retry image 4/5
[02:55:03]     [5/5] image KO : ["Grobi's horns are not consistent with the reference (multiple spiky horns instead of two short curved horns).", 'Lea and Grobi are not holding the wand together; Lea holds it alone.', 'Grobi is not looking up at the sky/star with wonder.']
[02:55:03]       retry image 5/5
[02:55:51]     [5/5] image KO : ['Etoile (wand) design drift (missing wood details, ribbon)', 'Lea and Grobi are not holding the wand together', "Lea's hand is not covering Grobi's paw"]
[02:55:51]     [5/5] IMAGE ECHEC apres retries
[02:56:03]   IMAGES bilan : 2 OK, 3 fail
[02:56:03]   AUDIO : 5 MP3s a generer/verifier
[02:56:17]     [1/5] audio OK (100%)
[02:56:37]     [2/5] audio KO (99%) wrong=['Et'] missing=['Hé']
[02:56:37]       retry audio 2/3
[02:56:47]     [2/5] audio OK (100%)
[02:57:03]     [3/5] audio OK (100%)
[02:57:16]     [4/5] audio OK (100%)
[02:57:31]     [5/5] audio OK (100%)
[02:57:33]   AUDIO bilan : 5 OK, 0 fail
[02:57:33] <<< END : courte_astronaute_chateau_baguette_monstre -> {'key': 'courte_astronaute_chateau_baguette_monstre', 'text': 'OK', 'images': '2/5', 'audio': '5/5'}
[02:57:33] 
*** [11/243] courte_astronaute_chateau_baguette_robot  (elapsed 2.8h)
[02:57:33] 
======================================================================
>>> START : courte_astronaute_chateau_baguette_robot
======================================================================
[02:57:33]   voix pour ce niveau (courte) : fr-FR-Neural2-A
[02:57:33]   TEXTE : generation Gemini Pro...
[02:58:08]     OK : 'Léa et le Robot aux Larmes d'Étoiles' (5 pages)
[02:58:08]   IMAGES : 5 pages a generer/verifier
[02:58:36]     [1/5] image KO : ['Lea is holding her helmet instead of wearing it as described in the prompt.', 'Castle windows are not broken and do not show a warm magical glow.', "Lea's helmet lacks the canonical golden star decoration."]
[02:58:36]       retry image 2/5
[02:59:00]     [1/5] image KO : ["Léa is holding her helmet instead of wearing it as implied by 'under her glass helmet'.", 'The castle windows do not show a warm magical glow and are not broken.']
[02:59:00]       retry image 3/5
[02:59:44]     [1/5] image KO : ["Belmondrie's windows are not broken and lack a warm magical glow as described in the prompt."]
[02:59:44]       retry image 4/5
[03:00:45]     [1/5] image OK (n/a)
[03:01:52]     [2/5] image OK (n/a)
[03:02:38]     [3/5] image KO : ["Bipboup's design is significantly different from the reference: it has two eyes and a mouth instead of a single screen-eye, and hands instead of pincer arms."]
[03:02:38]       retry image 2/5
[03:04:07]     [3/5] image OK (n/a)
[03:04:53]     [4/5] image KO : ["Bipboup's body is white/light grey instead of silver and lacks rivets", 'Bipboup has hands instead of mechanical pincer arms']
[03:04:53]       retry image 2/5
[03:05:42]     [4/5] image KO : ["Bipboup's design is inconsistent with reference (wrong color, body texture, arms, antennas)"]
[03:05:42]       retry image 3/5
[03:06:36]     [4/5] image OK (n/a)
[03:07:41]     [5/5] image KO : ["Bipboup's antennas lack glowing yellow light bulbs, and his eye is not a screen-eye showing a winking star.", "The wand 'Etoile' is missing its specified wooden texture, swirling carvings, and red ribbon.", "Lea's space suit lacks the specified red and blue shoulder patches."]
[03:07:41]       retry image 2/5
[03:08:40]     [5/5] image OK (n/a)
[03:08:52]   IMAGES bilan : 5 OK, 0 fail
[03:08:52]   AUDIO : 5 MP3s a generer/verifier
[03:09:04]     [1/5] audio OK (100%)
[03:09:20]     [2/5] audio OK (100%)
[03:09:48]     [3/5] audio KO (98%) wrong=['Z', 'I', 'I'] missing=['ZIIIP', 'Hé']
[03:09:48]       retry audio 2/3
[03:10:14]     [3/5] audio KO (99%) wrong=['ZIIIP'] missing=[]
[03:10:14]       retry audio 3/3
[03:10:44]     [3/5] audio KO (98%) wrong=['Z', 'I', 'I'] missing=['ZIIIP', 'Hé']
[03:11:28]     [4/5] audio KO (97%) wrong=['Bip', 'bou', "l'étoile"] missing=['Bipboup', 'Étoile', 'œil-écran']
[03:11:28]       retry audio 2/3
[03:12:20]     [4/5] audio KO (92%) wrong=['cul', 'de', 'sac'] missing=['cul-de-sac', 'Bipboup', "d'"]
[03:12:20]       retry audio 3/3
[03:13:04]     [4/5] audio KO (95%) wrong=['cul', 'de', 'sac'] missing=['cul-de-sac', 'Bipboup', 'Étoile']
[03:13:20]     [5/5] audio OK (100%)
[03:13:22]   AUDIO bilan : 3 OK, 2 fail
[03:13:22] <<< END : courte_astronaute_chateau_baguette_robot -> {'key': 'courte_astronaute_chateau_baguette_robot', 'text': 'OK', 'images': '5/5', 'audio': '3/5'}
[03:13:22] 
*** [12/243] courte_astronaute_chateau_baguette_fantome  (elapsed 3.0h)
[03:13:22] 
======================================================================
>>> START : courte_astronaute_chateau_baguette_fantome
======================================================================
[03:13:22]   voix pour ce niveau (courte) : fr-FR-Neural2-A
[03:13:22]   TEXTE : generation Gemini Pro...
[03:14:02]     OK : 'Léa et le Fantôme de Belmondrie' (5 pages)
[03:14:02]   IMAGES : 5 pages a generer/verifier
[03:14:22]     [1/5] image OK (n/a)
[03:14:57]     [2/5] image OK (n/a)
[03:15:38]     [3/5] image KO : ["Lea is holding the magical wand instead of reaching for it, which fundamentally changes the scene's core action and the intended interaction with Maître Otho.", "Maître Otho does not resemble an 'old craftsman' with an apron outline or have 'kind pale grey eyes'; he appears as a generic sheet ghost with black dot eyes.", 'Belmondrie castle lacks key canonical details such as ivy on crumbling walls, broken windows showing a warm magical glow inside, appearing too pristine.']
[03:15:38]       retry image 2/5
[03:16:34]     [3/5] image KO : ['Lea is holding the wand instead of reaching for it.', 'Maître Otho is not positioned between Lea and the wand.', "Maître Otho's expression is not sad."]
[03:16:34]       retry image 3/5
[03:17:29]     [3/5] image KO : ['Etoile (the wand) does not match its canonical description (missing wood texture, carvings, red ribbon).', 'Lea is holding the wand, not reaching for it, and Maître Otho is not positioned between her and the wand.', 'Maître Otho has a gentle smile instead of a sad expression, altering the intended mood.']
[03:17:29]       retry image 4/5
[03:19:03]     [3/5] image KO : ['The magical wand (Etoile) is generic and lacks key canonical details like the red ribbon and swirling carvings.', "Lea is holding the wand instead of reaching for it, which is a major deviation from the scene's described action.", "Maître Otho has a gentle smile instead of the 'sad expression' requested for the scene, altering the intended mood."]
[03:19:03]       retry image 5/5
[03:19:40]     [3/5] image KO : ["Maitre Otho's appearance is too generic and cute, lacking the specific 'old craftsman' features, kind pale grey eyes, and sad expression from the reference and prompt.", 'The magical wand (Etoile) is a generic star wand, missing the specific details (honey-brown wood, swirling carvings, red ribbon) from its reference.', 'Lea is holding the wand instead of reaching for it, and Maitre Otho is not positioned between Lea and the wand as described in the prompt.']
[03:19:40]     [3/5] IMAGE ECHEC apres retries
[03:20:41]     [4/5] image KO : ['Maître Otho is missing from the scene.', 'The emotional interaction between Léa and Maître Otho is not depicted.', 'The scene is not a close-up on both characters as Maître Otho is absent.']
[03:20:41]       retry image 2/5
[03:21:34]     [4/5] image KO : ["Maitre Otho's appearance significantly differs from reference portrait (more human-like, less ethereal/translucent, missing apron detail).", 'Wand (Etoile) is missing key details (swirling carvings, red ribbon).', "Maître Otho's actions/expression and the background are not as described in the prompt (no sad expression, no glowing chest, background not soft/out of focus)."]
[03:21:34]       retry image 3/5
[03:23:00]     [4/5] image KO : ['Maître Otho is not depicted as a translucent ghost; he appears as a solid old man.', 'Maître Otho lacks the ethereal blue-white glow and faded apron outline specified in his canon description.']
[03:23:00]       retry image 4/5
[03:23:31]     [4/5] image KO : ['Maître Otho is depicted as a human old man, not a translucent ghost.', 'Maître Otho lacks his ethereal blue-white glow and faded outline of an apron.']
[03:23:31]       retry image 5/5
[03:24:57]     [4/5] image KO : ['Maître Otho (the ghost) is completely missing from the scene.', 'The described emotional interaction between Lea and Maître Otho is not depicted.', 'The wand (Etoile) is inconsistent with its reference (missing ribbon, carvings, and different wood color).']
[03:24:57]     [4/5] IMAGE ECHEC apres retries
[03:25:37]     [5/5] image OK (n/a)
[03:25:49]   IMAGES bilan : 3 OK, 2 fail
[03:25:49]   AUDIO : 5 MP3s a generer/verifier
[03:26:08]     [1/5] audio OK (100%)
[03:26:19]     [2/5] audio OK (100%)
[03:26:36]     [3/5] audio KO (99%) wrong=['Ma'] missing=[]
[03:26:36]       retry audio 2/3
[03:26:55]     [3/5] audio KO (99%) wrong=['Ma'] missing=[]
[03:26:55]       retry audio 3/3
[03:27:09]     [3/5] audio KO (98%) wrong=['Ma'] missing=['Le']
[03:27:34]     [4/5] audio OK (100%)
[03:27:59]     [5/5] audio KO (99%) wrong=['Mon'] missing=['Le']
[03:27:59]       retry audio 2/3
[03:28:20]     [5/5] audio KO (99%) wrong=['Mon'] missing=['Le']
[03:28:20]       retry audio 3/3
[03:28:40]     [5/5] audio KO (99%) wrong=['Mon'] missing=['Le']
[03:28:42]   AUDIO bilan : 3 OK, 2 fail
[03:28:42] <<< END : courte_astronaute_chateau_baguette_fantome -> {'key': 'courte_astronaute_chateau_baguette_fantome', 'text': 'OK', 'images': '3/5', 'audio': '3/5'}
[03:28:42] 
*** [13/243] courte_astronaute_chateau_skateboard_monstre  (elapsed 3.3h)
[03:28:42] 
======================================================================
>>> START : courte_astronaute_chateau_skateboard_monstre
======================================================================
[03:28:42]   voix pour ce niveau (courte) : fr-FR-Neural2-A
[03:28:42]   TEXTE : generation Gemini Pro...
[03:29:22]     OK : 'Léa et le Gardien des Étoiles Brisées' (5 pages)
[03:29:22]   IMAGES : 5 pages a generer/verifier
[03:29:49]     [1/5] image KO : ['Scene is set during the day instead of twilight.', 'Lea is not looking up at the castle in awe.', 'Castle walls are not crumbling and windows are not broken as described.']
[03:29:49]       retry image 2/5
[03:31:08]     [1/5] image OK (n/a)
[03:31:39]     [2/5] image OK (n/a)
[03:32:25]     [3/5] image KO : ["Grobi's horns are significantly larger and more ram-like than described and shown in the reference portrait, and are golden/brown."]
[03:32:25]       retry image 2/5
[03:32:53]     [3/5] image KO : ["Grobi's horns are large and ram-like, not short and curved as per canon.", "Lea's space suit is missing red and blue shoulder patches.", "Lea's helmet, a canonical accessory, is not present in the scene."]
[03:32:53]       retry image 3/5
[03:34:15]     [3/5] image KO : ["Grobi's horns are significantly different from the reference portrait (large ram-like instead of short curved)."]
[03:34:15]       retry image 4/5
[03:35:10]     [3/5] image KO : ["Grobi's horns are large and ram-like, not short and curved as per canon."]
[03:35:10]       retry image 5/5
[03:36:33]     [3/5] image KO : ["Grobi's horns are long and ram-like, not short and curved as per canon."]
[03:36:33]     [3/5] IMAGE ECHEC apres retries
[03:37:11]     [4/5] image KO : ["Grobi's horns are golden and ridged, which does not match the reference image's color and texture."]
[03:37:11]       retry image 2/5
[03:37:56]     [4/5] image OK (n/a)
[03:38:59]     [5/5] image KO : ["Lea's hair is not in two small buns as specified in her canonical description.", 'The skateboard is missing golden lightning bolt patterns and its wheels are not neon-pink glowing.']
[03:38:59]       retry image 2/5
[03:39:54]     [5/5] image OK (n/a)
[03:40:06]   IMAGES bilan : 4 OK, 1 fail
[03:40:06]   AUDIO : 5 MP3s a generer/verifier
[03:40:21]     [1/5] audio OK (100%)
[03:40:39]     [2/5] audio OK (100%)
[03:40:53]     [3/5] audio OK (100%)
[03:41:20]     [4/5] audio KO (99%) wrong=["n'était"] missing=[]
[03:41:20]       retry audio 2/3
[03:41:34]     [4/5] audio OK (100%)
[03:41:51]     [5/5] audio OK (100%)
[03:41:53]   AUDIO bilan : 5 OK, 0 fail
[03:41:53] <<< END : courte_astronaute_chateau_skateboard_monstre -> {'key': 'courte_astronaute_chateau_skateboard_monstre', 'text': 'OK', 'images': '4/5', 'audio': '5/5'}
[03:41:53] 
*** [14/243] courte_astronaute_chateau_skateboard_robot  (elapsed 3.5h)
[03:41:53] 
======================================================================
>>> START : courte_astronaute_chateau_skateboard_robot
======================================================================
[03:41:53]   voix pour ce niveau (courte) : fr-FR-Neural2-A
[03:41:53]   TEXTE : generation Gemini Pro...
[03:42:32]     OK : 'Léa et le Gardien des Étoiles Perdues' (5 pages)
[03:42:32]   IMAGES : 5 pages a generer/verifier
[03:43:05]     [1/5] image KO : ["Lea's distinct helmet, mentioned in her description and the scene prompt, is missing from the image."]
[03:43:05]       retry image 2/5
[03:43:43]     [1/5] image KO : ['Fusee (skateboard) is missing key magical details: golden lightning bolt patterns, neon-pink glowing wheels, and holographic shimmer.', 'Belmondrie (castle) lacks specified details: crumbling walls and broken windows showing a warm magical glow, appearing too pristine.']
[03:43:43]       retry image 3/5
[03:44:07]     [1/5] image OK (n/a)
[03:45:09]     [2/5] image OK (n/a)
[03:46:17]     [3/5] image OK (n/a)
[03:46:59]     [4/5] image OK (n/a)
[03:47:59]     [5/5] image OK (n/a)
[03:48:11]   IMAGES bilan : 5 OK, 0 fail
[03:48:11]   AUDIO : 5 MP3s a generer/verifier
[03:48:27]     [1/5] audio OK (100%)
[03:48:41]     [2/5] audio OK (100%)
[03:48:57]     [3/5] audio OK (100%)
[03:49:20]     [4/5] audio KO (98%) wrong=['Biiiiip', 'Le'] missing=[]
[03:49:20]       retry audio 2/3
[03:49:43]     [4/5] audio KO (99%) wrong=['Bip'] missing=[]
[03:49:43]       retry audio 3/3
[03:50:01]     [4/5] audio KO (99%) wrong=['Bip'] missing=[]
[03:50:23]     [5/5] audio OK (100%)
[03:50:25]   AUDIO bilan : 4 OK, 1 fail
[03:50:25] <<< END : courte_astronaute_chateau_skateboard_robot -> {'key': 'courte_astronaute_chateau_skateboard_robot', 'text': 'OK', 'images': '5/5', 'audio': '4/5'}
[03:50:25] 
*** [15/243] courte_astronaute_chateau_skateboard_fantome  (elapsed 3.7h)
[03:50:25] 
======================================================================
>>> START : courte_astronaute_chateau_skateboard_fantome
======================================================================
[03:50:25]   voix pour ce niveau (courte) : fr-FR-Neural2-A
[03:50:25]   TEXTE : generation Gemini Pro...
[03:51:08]     OK : 'Léa et le Gardien des Étoiles Perdues' (5 pages)
[03:51:08]   IMAGES : 5 pages a generer/verifier
[03:51:34]     [1/5] image OK (n/a)
[03:52:10]     [2/5] image OK (n/a)
[03:52:52]     [3/5] image KO : ["Lea's helmet is not on, despite the prompt stating 'her helmet on'.", "Maître Otho's hand is clearly holding the bird, not passing through it as described.", "The bird appears to be a live, unbroken bird, not a 'broken wooden bird'."]
[03:52:52]       retry image 2/5
[03:53:48]     [3/5] image KO : ["Léa's helmet is not on her head as specified in the prompt.", "Maître Otho's hand is holding the bird, not passing through it."]
[03:53:48]       retry image 3/5
[03:54:38]     [3/5] image OK (n/a)
[03:55:42]     [4/5] image KO : ["Maître Otho's apron is solid and distinct, not a faded outline, making him appear less translucent and ethereal than described."]
[03:55:42]       retry image 2/5
[03:56:42]     [4/5] image KO : ['Missing or unclear depiction of the large, intricate, broken music box Maitre Otho is gesturing towards.']
[03:56:42]       retry image 3/5
[03:57:38]     [4/5] image OK (n/a)
[03:58:46]     [5/5] image KO : ['Maitre Otho is not translucent or ethereal blue-white as per canon, appearing solid.', "Maitre Otho's eyes are dark, not pale grey.", "Maitre Otho lacks the faded outline of an old craftsman's apron."]
[03:58:46]       retry image 2/5
[03:59:44]     [5/5] image KO : ["Maitre Otho does not appear shaped like an old craftsman and lacks the faded outline of an old craftsman's apron.", "Maitre Otho's glow is blue-white, not the specified 'warm, peaceful golden light' for the scene.", "Fusee (skateboard) is missing 'golden lightning bolt patterns' on its deck."]
[03:59:44]       retry image 3/5
[04:00:37]     [5/5] image KO : ["Maitre Otho's appearance does not match reference (missing craftsman shape, apron outline, specific eye color)"]
[04:00:37]       retry image 4/5
[04:02:11]     [5/5] image KO : ["Maître Otho's appearance deviates significantly from the reference: he has dark eyes instead of pale grey, a solid brown apron instead of a faded outline, and lacks the ethereal blue-white glow and distinct craftsman shape.", 'Fusee (the skateboard) is missing the golden lightning bolt patterns and holographic shimmer along its edges as specified in the canon.']
[04:02:11]       retry image 5/5
[04:02:46]     [5/5] image KO : ["Lea's helmet has a globe pattern instead of golden stars.", 'Fusee (skateboard) is missing golden lightning bolt patterns.', "Maitre Otho's eyes are black dots instead of pale grey."]
[04:02:46]     [5/5] IMAGE ECHEC apres retries
[04:02:58]   IMAGES bilan : 4 OK, 1 fail
[04:02:58]   AUDIO : 5 MP3s a generer/verifier
[04:03:14]     [1/5] audio OK (100%)
[04:03:39]     [2/5] audio OK (100%)
[04:04:03]     [3/5] audio OK (100%)
[04:04:16]     [4/5] audio OK (100%)
[04:04:38]     [5/5] audio OK (100%)
[04:04:40]   AUDIO bilan : 5 OK, 0 fail
[04:04:40] <<< END : courte_astronaute_chateau_skateboard_fantome -> {'key': 'courte_astronaute_chateau_skateboard_fantome', 'text': 'OK', 'images': '4/5', 'audio': '5/5'}
[04:04:40] 
*** [16/243] courte_astronaute_chateau_guitare_monstre  (elapsed 3.9h)
[04:04:40] 
======================================================================
>>> START : courte_astronaute_chateau_guitare_monstre
======================================================================
[04:04:40]   voix pour ce niveau (courte) : fr-FR-Neural2-A
[04:04:40]   TEXTE : generation Gemini Pro...
[04:05:23]     OK : 'Léa et la Guitare des sept silences' (5 pages)
[04:05:23]   IMAGES : 5 pages a generer/verifier
[04:05:50]     [1/5] image OK (n/a)
[04:06:30]     [2/5] image KO : ['The Guitar of Seven Silences does not appear to be made of translucent pale crystal; it looks like a solid, colored guitar.']
[04:06:30]       retry image 2/5
[04:07:01]     [2/5] image OK (n/a)
[04:08:10]     [3/5] image KO : ["The 'Guitare des sept silences' does not appear to have a translucent pale crystal body; it looks like a glowing wooden guitar.", "Grobi's posture does not convey 'defensive' or 'protective' as described in the prompt; he appears more welcoming.", "Lea's space suit is missing the specified red and blue shoulder patches, and her hair is not curly."]
[04:08:10]       retry image 2/5
[04:09:00]     [3/5] image KO : ['The crystal guitar is depicted as a glowing wooden guitar, not a translucent pale crystal body.']
[04:09:00]       retry image 3/5
[04:09:57]     [3/5] image KO : ['The guitar is depicted as a standard wooden acoustic guitar instead of a translucent pale crystal body.', "Grobi's posture is not defensive; he is holding the guitar rather than standing protectively in front of it.", 'Lea is standing directly next to Grobi and the guitar, not a few feet away.']
[04:09:57]       retry image 4/5
[04:11:01]     [3/5] image KO : ['The guitar is a standard wooden acoustic guitar, not the described glowing crystal guitar.', 'Grobi is sitting and holding the guitar, not standing protectively in front of it with a defensive posture.']
[04:11:01]       retry image 5/5
[04:11:51]     [3/5] image KO : ['Grobi is playing a wooden guitar instead of standing protectively in front of the glowing crystal guitar with a defensive posture.', 'The guitar is a standard wooden acoustic guitar, not the described translucent pale crystal guitar that glows.']
[04:11:51]     [3/5] IMAGE ECHEC apres retries
[04:12:58]     [4/5] image KO : ['The guitar is a standard acoustic guitar, not a translucent pale crystal guitar as described in the canon.']
[04:12:58]       retry image 2/5
[04:14:06]     [4/5] image KO : ['The guitar is not a translucent crystal guitar with magical reflections/glow; it appears to be a standard wooden acoustic guitar.', "Grobi's expression is a wide, friendly smile, which contradicts the prompt's request for 'eyes filled with sadness'."]
[04:14:06]       retry image 3/5
[04:15:09]     [4/5] image KO : ['The crystal guitar does not match its canonical description; it appears to be a standard acoustic guitar rather than translucent crystal and glowing.', 'The castle (Belmondrie) is present in the background, but it was not requested in the scene prompt.', "Lea's space suit is missing the blue shoulder patch, only red is visible."]
[04:15:09]       retry image 4/5
[04:16:07]     [4/5] image KO : ["The guitar is a standard acoustic guitar, not the canonical 'crystal guitar' with a translucent body and glowing reflections.", "The image is not a close-up focusing on Grobi's eyes; the composition is too wide.", 'The castle (Belmondrie) is present in the background, but it was not requested in the prompt for this scene.']
[04:16:07]       retry image 5/5
[04:16:36]     [4/5] image KO : ['Guitar is a standard acoustic guitar, not a crystal guitar as described in canon', "Image is not a close-up shot focusing on Grobi's eyes; it's a medium shot", "Lea's appearance (hair, suit details) does not match reference"]
[04:16:36]     [4/5] IMAGE ECHEC apres retries
[04:17:19]     [5/5] image KO : ['The crystal guitar does not appear translucent or crystal-like, resembling a magical wooden guitar instead.']
[04:17:19]       retry image 2/5
[04:17:53]     [5/5] image KO : ["The guitar is a standard acoustic guitar, not the specified 'translucent pale crystal' 'Guitare des sept silences'.", 'Lea is holding the guitar as if playing it, not handing it to Grobi.', "The musical notes are standard, not a 'single shimmering, bright particle of light'."]
[04:17:53]       retry image 3/5
[04:19:22]     [5/5] image KO : ['Lea is playing the guitar instead of handing it to Grobi.', 'The guitar is a standard acoustic guitar, not the described translucent crystal guitar.', 'Grobi is not actively reaching for the guitar with his paws.']
[04:19:22]       retry image 4/5
[04:19:45]     [5/5] image KO : ["The guitar is a standard acoustic guitar, not the 'Guitare des sept silences' (translucent crystal, glowing).", 'Lea is playing the guitar, not handing it to Grobi.', 'Grobi is not reaching for the guitar.']
[04:19:45]       retry image 5/5
[04:21:12]     [5/5] image KO : ['The guitar is a standard wooden acoustic guitar, not the specified crystal guitar.', 'Lea is playing the guitar, not handing it to Grobi.', 'Grobi is not reaching for the guitar.']
[04:21:12]     [5/5] IMAGE ECHEC apres retries
[04:21:24]   IMAGES bilan : 2 OK, 3 fail
[04:21:24]   AUDIO : 5 MP3s a generer/verifier
[04:21:47]     [1/5] audio OK (100%)
[04:22:06]     [2/5] audio OK (100%)
[04:22:26]     [3/5] audio OK (100%)
[04:22:45]     [4/5] audio OK (100%)
[04:23:02]     [5/5] audio OK (100%)
[04:23:04]   AUDIO bilan : 5 OK, 0 fail
[04:23:04] <<< END : courte_astronaute_chateau_guitare_monstre -> {'key': 'courte_astronaute_chateau_guitare_monstre', 'text': 'OK', 'images': '2/5', 'audio': '5/5'}
[04:23:04] 
*** [17/243] courte_astronaute_chateau_guitare_robot  (elapsed 4.2h)
[04:23:04] 
======================================================================
>>> START : courte_astronaute_chateau_guitare_robot
======================================================================
[04:23:04]   voix pour ce niveau (courte) : fr-FR-Neural2-A
[04:23:04]   TEXTE : generation Gemini Pro...
[04:23:46]     OK : 'Léa et le Silence de Bipboup' (5 pages)
[04:23:46]   IMAGES : 5 pages a generer/verifier
[04:24:10]     [1/5] image OK (n/a)
[04:24:47]     [2/5] image KO : ['The guitar is not translucent crystal as described in the canon and prompt; it appears to be a standard wooden guitar.']
[04:24:47]       retry image 2/5
[04:25:16]     [2/5] image KO : ["The 'Guitare des sept silences' does not appear to be translucent crystal or glowing softly from within as described in the canon and prompt. It looks like a standard, opaque wooden guitar."]
[04:25:16]       retry image 3/5
[04:26:47]     [2/5] image KO : ['The guitar is not translucent crystal as described; it appears to be a standard wooden guitar.']
[04:26:47]       retry image 4/5
[04:27:12]     [2/5] image KO : ['The guitar is not translucent crystal as described in the canon and prompt; it appears to be a solid, light-colored acoustic guitar.']
[04:27:12]       retry image 5/5
[04:28:40]     [2/5] image KO : ["The 'Guitare des sept silences' is depicted as a standard wooden acoustic guitar, not a translucent pale crystal body as specified.", 'The scene shows two guitars (one held by Lea, one on the pedestal), instead of Lea interacting with the single specified crystal guitar on the pedestal.']
[04:28:40]     [2/5] IMAGE ECHEC apres retries
[04:29:22]     [3/5] image KO : ['The guitar is not a translucent pale crystal guitar; it appears to be a glowing wooden guitar.', "Lea's helmet is worn, but the reference states it should be decorated with golden stars, which are not visible."]
[04:29:22]       retry image 2/5
[04:30:20]     [3/5] image KO : ["The core action of Bipboup 'snatching' the guitar is not depicted; it looks like a friendly interaction.", "Bipboup's eye is not a screen-eye showing an emoticon, and its arms are not mechanical pincers.", 'The guitar is not a translucent crystal guitar.']
[04:30:20]       retry image 3/5
[04:31:20]     [3/5] image KO : ['Bipboup does not have mechanical pincer arms, but hands.', 'The guitar does not appear to be made of translucent pale crystal.', "Bipboup's eye shows a smile, not a mischievous/panicked emoticon."]
[04:31:20]       retry image 4/5
[04:32:17]     [3/5] image KO : ['The guitar is a standard wooden acoustic guitar, not a translucent, crystal, or glowing one as specified.', "The scene does not depict 'snatching' or dynamic action; Bipboup is holding the guitar, and Lea is reacting, not having just had it taken.", "Bipboup's eye is a simple smile, not a 'mischievous/panicked emoticon'."]
[04:32:17]       retry image 5/5
[04:33:14]     [3/5] image KO : ['Bipboup has hands instead of mechanical pincer arms.', 'The guitar is a standard acoustic guitar, not a glowing crystal guitar.', 'The scene is static, not a dynamic snatching action as described in the prompt.']
[04:33:14]     [3/5] IMAGE ECHEC apres retries
[04:34:20]     [4/5] image KO : ['The guitar is a standard acoustic guitar, not the specified glowing crystal guitar.', "Bipboup's arms are not mechanical pincers as described in the canon."]
[04:34:20]       retry image 2/5
[04:35:17]     [4/5] image KO : ["The 'Guitare des sept silences' is depicted as a standard wooden acoustic guitar, not a translucent, glowing crystal instrument as described in the canon and prompt."]
[04:35:17]       retry image 3/5
[04:36:43]     [4/5] image KO : ['The guitar is a standard wooden acoustic guitar, not a translucent pale crystal guitar that glows.']
[04:36:43]       retry image 4/5
[04:37:13]     [4/5] image KO : ["Bipboup's design (arms, body) does not match reference", 'The guitar is not the crystal guitar described in the reference']
[04:37:13]       retry image 5/5
[04:38:43]     [4/5] image KO : ["Bipboup's arms are not mechanical pincers as described in the canon.", 'The guitar is not translucent crystal; it appears to be a standard acoustic guitar.']
[04:38:43]     [4/5] IMAGE ECHEC apres retries
[04:39:22]     [5/5] image KO : ["The guitar is not the described 'crystal guitar' but a standard acoustic guitar.", "Lea is playing the guitar instead of patting Bipboup's head.", "Bipboup's arms are not pincer arms as described."]
[04:39:22]       retry image 2/5
[04:40:19]     [5/5] image KO : ['The guitar is a standard wooden acoustic guitar, not the translucent crystal guitar described in the canon.', "Lea is playing the guitar, not patting Bipboup's head as specified in the prompt.", 'The guitar is not glowing brightly, and is not resting between the characters.']
[04:40:19]       retry image 3/5
[04:41:13]     [5/5] image KO : ['The guitar is a standard wooden acoustic guitar, not the specified translucent pale crystal guitar.', "The guitar is not glowing brightly, and the room's warm, magical glow does not emanate from it.", "Lea is playing the guitar, not patting Bipboup's head as described in the prompt."]
[04:41:13]       retry image 4/5
[04:42:45]     [5/5] image KO : ["The guitar is a standard wooden acoustic guitar, not the specified 'crystal guitar' that glows.", "Lea is actively playing the guitar with both hands, instead of having one hand on the strings and the other patting Bipboup's head.", 'Bipboup is patting its own head, not being patted by Lea.']
[04:42:45]       retry image 5/5
[04:43:24]     [5/5] image KO : ['The guitar is a standard acoustic guitar, not the described crystal guitar.', "Lea is playing the guitar, not patting Bipboup's head.", 'The guitar is not glowing or resting between them as described.']
[04:43:24]     [5/5] IMAGE ECHEC apres retries
[04:43:36]   IMAGES bilan : 1 OK, 4 fail
[04:43:36]   AUDIO : 5 MP3s a generer/verifier
[04:43:46]     [1/5] audio OK (100%)
[04:44:00]     [2/5] audio OK (100%)
[04:44:27]     [3/5] audio KO (99%) wrong=['que'] missing=["qu'effrayée"]
[04:44:27]       retry audio 2/3
[04:44:55]     [3/5] audio KO (99%) wrong=['que'] missing=["qu'effrayée"]
[04:44:55]       retry audio 3/3
[04:45:20]     [3/5] audio KO (99%) wrong=['que'] missing=["qu'effrayée"]
[04:45:41]     [4/5] audio KO (99%) wrong=['Ma'] missing=['Le']
[04:45:41]       retry audio 2/3
[04:45:58]     [4/5] audio KO (99%) wrong=['Ma'] missing=[]
[04:45:58]       retry audio 3/3
[04:46:11]     [4/5] audio KO (99%) wrong=['Ma'] missing=[]
[04:46:54]     [5/5] audio KO (99%) wrong=['Point'] missing=[]
[04:46:54]       retry audio 2/3
[04:47:11]     [5/5] audio KO (99%) wrong=['Point'] missing=[]
[04:47:11]       retry audio 3/3
[04:47:38]     [5/5] audio KO (99%) wrong=['Point'] missing=[]
[04:47:40]   AUDIO bilan : 2 OK, 3 fail
[04:47:40] <<< END : courte_astronaute_chateau_guitare_robot -> {'key': 'courte_astronaute_chateau_guitare_robot', 'text': 'OK', 'images': '1/5', 'audio': '2/5'}
[04:47:40] 
*** [18/243] courte_astronaute_chateau_guitare_fantome  (elapsed 4.6h)
[04:47:40] 
======================================================================
>>> START : courte_astronaute_chateau_guitare_fantome
======================================================================
[04:47:40]   voix pour ce niveau (courte) : fr-FR-Neural2-A
[04:47:40]   TEXTE : generation Gemini Pro...
[04:48:21]     OK : 'Léa et la Guitare des Sept Silences' (5 pages)
[04:48:21]   IMAGES : 5 pages a generer/verifier
[04:48:44]     [1/5] image KO : ["Lea's helmet is not on her head as specified in the prompt"]
[04:48:44]       retry image 2/5
[04:49:08]     [1/5] image KO : ["Lea's helmet is off, but the prompt specifies 'inside her glass helmet'."]
[04:49:08]       retry image 3/5
[04:50:00]     [1/5] image OK (n/a)
[04:51:04]     [2/5] image KO : ['The guitar is not translucent crystal as described in the canon and prompt; it appears to be a solid, light-colored acoustic guitar.']
[04:51:04]       retry image 2/5
[04:51:56]     [2/5] image KO : ['The guitar is not made of translucent crystal and does not glow softly from within as described.', "The guitar's strings do not show shimmering reflections."]
[04:51:56]       retry image 3/5
[04:52:48]     [2/5] image KO : ['The guitar is not made of translucent crystal as specified in the canon and prompt; it appears to be a standard wooden acoustic guitar.']
[04:52:48]       retry image 4/5
[04:54:11]     [2/5] image OK (n/a)
[04:54:55]     [3/5] image KO : ['The Guitare des sept silences is described as having a translucent pale crystal body, but the image shows a wooden acoustic guitar.']
[04:54:55]       retry image 2/5
[04:55:57]     [3/5] image KO : ['The crystal guitar is not translucent or crystal-like; it appears to be a standard opaque acoustic guitar.', "Maitre Otho's expression is not 'sad and pleading' as requested in the prompt, but rather neutral or surprised."]
[04:55:57]       retry image 3/5
[04:56:53]     [3/5] image KO : ["Maitre Otho's appearance is not translucent, lacks craftsman details, and has incorrect eye color/shape.", 'The crystal guitar is not translucent and crystal-like, appearing as a solid, glowing acoustic guitar.']
[04:56:53]       retry image 4/5
[04:58:18]     [3/5] image OK (n/a)
[04:58:59]     [4/5] image KO : ["Maitre Otho's appearance is significantly different from the reference (not translucent, wrong eyes, no apron, not ethereal).", 'The crystal guitar is depicted as a standard wooden guitar, not translucent or glowing as described.', "The characters' expressions and interactions do not match the 'poignant' scene, and the castle is present when not requested for this specific scene."]
[04:58:59]       retry image 2/5
[04:59:48]     [4/5] image KO : ['The Guitare des sept silences is described as having a translucent pale crystal body and glowing softly from within, but the image shows a standard wooden acoustic guitar.', 'The guitar does not appear to be glowing faintly as specified in the prompt.']
[04:59:48]       retry image 3/5
[05:01:14]     [4/5] image KO : ['Maitre Otho (the ghost) is completely missing from the scene.', 'The crystal guitar is depicted as a standard acoustic guitar, not translucent, crystal, or glowing.', 'The core interaction described in the prompt (Lea looking at Otho, Otho looking down sadly) is entirely absent.']
[05:01:14]       retry image 4/5
[05:02:05]     [4/5] image KO : ["The 'Guitare des sept silences' is depicted as a standard acoustic guitar, not a translucent pale crystal body glowing softly from within.", "Maitre Otho's appearance is too simplified and cute, lacking the 'old craftsman' details, specific pale grey eyes, and faded apron outline."]
[05:02:05]       retry image 5/5
[05:02:55]     [4/5] image KO : ['Maitre Otho is depicted as a solid human, not a translucent ghost as per canon.', 'The guitar is not made of crystal; it appears to be a standard wooden guitar.', "Maitre Otho's size and ethereal nature do not match the canonical description or reference."]
[05:02:55]     [4/5] IMAGE ECHEC apres retries
[05:03:58]     [5/5] image KO : ["Maitre Otho's appearance deviates significantly from the reference (generic ghost shape, black eyes, missing apron outline).", 'The guitar is not translucent crystal as described; it appears to be a wooden guitar.']
[05:03:58]       retry image 2/5
[05:04:53]     [5/5] image KO : ['The guitar is not a translucent crystal guitar as described; it appears to be a standard wooden acoustic guitar.', "Maitre Otho's appearance does not match the 'old craftsman' description or reference, particularly the eyes and lack of apron.", "Maitre Otho's hand is not on the guitar, and he is not dissolving into glowing particles of light, which are key narrative elements."]
[05:04:53]       retry image 3/5
[05:05:46]     [5/5] image KO : ["Maitre Otho does not match the 'old craftsman' description, lacking the apron outline and having large black eyes instead of pale grey.", "The guitar is not 'translucent pale crystal' but appears to be a glowing wooden acoustic guitar."]
[05:05:46]       retry image 4/5
[05:07:17]     [5/5] image KO : ["Maitre Otho's appearance (size, shape, eye color) deviates significantly from the reference.", 'The guitar is not translucent crystal and does not glow from within as described.']
[05:07:17]       retry image 5/5
[05:07:58]     [5/5] image KO : ['Maitre Otho does not resemble an old craftsman and is not dissolving into glowing particles as described.', 'The guitar is not translucent pale crystal; it appears to be a standard wooden acoustic guitar.']
[05:07:58]     [5/5] IMAGE ECHEC apres retries
[05:08:11]   IMAGES bilan : 3 OK, 2 fail
[05:08:11]   AUDIO : 5 MP3s a generer/verifier
[05:08:27]     [1/5] audio OK (100%)
[05:08:50]     [2/5] audio KO (96%) wrong=['tranche', 'guitare', 'sept'] missing=['tranches', 'Guitare', 'Sept']
[05:08:50]       retry audio 2/3
[05:10:02]     [2/5] audio KO (93%) wrong=['L intérieur', 'usée', 'belle'] missing=['de']
[05:10:02]       retry audio 3/3
[05:10:36]     [2/5] audio KO (87%) wrong=['L intérieur', 'du tout', 'couper'] missing=['plus', 'découper', 'Ses']
[05:10:55]     [3/5] audio KO (99%) wrong=["N'y"] missing=[]
[05:10:55]       retry audio 2/3
[05:11:11]     [3/5] audio KO (99%) wrong=['Ni'] missing=[]
[05:11:11]       retry audio 3/3
[05:12:54]     [3/5] audio KO (97%) wrong=["N'y", 'Maître Otho', 'Maître Otho'] missing=[]
[05:13:22]     [4/5] audio OK (100%)
[05:13:48]     [5/5] audio KO (99%) wrong=['maître'] missing=[]
[05:13:48]       retry audio 2/3
[05:14:10]     [5/5] audio OK (100%)
[05:14:12]   AUDIO bilan : 3 OK, 2 fail
[05:14:12] <<< END : courte_astronaute_chateau_guitare_fantome -> {'key': 'courte_astronaute_chateau_guitare_fantome', 'text': 'OK', 'images': '3/5', 'audio': '3/5'}
[05:14:12] 
*** [19/243] courte_astronaute_ocean_baguette_monstre  (elapsed 5.1h)
[05:14:12] 
======================================================================
>>> START : courte_astronaute_ocean_baguette_monstre
======================================================================
[05:14:12]   voix pour ce niveau (courte) : fr-FR-Neural2-A
[05:14:12]   TEXTE : generation Gemini Pro...
[05:14:42]     OK : 'Léa et le Chagrin d'Étoiles' (5 pages)
[05:14:42]   IMAGES : 5 pages a generer/verifier
[05:15:11]     [1/5] image OK (n/a)
[05:15:48]     [2/5] image KO : ["Mer d'Aural is too bright and sparkling, not 'dimmer' or 'dark around him' as described."]
[05:15:48]       retry image 2/5
[05:16:16]     [2/5] image OK (n/a)
[05:18:42]     [3/5] image OK (n/a)
[05:19:20]     [4/5] image KO : ["Lea's expression and gaze do not convey empathy towards Grobi, and she is not looking at him.", 'Grobi is not pointing one paw up towards the sky, which is a crucial narrative element for homesickness.', "Lea's wand is held upright, not lowered as described in the prompt."]
[05:19:20]       retry image 2/5
[05:20:28]     [4/5] image OK (n/a)
[05:21:18]     [5/5] image KO : ["Grobi's silhouette appears demonic/devilish, which is inconsistent with its 'cute fluffy monster' description and is not kid-safe.", "The wand 'Étoile' is missing the red ribbon and swirling carvings."]
[05:21:18]       retry image 2/5
[05:21:48]     [5/5] image KO : ["The scene is depicted during the day with a bright blue sky, contradicting the prompt's mention of 'night sky' and 'faint starlight reflecting on water'."]
[05:21:48]       retry image 3/5
[05:22:29]     [5/5] image KO : ['The scene is set during the day (blue sky, white clouds) instead of the night sky specified for the star pathway.', "Grobi's silhouette appears more demonic/threatening (pointed horns, pointed ears, tail) than the described 'cute purple fluffy monster' with a 'small rounded body' and 'friendly toothy smile'.", "Mer d'Aural is depicted as a bright daytime ocean, not the luminous, starlit night ocean described."]
[05:22:29]       retry image 4/5
[05:23:26]     [5/5] image KO : ["Grobi's silhouette is devil-like, not a cute fluffy monster as described in canon.", "The scene is set during the day with a blue sky, not 'night sky' as specified in the prompt.", "Grobi's devil-like silhouette is not appropriate for a 5-9 year old audience."]
[05:23:26]       retry image 5/5
[05:24:28]     [5/5] image KO : ["Grobi's silhouette is dark blue/black instead of purple, and its horns do not match the reference."]
[05:24:28]     [5/5] IMAGE ECHEC apres retries
[05:24:41]   IMAGES bilan : 4 OK, 1 fail
[05:24:41]   AUDIO : 5 MP3s a generer/verifier
[05:24:57]     [1/5] audio OK (100%)
[05:25:14]     [2/5] audio OK (100%)
[05:25:42]     [3/5] audio OK (100%)
[05:25:54]     [4/5] audio OK (100%)
[05:26:13]     [5/5] audio OK (100%)
[05:26:15]   AUDIO bilan : 5 OK, 0 fail
[05:26:15] <<< END : courte_astronaute_ocean_baguette_monstre -> {'key': 'courte_astronaute_ocean_baguette_monstre', 'text': 'OK', 'images': '4/5', 'audio': '5/5'}
[05:26:15] 
*** [20/243] courte_astronaute_ocean_baguette_robot  (elapsed 5.3h)
[05:26:15] 
======================================================================
>>> START : courte_astronaute_ocean_baguette_robot
======================================================================
[05:26:15]   voix pour ce niveau (courte) : fr-FR-Neural2-A
[05:26:15]   TEXTE : generation Gemini Pro...
[05:26:55]     OK : 'Léa et le Voleur de Lumière' (5 pages)
[05:26:55]   IMAGES : 5 pages a generer/verifier
[05:27:25]     [1/5] image KO : ['The magic wand (Etoile) does not match the canonical description, lacking honey-brown wood, swirling carvings, and a red ribbon.', "The Mer d'Aural is depicted as a large, crashing wave, which contradicts the 'serene and magical, luminous deep turquoise and aquamarine ocean scattered with bioluminescent sparkles' description. The specific color and gentle fish glints are also missing."]
[05:27:25]       retry image 2/5
[05:27:51]     [1/5] image KO : ['Ocean lacks specified luminous, deep turquoise color and bioluminescent sparkles.', 'Scene depicts daytime, not the implied night/twilight with starlight reflecting on water.']
[05:27:51]       retry image 3/5
[05:28:17]     [1/5] image OK (n/a)
[05:29:38]     [2/5] image KO : ["Léa is in the mid-ground/foreground and actively in the water, not 'in the background looking on' as described.", "Bipboup's arms are hands, not 'pincer arms' as described in the prompt's action.", "Bipboup is not clearly 'grabbing at the bioluminescent sparkles'."]
[05:29:38]       retry image 2/5
[05:30:31]     [2/5] image KO : ["Lea's space suit and helmet are missing canonical details (no red/blue shoulder patches, helmet is plain without golden stars).", 'Etoile (the wand) is missing canonical details (not honey-brown wood with swirling carvings, no red ribbon).', "Mer d'Aural (the water) lacks specific canonical details (not deep turquoise/aquamarine, no silver fish glints, no soft foam, bioluminescence is not distinct)."]
[05:30:31]       retry image 3/5
[05:31:25]     [2/5] image KO : ['Bipboup has hands instead of mechanical pincer arms as specified in the canon.']
[05:31:25]       retry image 4/5
[05:32:54]     [2/5] image KO : ['Bipboup has hands with fingers instead of mechanical pincer arms as specified in the canon.', 'Etoile (the wand) does not match the canonical description (missing honey-brown wood, swirling carvings, and red ribbon).']
[05:32:54]       retry image 5/5
[05:33:29]     [2/5] image KO : ["Bipboup's arms are depicted as human-like hands instead of mechanical pincers as described in the canon.", 'Bipboup is not shown grabbing at bioluminescent sparkles with pincers, which was a key action in the prompt.', 'Etoile (the wand) is missing the small red ribbon near the handle as specified in the canon.']
[05:33:29]     [2/5] IMAGE ECHEC apres retries
[05:34:40]     [3/5] image KO : ["The magical sea (Mer d'Aural) does not match its canonical description, lacking luminous, deep turquoise/aquamarine colors and bioluminescent sparkles.", "Bipboup's arms are not clearly pincer arms as described in the canon."]
[05:34:40]       retry image 2/5
[05:35:36]     [3/5] image OK (n/a)
[05:36:46]     [4/5] image KO : ["Bipboup's arms are not pincer arms as described in canon.", "Bipboup's antennas do not have glowing yellow light bulbs."]
[05:36:46]       retry image 2/5
[05:37:42]     [4/5] image KO : ["Bipboup's design is inconsistent with canonical description (missing antennas, pincer arms, and screen-eye)."]
[05:37:42]       retry image 3/5
[05:38:42]     [4/5] image KO : ["Bipboup's arms are not pincer arms as described in the canonical reference; they are segmented arms with fingers.", "Bipboup's chest hatch is not open as described in the prompt; it appears to be a transparent panel instead.", "Lea is not looking inside Bipboup's chest hatch, which is a key action for the scene."]
[05:38:42]       retry image 4/5
[05:39:43]     [4/5] image KO : ["Bipboup's design (body shape, eye type and expression, arms) significantly deviates from the canonical reference.", "Bipboup's eye shows sadness/tears instead of the canonical 'mischievous smile'.", "The robot's 'chest hatch' is not clearly depicted as open, but rather a screen on its body."]
[05:39:43]       retry image 5/5
[05:40:33]     [4/5] image KO : ["Bipboup's chest hatch is not open as described in the prompt.", "Lea is not looking inside Bipboup's chest, which is a key action."]
[05:40:33]     [4/5] IMAGE ECHEC apres retries
[05:41:41]     [5/5] image KO : ["The Mer d'Aural is depicted with a large, breaking wave, contradicting the prompt's description of a 'calm' ocean."]
[05:41:41]       retry image 2/5
[05:42:36]     [5/5] image OK (n/a)
[05:42:48]   IMAGES bilan : 3 OK, 2 fail
[05:42:48]   AUDIO : 5 MP3s a generer/verifier
[05:43:07]     [1/5] audio OK (100%)
[05:43:36]     [2/5] audio KO (98%) wrong=['Z', 'O', 'U'] missing=['ZOUING', 'Hé']
[05:43:36]       retry audio 2/3
[05:43:56]     [2/5] audio KO (98%) wrong=['Z.O.U.I.N.G.', 'Et'] missing=['ZOUING', 'Hé']
[05:43:56]       retry audio 3/3
[05:44:18]     [2/5] audio KO (98%) wrong=['Z. O. U. I. N. G.', 'Et'] missing=['ZOUING', 'Hé']
[05:45:59]     [3/5] audio KO (98%) wrong=['Rends à la mer ce que tu lui as pris !'] missing=[]
[05:45:59]       retry audio 2/3
[05:47:35]     [3/5] audio OK (100%)
[05:47:50]     [4/5] audio OK (100%)
[05:48:16]     [5/5] audio KO (98%) wrong=["N'est", 'Ma'] missing=[]
[05:48:16]       retry audio 2/3
[05:48:41]     [5/5] audio KO (98%) wrong=["N'est", 'Ma'] missing=[]
[05:48:41]       retry audio 3/3
[05:49:00]     [5/5] audio KO (98%) wrong=["N'est", 'Ma'] missing=[]
[05:49:02]   AUDIO bilan : 3 OK, 2 fail
[05:49:02] <<< END : courte_astronaute_ocean_baguette_robot -> {'key': 'courte_astronaute_ocean_baguette_robot', 'text': 'OK', 'images': '3/5', 'audio': '3/5'}
[05:49:02] 
*** [21/243] courte_astronaute_ocean_baguette_fantome  (elapsed 5.6h)
[05:49:02] 
======================================================================
>>> START : courte_astronaute_ocean_baguette_fantome
======================================================================
[05:49:02]   voix pour ce niveau (courte) : fr-FR-Neural2-A
[05:49:02]   TEXTE : generation Gemini Pro...
[05:49:40]     OK : 'Léa et le Gardien des Lumières Perdues' (5 pages)
[05:49:40]   IMAGES : 5 pages a generer/verifier
[05:50:42]     [1/5] image KO : ["The Mer d'Aural is depicted as a large, breaking wave instead of a calm, expansive ocean, which deviates from the 'peaceful' mood and implied setting of the prompt."]
[05:50:42]       retry image 2/5
[05:51:06]     [1/5] image OK (n/a)
[05:51:41]     [2/5] image OK (n/a)
[05:52:28]     [3/5] image KO : ['Maitre Otho is not translucent and lacks the craftsman shape and apron details.', 'The water is bright and wavy, not a dark patch, and does not dim around Maitre Otho.', 'Lea is standing in the water, not floating, and her helmet is off, so no helmet light illuminates the scene.']
[05:52:28]       retry image 2/5
[05:53:23]     [3/5] image KO : ['Maitre Otho is depicted as a solid human, not a translucent ghost with a blue-white glow and sad expression.', "Lea's helmet is off, and she is standing in shallow water, not floating with her helmet light illuminating the scene.", "The setting is a bright beach with waves, not a dark patch of water in Mer d'Aural."]
[05:53:23]       retry image 3/5
[05:53:50]     [3/5] echec generation image
[05:53:55]       retry image 4/5
[05:55:24]     [3/5] image KO : ['Maitre Otho is depicted as a human old man, not a translucent ghost with an ethereal blue-white glow.', 'Lea is standing in shallow water, not floating, and her helmet light is not illuminating Maitre Otho.', "The setting is a large stylized wave, not a dark patch of water or the detailed Mer d'Aural with bioluminescent sparkles."]
[05:55:24]       retry image 5/5
[05:56:13]     [3/5] image KO : ['Maitre Otho is depicted as a solid human old man, not a translucent ghost with an ethereal blue-white glow as specified in the canon.', "The scene is a beach in daylight with a large wave, not Lea floating in the magical, luminous Mer d'Aural near a dark patch of water.", 'Lea is standing on the beach, not floating, and her helmet light is not illuminating Maitre Otho.']
[05:56:13]     [3/5] IMAGE ECHEC apres retries
[05:57:16]     [4/5] image KO : ["Maitre Otho is not translucent, lacks ethereal blue-white glow and apron outline, and is not 'small' as per reference.", 'The wand (Etoile) is missing key canonical details: it is not slim, lacks swirling carvings, and has no red ribbon.', "The background features a large, prominent wave which is inconsistent with the 'gentle' description of Mer d'Aural and distracts from the intimate moment."]
[05:57:16]       retry image 2/5
[05:58:13]     [4/5] image KO : ['Maitre Otho, a canonical character, is entirely missing from the illustration.', "The image fails to depict the core interaction and focus described in the prompt (Lea and Maitre Otho's intimate moment).", 'The magic wand (Etoile) does not match its canonical description (missing carvings, ribbon) and includes an unrequested element (a fish).']
[05:58:13]       retry image 3/5
[05:59:14]     [4/5] image KO : ['Maitre Otho has an uncanonical fish on his head.', 'Etoile (the wand) is missing its small red ribbon.', "Maitre Otho's apron is too prominent, not a 'faded outline' as described."]
[05:59:14]       retry image 4/5
[06:00:46]     [4/5] image OK (n/a)
[06:01:20]     [5/5] image OK (n/a)
[06:01:32]   IMAGES bilan : 4 OK, 1 fail
[06:01:32]   AUDIO : 5 MP3s a generer/verifier
[06:01:46]     [1/5] audio OK (100%)
[06:02:02]     [2/5] audio OK (100%)
[06:02:13]     [3/5] audio OK (100%)
[06:02:43]     [4/5] audio KO (97%) wrong=['soleil', 'cœur', "d'horreur"] missing=['soleils', 'Cœur', "d'Aurore"]
[06:02:43]       retry audio 2/3
[06:03:00]     [4/5] audio KO (97%) wrong=['soleil', "cœur d'horreur"] missing=[]
[06:03:00]       retry audio 3/3
[06:03:20]     [4/5] audio KO (99%) wrong=['soleil'] missing=['soleils']
[06:03:52]     [5/5] audio OK (100%)
[06:03:54]   AUDIO bilan : 4 OK, 1 fail
[06:03:54] <<< END : courte_astronaute_ocean_baguette_fantome -> {'key': 'courte_astronaute_ocean_baguette_fantome', 'text': 'OK', 'images': '4/5', 'audio': '4/5'}
[06:03:54] 
*** [22/243] courte_astronaute_ocean_skateboard_monstre  (elapsed 5.9h)
[06:03:54] 
======================================================================
>>> START : courte_astronaute_ocean_skateboard_monstre
======================================================================
[06:03:54]   voix pour ce niveau (courte) : fr-FR-Neural2-A
[06:03:54]   TEXTE : generation Gemini Pro...
[06:04:35]     OK : 'Léa et la Lumière Perdue de la Mer d'Aural' (5 pages)
[06:04:35]   IMAGES : 5 pages a generer/verifier
[06:04:58]     [1/5] image OK (n/a)
[06:05:42]     [2/5] image OK (n/a)
[06:06:20]     [3/5] image KO : ['Léa is not on her magical skateboard; Grobi is on it instead.']
[06:06:20]       retry image 2/5
[06:07:07]     [3/5] image OK (n/a)
[06:08:11]     [4/5] image KO : ["Grobi's horns are not 'short and curved' as per canon and reference; they are large, ridged, and ram-like.", 'The crucial detail of one horn being dull/not glowing while the other is, is completely missing.', "The background is a generic beach, not the magical, shimmering Mer d'Aural described."]
[06:08:12]       retry image 2/5
[06:09:10]     [4/5] image KO : ["Grobi's horns are long and ram-like, not short and curved as per canon and reference.", "Grobi's horns do not show the dull/glowing contrast described in the prompt.", "The background is a large, crashing wave on a beach, not the soft, shimmering Mer d'Aural."]
[06:09:10]       retry image 3/5
[06:10:08]     [4/5] image KO : ["Grobi's horns are significantly larger and more ram-like than the 'short curved horns' specified in the canon and prompt.", "The background is a large, crashing wave, which does not match the 'soft, shimmering water of the Mer d'Aural' described in the canon and prompt."]
[06:10:08]       retry image 4/5
[06:11:05]     [4/5] image KO : ["Grobi's horns are large and ram-like, not short and curved as per reference.", 'Grobi is not pointing to his horn; Lea is pointing instead, and the key detail of one horn being dull/not glowing is missing.', "The background is a large wave with a rock, not the soft, shimmering Mer d'Aural."]
[06:11:05]       retry image 5/5
[06:12:36]     [4/5] image KO : ["Grobi's horns are significantly larger and more ram-like than the canonical 'short curved horns'.", 'Grobi is not pointing to his horn; Lea is pointing at Grobi.', "Neither of Grobi's horns is glowing; the prompt specifies one dull and one glowing horn."]
[06:12:36]     [4/5] IMAGE ECHEC apres retries
[06:13:16]     [5/5] image OK (n/a)
[06:13:28]   IMAGES bilan : 4 OK, 1 fail
[06:13:28]   AUDIO : 5 MP3s a generer/verifier
[06:13:42]     [1/5] audio OK (100%)
[06:13:57]     [2/5] audio OK (100%)
[06:14:12]     [3/5] audio OK (100%)
[06:14:39]     [4/5] audio KO (98%) wrong=["N'est", 'cornes lumière'] missing=["N'aie", 'Cornes-Lumière']
[06:14:39]       retry audio 2/3
[06:15:23]     [4/5] audio KO (95%) wrong=["N'est", 'petit', 'couinement'] missing=["N'aie", 'petits', 'couinements']
[06:15:23]       retry audio 3/3
[06:15:50]     [4/5] audio KO (97%) wrong=["N'est", 'petit', 'couinement'] missing=["N'aie", 'petits', 'couinements']
[06:16:17]     [5/5] audio KO (99%) wrong=['La', "d'oral"] missing=['Le', "d'Aural"]
[06:16:17]       retry audio 2/3
[06:16:37]     [5/5] audio KO (99%) wrong=['La'] missing=['Le']
[06:16:37]       retry audio 3/3
[06:17:02]     [5/5] audio KO (98%) wrong=['La', 'La', 'il'] missing=[]
[06:17:04]   AUDIO bilan : 3 OK, 2 fail
[06:17:04] <<< END : courte_astronaute_ocean_skateboard_monstre -> {'key': 'courte_astronaute_ocean_skateboard_monstre', 'text': 'OK', 'images': '4/5', 'audio': '3/5'}
[06:17:04] 
*** [23/243] courte_astronaute_ocean_skateboard_robot  (elapsed 6.1h)
[06:17:04] 
======================================================================
>>> START : courte_astronaute_ocean_skateboard_robot
======================================================================
[06:17:04]   voix pour ce niveau (courte) : fr-FR-Neural2-A
[06:17:04]   TEXTE : generation Gemini Pro...
[06:17:45]     OK : 'Léa et le Voleur de Lumière' (5 pages)
[06:17:45]   IMAGES : 5 pages a generer/verifier
[06:18:17]     [1/5] image KO : ['Lea is looking forward at the viewer instead of down at the ocean as prompted.', 'The ocean lacks the strong luminous and bioluminescent sparkle quality described.', 'The skateboard is missing the golden lightning bolt patterns from its canonical description.']
[06:18:17]       retry image 2/5
[06:18:42]     [1/5] image OK (n/a)
[06:19:19]     [2/5] image OK (n/a)
[06:20:20]     [3/5] image KO : ["Mer d'Aural lacks luminous and magical qualities (e.g., sparkles, starlight).", 'Sea-plant is not glowing.', "Bipboup's arms are not pincer arms."]
[06:20:20]       retry image 2/5
[06:21:16]     [3/5] image KO : ["Bipboup's arms are not mechanical pincers as specified in the canon.", 'A large, prominent wave is present, which was not described in the prompt.', 'Lea is not partially hidden by a glowing sea-plant.']
[06:21:16]       retry image 3/5
[06:22:09]     [3/5] image KO : ["Bipboup's arms are not pincer arms as described", "Bipboup's body is not clearly riveted"]
[06:22:09]       retry image 4/5
[06:23:34]     [3/5] image OK (n/a)
[06:24:13]     [4/5] image KO : ['Bipboup is holding a fish instead of a fading bioluminescent sparkle.']
[06:24:13]       retry image 2/5
[06:25:43]     [4/5] image KO : ["Bipboup's arms are human-like hands, not mechanical pincers, and his eye is a human-like eye, not a screen-eye showing an emoji.", 'Bipboup is holding a fish instead of a fading bioluminescent sparkle.', "The ocean setting is a large, dynamic wave, not the gentle, soft foam of Mer d'Aural, and Lea is standing on the skateboard on this wave, not floating gently."]
[06:25:43]       retry image 3/5
[06:26:22]     [4/5] image KO : ['Bipboup is not slumped as described in the prompt.', 'Bipboup is holding a fish instead of a fading bioluminescent sparkle.', 'Lea is actively surfing a large wave rather than floating gently.']
[06:26:22]       retry image 4/5
[06:27:17]     [4/5] image KO : ['The scene depicts an action/surfing scenario instead of a close-up, emotional moment.', 'Lea is not looking at Bipboup with empathy, and Bipboup is standing upright instead of slumped.', 'Bipboup is holding a fish instead of a fading bioluminescent sparkle.']
[06:27:17]       retry image 5/5
[06:28:24]     [4/5] image KO : ['Bipboup is holding a fish instead of a fading bioluminescent sparkle.', 'Fusee (skateboard) is missing golden lightning bolt patterns, neon-pink glowing wheels, and holographic shimmer.', 'Bipboup is not slumped slightly as described in the prompt.']
[06:28:24]     [4/5] IMAGE ECHEC apres retries
[06:29:30]     [5/5] image KO : ["Mer d'Aural is depicted as a large wave, not a calm ocean as specified.", 'Ocean is not filled with multiple silver fish; only one is visible.', "Bipboup's golden star is above an antenna, not placed between them."]
[06:29:30]       retry image 2/5
[06:30:17]     [5/5] image KO : ['Lea is entirely missing from the illustration.', "The ocean is depicted as a large, swirling wave, which contradicts the 'calm Mer d'Aural' description."]
[06:30:17]       retry image 3/5
[06:31:14]     [5/5] image KO : ['Characters are standing in the water instead of floating peacefully above it.', "The Mer d'Aural's atmosphere appears more like a bright daytime ocean rather than a luminous, starlit deep ocean."]
[06:31:14]       retry image 4/5
[06:32:39]     [5/5] image KO : ['Characters are standing in the water instead of floating peacefully above it.', "The ocean is depicted with large waves, not as a calm Mer d'Aural."]
[06:32:39]       retry image 5/5
[06:33:12]     [5/5] image KO : ['Characters are standing in the water instead of floating above it.', 'The ocean is depicted with large, breaking waves instead of being calm.']
[06:33:12]     [5/5] IMAGE ECHEC apres retries
[06:33:24]   IMAGES bilan : 3 OK, 2 fail
[06:33:24]   AUDIO : 5 MP3s a generer/verifier
[06:33:35]     [1/5] audio OK (100%)
[06:33:55]     [2/5] audio OK (100%)
[06:34:46]     [3/5] audio KO (99%) wrong=['B', 'I', 'P'] missing=['BIPBOUP', '!', '«']
[06:34:46]       retry audio 2/3
[06:35:03]     [3/5] audio OK (100%)
[06:35:19]     [4/5] audio OK (100%)
[06:35:42]     [5/5] audio KO (97%) wrong=["l'attendit", 'elle'] missing=['la', 'tendit', 'elles']
[06:35:42]       retry audio 2/3
[06:36:07]     [5/5] audio KO (95%) wrong=['Mon', "l'attendit", 'Bipbou'] missing=['la']
[06:36:07]       retry audio 3/3
[06:36:36]     [5/5] audio KO (98%) wrong=["l'attendit"] missing=['la', 'tendit']
[06:36:38]   AUDIO bilan : 4 OK, 1 fail
[06:36:38] <<< END : courte_astronaute_ocean_skateboard_robot -> {'key': 'courte_astronaute_ocean_skateboard_robot', 'text': 'OK', 'images': '3/5', 'audio': '4/5'}
[06:36:38] 
*** [24/243] courte_astronaute_ocean_skateboard_fantome  (elapsed 6.4h)
[06:36:38] 
======================================================================
>>> START : courte_astronaute_ocean_skateboard_fantome
======================================================================
[06:36:38]   voix pour ce niveau (courte) : fr-FR-Neural2-A
[06:36:38]   TEXTE : generation Gemini Pro...
[06:37:21]     OK : 'Léa et le Sculpteur d'Étoiles' (5 pages)
[06:37:21]   IMAGES : 5 pages a generer/verifier
[06:37:54]     [1/5] image KO : ['Fusee (skateboard) is missing the golden lightning bolt patterns.', "Fusee's wheels are pink but do not appear to be glowing."]
[06:37:54]       retry image 2/5
[06:38:18]     [1/5] image KO : ["Lea's helmet is missing golden stars and has an uncanonical fish attached.", "The Mer d'Aural is depicted as a large, curling wave rather than a calm, sparkling ocean.", 'Lea is standing still on the skateboard, not actively riding.']
[06:38:18]       retry image 3/5
[06:38:51]     [1/5] image OK (n/a)
[06:39:53]     [2/5] image KO : ["The fish is prominent, dark, and solid, not faint, transparent, or silver as described for the 'silver fish' element.", "The overall lighting and atmosphere are not subdued or melancholic enough to convey 'magic fading' or 'dying light'; the scene feels more vibrant and dynamic."]
[06:39:53]       retry image 2/5
[06:41:22]     [2/5] image KO : ["Image does not convey the described mood of 'sadness' or 'fading magic'; it appears vibrant and energetic.", "Bioluminescent sparkles are depicted as bright golden stars, not 'dimming' or 'faint'.", "A prominent dark fish is present, instead of 'faint and almost transparent silver fish glints' or 'no characters'."]
[06:41:22]       retry image 3/5
[06:41:46]     [2/5] image OK (n/a)
[06:43:13]     [3/5] image KO : ['Maitre Otho is not translucent as described in canon and prompt', "Maitre Otho's eyes are black dots, not pale grey", "Maitre Otho's shape is not like an old craftsman"]
[06:43:13]       retry image 2/5
[06:44:02]     [3/5] image OK (n/a)
[06:45:09]     [4/5] image KO : ["Lea's helmet is on her back, not on her head with the visor up as described in the prompt."]
[06:45:09]       retry image 2/5
[06:45:56]     [4/5] image KO : ["Maitre Otho's appearance deviates significantly from the reference portrait, appearing more human-like with larger, darker eyes and a more defined face, rather than the simple, translucent, small ghost with kind pale grey eyes."]
[06:45:56]       retry image 3/5
[06:46:51]     [4/5] image KO : ['Maitre Otho is not translucent as described, appearing opaque white.', "Maitre Otho's eyes are dark, not pale grey.", "Maitre Otho's apron looks like overalls, not a faded outline of an old craftsman's apron."]
[06:46:51]       retry image 4/5
[06:48:48]     [4/5] image KO : ["Maitre Otho's design is inconsistent with canonical description (not translucent, not craftsman-shaped, lacks blue-white glow and apron outline).", "Maitre Otho's expression and hands do not match the prompt's description of 'desperate and sad' with 'trembling, ethereal hands'.", 'An unrequested fish is present in the scene, distracting from the main interaction.']
[06:48:48]       retry image 5/5
[06:49:27]     [4/5] image KO : ["Maitre Otho's appearance deviates significantly from the reference portrait (facial features, beard style, missing apron)."]
[06:49:27]     [4/5] IMAGE ECHEC apres retries
[06:50:09]     [5/5] image KO : ["Maitre Otho's appearance does not match the 'old craftsman' shape or apron, and he is not 'small' as described.", 'Maitre Otho is holding a dark fish, not sculpting a brilliantly glowing silver fish as specified.', 'Fusee is missing golden lightning bolt patterns and holographic shimmer along its edges.']
[06:50:09]       retry image 2/5
[06:50:58]     [5/5] image KO : ["Maitre Otho's appearance deviates significantly from reference (more humanoid, lacks apron outline)", 'Maitre Otho is holding a fish, not actively sculpting it as described in the prompt']
[06:50:58]       retry image 3/5
[06:51:57]     [5/5] image KO : ["Maitre Otho's appearance deviates significantly from the reference, lacking the craftsman shape, distinct pale grey eyes, and apron outline.", 'Maitre Otho is holding a fish instead of sculpting one, which is a key action described in the prompt.', "The skateboard 'Fusee' is missing the golden lightning bolt patterns."]
[06:51:57]       retry image 4/5
[06:52:53]     [5/5] image KO : ['Lea is not zipping or leaving a holographic shimmer and neon-pink light trail on the water.', 'Maitre Otho is holding a fish, not actively sculpting a brilliantly glowing one.']
[06:52:53]       retry image 5/5
[06:54:02]     [5/5] image OK (n/a)
[06:54:14]   IMAGES bilan : 4 OK, 1 fail
[06:54:14]   AUDIO : 5 MP3s a generer/verifier
[06:54:29]     [1/5] audio KO (99%) wrong=["d'Oral"] missing=[]
[06:54:29]       retry audio 2/3
[06:54:38]     [1/5] audio OK (?%)
[06:54:55]     [2/5] audio OK (100%)
[06:55:11]     [3/5] audio OK (100%)
[06:55:24]     [4/5] audio OK (100%)
[06:55:49]     [5/5] audio KO (99%) wrong=["d'Oral"] missing=["d'Aural"]
[06:55:49]       retry audio 2/3
[06:56:09]     [5/5] audio OK (100%)
[06:56:11]   AUDIO bilan : 5 OK, 0 fail
[06:56:11] <<< END : courte_astronaute_ocean_skateboard_fantome -> {'key': 'courte_astronaute_ocean_skateboard_fantome', 'text': 'OK', 'images': '4/5', 'audio': '5/5'}
[06:56:11] 
*** [25/243] courte_astronaute_ocean_guitare_monstre  (elapsed 6.8h)
[06:56:11] 
======================================================================
>>> START : courte_astronaute_ocean_guitare_monstre
======================================================================
[06:56:11]   voix pour ce niveau (courte) : fr-FR-Neural2-A
[06:56:11]   TEXTE : generation Gemini Pro...
[06:56:49]     OK : 'Léa et le Chant des Silences' (5 pages)
[06:56:49]   IMAGES : 5 pages a generer/verifier
[06:57:12]     [1/5] image OK (n/a)
[06:57:56]     [2/5] image KO : ['Guitar is not translucent crystal and glowing as described in the prompt and canon', "Image is not a close-up on Lea's hands, but a full body shot"]
[06:57:56]       retry image 2/5
[06:58:47]     [2/5] image KO : ['The Guitar of Seven Silences is depicted as a standard wooden acoustic guitar, not a translucent pale crystal body glowing softly from within.', 'The image is a full body shot of Lea, not a close-up on her hands as specified in the prompt.', 'The background is not blurry as requested in the prompt.']
[06:58:47]       retry image 3/5
[06:59:19]     [2/5] image KO : ["Léa's face is missing, despite being requested to show an expression.", 'The guitar is a standard acoustic guitar, not the translucent pale crystal, glowing guitar described.', 'The background is a prominent wave, not blurry, sparkling water.']
[06:59:19]       retry image 4/5
[07:00:49]     [2/5] image KO : ["The guitar is a standard wooden acoustic guitar, not the translucent crystal, glowing 'Guitare des sept silences' described in the prompt.", 'The background is a distinct, non-blurry wave, not blurry sparkling turquoise water.', 'The image is a bust shot of Lea, not a close-up specifically on her hands as requested.']
[07:00:49]       retry image 5/5
[07:01:24]     [2/5] image KO : ['The Guitar of Seven Silences does not match its canonical description; it is a standard wooden acoustic guitar, not translucent crystal or glowing.', "The image is not a close-up on Léa's hands as requested, but a wider shot of her upper body."]
[07:01:24]     [2/5] IMAGE ECHEC apres retries
[07:02:35]     [3/5] image KO : ['The guitar is a standard acoustic guitar, not a translucent crystal guitar that glows softly from within as described.', 'Lea is playing the guitar with a calm expression, rather than holding it protectively as specified in the prompt.', 'The rock Lea is sitting on is not glowing.']
[07:02:35]       retry image 2/5
[07:03:30]     [3/5] image KO : ["The guitar is a standard acoustic guitar, not the 'crystal guitar' described in the canon and prompt.", "The setting does not match 'Mer d'Aural'; it lacks the magical, luminous, and bioluminescent qualities.", "Grobi's horns are ridged and more prominent than the 'short curved horns' described in the canon."]
[07:03:30]       retry image 3/5
[07:04:32]     [3/5] image KO : ['Grobi is missing a tail, which is present in the reference portrait.', "The crystal guitar's body is purple, not pale crystal as described in the canon and shown in the reference.", "Grobi's horns are textured and darker brown, differing from the smooth, golden-brown horns in the reference portrait."]
[07:04:32]       retry image 4/5
[07:05:29]     [3/5] image KO : ["The 'Guitare des sept silences' is depicted as a standard wooden ukulele/guitar, not a translucent crystal body that glows, and has 4 strings instead of six."]
[07:05:29]       retry image 5/5
[07:06:16]     [3/5] image KO : ['The crystal guitar is depicted as a standard wooden acoustic guitar, not translucent crystal or glowing.']
[07:06:16]     [3/5] IMAGE ECHEC apres retries
[07:07:28]     [4/5] image KO : ['The crystal guitar does not have a translucent pale crystal body; it appears to be a standard acoustic guitar.', "Grobi's horns are purple/pinkish instead of the golden/brown color shown in the reference."]
[07:07:28]       retry image 2/5
[07:08:22]     [4/5] image KO : ["The guitar is a standard acoustic guitar, not the described 'crystal guitar' with a translucent pale crystal body and soft internal glow.", "The ocean setting (Mer d'Aural) lacks the specified luminous, deep turquoise, aquamarine colors and strong bioluminescent sparkles."]
[07:08:22]       retry image 3/5
[07:09:20]     [4/5] image KO : ['The guitar is a standard wooden acoustic guitar, not a translucent pale crystal guitar as specified in the canon.']
[07:09:20]       retry image 4/5
[07:10:14]     [4/5] image KO : ['The crystal guitar does not have a translucent pale crystal body; it appears to be a standard wooden acoustic guitar.']
[07:10:14]       retry image 5/5
[07:11:49]     [4/5] image KO : ['The guitar is a standard acoustic guitar, not the translucent crystal guitar described in the canon.', 'Lea is wearing headphones instead of her astronaut helmet, which is a key part of her canonical appearance.', "The wave is depicted as a physical water wave, not a 'wave of light' as described in the prompt."]
[07:11:49]     [4/5] IMAGE ECHEC apres retries
[07:12:26]     [5/5] image KO : ["The 'Guitare des sept silences' is described as having a 'translucent pale crystal body' but appears as a standard wooden acoustic guitar in the image.", "The guitar is missing its 'six shimmering strings catching silver, violet and golden reflections'."]
[07:12:26]       retry image 2/5
[07:13:29]     [5/5] image KO : ["The 'Guitare des sept silences' is depicted as a standard acoustic guitar, not a translucent pale crystal body glowing softly from within.", "Grobi's fuzzy fur is not glowing with a soft lavender light as described in the prompt."]
[07:13:29]       retry image 3/5
[07:14:17]     [5/5] image KO : ['The guitar is not a translucent crystal guitar and does not glow.', "Grobi's fur is not glowing with a soft lavender light."]
[07:14:17]       retry image 4/5
[07:15:48]     [5/5] image KO : ['The crystal guitar is not translucent pale crystal and does not glow softly from within.', "Grobi's fuzzy fur is not glowing with a soft lavender light."]
[07:15:48]       retry image 5/5
[07:16:21]     [5/5] image KO : ['Guitare des sept silences is not crystal/translucent as described, appears to be a standard wooden guitar.']
[07:16:21]     [5/5] IMAGE ECHEC apres retries
[07:16:33]   IMAGES bilan : 1 OK, 4 fail
[07:16:33]   AUDIO : 5 MP3s a generer/verifier
[07:16:46]     [1/5] audio OK (100%)
[07:17:03]     [2/5] audio OK (100%)
[07:17:29]     [3/5] audio KO (99%) wrong=['brindille'] missing=[]
[07:17:29]       retry audio 2/3
[07:17:42]     [3/5] audio KO (99%) wrong=['brindille'] missing=[]
[07:17:42]       retry audio 3/3
[07:18:01]     [3/5] audio KO (99%) wrong=['brindilles'] missing=[]
[07:18:32]     [4/5] audio KO (96%) wrong=['n était'] missing=['jaune', 'ne', 'se']
[07:18:32]       retry audio 2/3
[07:18:48]     [4/5] audio OK (100%)
[07:19:20]     [5/5] audio KO (98%) wrong=['guitare', 'sept', 'silences'] missing=['Guitare', 'Sept', 'Silences']
[07:19:20]       retry audio 2/3
[07:19:40]     [5/5] audio OK (100%)
[07:19:42]   AUDIO bilan : 4 OK, 1 fail
[07:19:42] <<< END : courte_astronaute_ocean_guitare_monstre -> {'key': 'courte_astronaute_ocean_guitare_monstre', 'text': 'OK', 'images': '1/5', 'audio': '4/5'}
[07:19:42] 
*** [26/243] courte_astronaute_ocean_guitare_robot  (elapsed 7.1h)
[07:19:42] 
======================================================================
>>> START : courte_astronaute_ocean_guitare_robot
======================================================================
[07:19:42]   voix pour ce niveau (courte) : fr-FR-Neural2-A
[07:19:42]   TEXTE : generation Gemini Pro...
[07:20:24]     OK : 'Léa et le Chant des Étoiles Perdues' (5 pages)
[07:20:24]   IMAGES : 5 pages a generer/verifier
[07:20:49]     [1/5] image KO : ["The ocean does not match the description of Mer d'Aural; it lacks the magical luminosity, deep turquoise/aquamarine color, bioluminescent sparkles, and starlight reflection on the water."]
[07:20:49]       retry image 2/5
[07:21:09]     [1/5] image OK (n/a)
[07:21:53]     [2/5] image KO : ['Guitar material is incorrect (not translucent pale crystal)']
[07:21:53]       retry image 2/5
[07:22:52]     [2/5] image KO : ['The guitar does not match the canonical description of being translucent pale crystal and glowing.', "The image is not a close-up of Lea's hands, but shows her full upper body and face."]
[07:22:52]       retry image 3/5
[07:24:17]     [2/5] image KO : ['The guitar is not made of translucent pale crystal and does not glow; it appears to be a standard wooden acoustic guitar.', "The shot is not a close-up of Lea's hands, but a wider shot of Lea holding the guitar."]
[07:24:17]       retry image 4/5
[07:25:06]     [2/5] image KO : ["The guitar is a standard wooden acoustic guitar, not the 'Guitare des sept silences' which is described as translucent pale crystal and glowing softly from within.", 'The image is a full shot of Lea, not a close-up of her hands as requested.', "The background is a generic stylized wave, not the blurry, sparkling turquoise water of the Mer d'Aural with its specific bioluminescent and starlight details."]
[07:25:06]       retry image 5/5
[07:25:57]     [2/5] image KO : ['Image is a full body shot of Lea, not a close-up of her hands as requested.', 'Guitar is not translucent pale crystal and does not glow from within.', 'An unprompted fish is present on the guitar.']
[07:25:57]     [2/5] IMAGE ECHEC apres retries
[07:27:02]     [3/5] image KO : ['The guitar is a standard acoustic guitar, not a glowing crystal guitar as described in the canon and prompt.', "Bipboup's arms are human-like hands, not mechanical pincer arms as described in the canon and prompt."]
[07:27:02]       retry image 2/5
[07:27:55]     [3/5] image KO : ["Bipboup's design does not match: not a tin-can robot, lacks pincer arms and digital screen-eye.", 'The guitar is a standard wooden acoustic guitar, not the glowing crystal guitar.', "The Mer d'Aural setting lacks its described luminous and magical qualities."]
[07:27:55]       retry image 3/5
[07:29:23]     [3/5] image KO : ["The 'Guitare des sept silences' is not a translucent crystal guitar; it appears to be a standard acoustic guitar.", "Bipboup's arms are not mechanical pincer arms."]
[07:29:23]       retry image 4/5
[07:29:56]     [3/5] image KO : ["The 'Guitare des sept silences' is depicted as a standard wooden acoustic guitar instead of a translucent pale crystal body glowing softly from within."]
[07:29:56]       retry image 5/5
[07:30:52]     [3/5] image KO : ["Bipboup's design (arms, eye, body) does not match reference", 'The guitar is not the described crystal guitar']
[07:30:52]     [3/5] IMAGE ECHEC apres retries
[07:31:51]     [4/5] image KO : ['The crystal guitar is depicted as a standard wooden guitar, not translucent or glowing.', 'Lea is sitting prominently in the open, not peeking from behind a rock.', 'The grotto is not dim, and the guitar does not cast a soft glow on the scene.']
[07:31:51]       retry image 2/5
[07:33:21]     [4/5] image KO : ["Bipboup's design is inconsistent (two human-like eyes instead of a single screen-eye, human-like hands instead of pincers).", 'The crystal guitar is depicted as a standard wooden acoustic guitar, not translucent or glowing.', 'Lea is sitting next to Bipboup instead of peeking from behind a rock, and Bipboup is holding the guitar like playing it, not curled up hugging it.']
[07:33:21]       retry image 3/5
[07:33:57]     [4/5] image KO : ['The guitar is a regular acoustic guitar, not a translucent crystal one as described.', 'Lea is sitting fully visible next to the robot, not peeking from behind a rock.', 'Bipboup is sitting upright, not curled up and hugging the guitar against his chest.']
[07:33:57]       retry image 4/5
[07:34:56]     [4/5] image KO : ['Guitare des sept silences is incorrect (wooden acoustic instead of translucent crystal and glowing)', "Lea's action and position are incorrect (sitting next to Bipboup instead of peeking from behind a rock in the foreground)", "Bipboup's arms are incorrect (human-like hands instead of mechanical pincer arms)"]
[07:34:56]       retry image 5/5
[07:35:49]     [4/5] image KO : ['Guitare des sept silences is not translucent crystal or glowing as described, it appears to be a standard wooden guitar.', "The grotto contains a large wave/ocean feature in the background, which is not part of the 'dim, rocky grotto' setting described in the prompt."]
[07:35:49]     [4/5] IMAGE ECHEC apres retries
[07:37:03]     [5/5] image KO : ['The guitar is a standard acoustic guitar, not the specified translucent pale crystal guitar.', 'The guitar itself is not glowing brightly from within; only the musical notes are luminous.']
[07:37:03]       retry image 2/5
[07:37:54]     [5/5] image KO : ["Bipboup's design deviates significantly from canon (e.g., arms, eye type, missing rivets, added fish on head).", 'The guitar is not the translucent crystal guitar and does not appear to be glowing as specified in the prompt.']
[07:37:54]       retry image 3/5
[07:39:24]     [5/5] image KO : ['The crystal guitar does not appear to be made of translucent crystal; it looks like a standard acoustic guitar.']
[07:39:24]       retry image 4/5
[07:39:57]     [5/5] image KO : ["Bipboup's arms are not pincer arms as described in canon.", 'The guitar does not appear to be made of translucent crystal.', 'Bipboup is standing and holding the guitar, not sitting with it in his lap as prompted.']
[07:39:57]       retry image 5/5
[07:40:51]     [5/5] image KO : ["Bipboup's design (arms, eye) does not match the canon reference.", 'The characters are standing instead of sitting side-by-side as described.', 'The guitar is a standard acoustic guitar, not the specified translucent pale crystal guitar.']
[07:40:51]     [5/5] IMAGE ECHEC apres retries
[07:41:03]   IMAGES bilan : 1 OK, 4 fail
[07:41:03]   AUDIO : 5 MP3s a generer/verifier
[07:41:15]     [1/5] audio OK (100%)
[07:41:30]     [2/5] audio OK (100%)
[07:42:04]     [3/5] audio KO (97%) wrong=['B.I.P.', 'B.O.U.P.', 'C.L.A.N.G.'] missing=['BIP-BOUP-CLANG', 'scintillantes']
[07:42:04]       retry audio 2/3
[07:43:39]     [3/5] audio KO (98%) wrong=['fer-blanc', 'agrippèrent', 'Hé ! Rends-moi ça !'] missing=[]
[07:43:39]       retry audio 3/3
[07:44:05]     [3/5] audio KO (99%) wrong=['B.I.P.', 'B.O.U.P.', 'C.L.A.N.G.'] missing=['BIP-BOUP-CLANG']
[07:44:23]     [4/5] audio OK (100%)
[07:44:40]     [5/5] audio OK (100%)
[07:44:42]   AUDIO bilan : 4 OK, 1 fail
[07:44:42] <<< END : courte_astronaute_ocean_guitare_robot -> {'key': 'courte_astronaute_ocean_guitare_robot', 'text': 'OK', 'images': '1/5', 'audio': '4/5'}
[07:44:43] 
*** [27/243] courte_astronaute_ocean_guitare_fantome  (elapsed 7.6h)
[07:44:43] 
======================================================================
>>> START : courte_astronaute_ocean_guitare_fantome
======================================================================
[07:44:43]   voix pour ce niveau (courte) : fr-FR-Neural2-A
[07:44:43]   TEXTE : generation Gemini Pro...
[07:45:28]     OK : 'Léa et la Mélodie Perdue de la Mer d'Aural' (5 pages)
[07:45:28]   IMAGES : 5 pages a generer/verifier
[07:46:00]     [1/5] image KO : ['Mer d\'Aural (the ocean) does not match its canonical description or reference image; it lacks the magical, luminous, bioluminescent qualities and "gentle silver fish glints."', 'The ocean is depicted as a large, crashing wave, which is not consistent with the "gentle" and "soft foam" aspects of Mer d\'Aural.', 'The fish are generic and not "gentle silver fish glints."']
[07:46:00]       retry image 2/5
[07:46:19]     [1/5] image OK (n/a)
[07:46:55]     [2/5] image KO : ["The 'Guitare des sept silences' is depicted as a standard acoustic guitar, not a translucent crystal guitar that glows softly from within, which is a major design drift from its canonical description.", 'The guitar is held by Lea, rather than being nestled in glowing, opal-colored coral as described in the prompt.']
[07:46:55]       retry image 2/5
[07:48:25]     [2/5] image KO : ["The 'Guitare des sept silences' is not translucent crystal and does not glow from within, contradicting its canonical description and the scene prompt.", 'The guitar is being held by Lea, not nestled in glowing, opal-colored coral as described in the prompt.']
[07:48:25]       retry image 3/5
[07:48:57]     [2/5] image KO : ["The 'Guitare des sept silences' is depicted as a standard acoustic guitar, not a translucent crystal guitar that glows softly from within, as described in the canon and prompt.", 'The guitar is held by Lea, not nestled in glowing, opal-colored coral as specified in the prompt.']
[07:48:57]       retry image 4/5
[07:50:19]     [2/5] image KO : ['The guitar is a standard wooden acoustic guitar, not the translucent crystal guitar described in the canon and prompt.', 'The guitar is being held by Lea, not nestled in glowing, opal-colored coral as described in the prompt.', "The guitar is not 'small' as described for the canonical item."]
[07:50:19]       retry image 5/5
[07:51:08]     [2/5] image KO : ['Lea is not wearing her helmet, which is explicitly stated in the prompt for an underwater scene.', 'The guitar is a standard acoustic guitar, not the translucent crystal guitar described in the canon and prompt.', 'The guitar is being held by Lea, not nestled in glowing, opal-colored coral as described in the prompt.']
[07:51:08]     [2/5] IMAGE ECHEC apres retries
[07:52:12]     [3/5] image KO : ['Maitre Otho is not translucent and lacks ethereal blue-white glow; appears solid with dark eyes.', 'The guitar is not crystal or translucent and does not glow; appears to be a standard wooden guitar.']
[07:52:12]       retry image 2/5
[07:53:05]     [3/5] image KO : ['Maitre Otho is depicted as a solid human old man, not a translucent ghost with an ethereal blue-white glow.', 'The guitar is a standard wooden acoustic guitar, not a translucent crystal guitar that glows softly from within.', 'Lea is wearing a clear helmet, which deviates from the canonical description of a star-decorated helmet and the reference image where she holds it.']
[07:53:05]       retry image 3/5
[07:54:04]     [3/5] image KO : ['Maitre Otho is depicted as a human, not a translucent ghost, and is offering a fish instead of reaching for the guitar.', "The guitar is a standard acoustic guitar, not the described 'crystal guitar'.", "The setting is a giant wave, not the calm, sparkling ocean (Mer d'Aural) described, and characters are on a rock."]
[07:54:04]       retry image 4/5
[07:54:57]     [3/5] image KO : ['Maitre Otho is depicted as a solid old man, not a translucent ghost with an ethereal glow.', 'The crystal guitar is a standard wooden acoustic guitar, not translucent, crystal, or glowing.', "Maitre Otho's expression and action do not match the prompt (not sad/pleading, not reaching for the guitar, and is holding a fish)."]
[07:54:57]       retry image 5/5
[07:56:24]     [3/5] image KO : ['Maitre Otho is depicted as a solid human, not a translucent ghost with an ethereal blue-white glow.', 'The guitar is a standard wooden acoustic guitar, not a translucent pale crystal guitar glowing softly from within.', "Maitre Otho is offering fish, which is not part of his canonical description or the scene's action."]
[07:56:24]     [3/5] IMAGE ECHEC apres retries
[07:57:06]     [4/5] image KO : ['Maitre Otho is not translucent and lacks the specified pale grey eyes and craftsman details.', 'The crystal guitar is not translucent, crystal, or glowing as described.']
[07:57:06]       retry image 2/5
[07:57:53]     [4/5] image KO : ['Maitre Otho is depicted as a human old man, not a translucent ghost.', 'The guitar is a standard acoustic guitar, not a translucent crystal guitar that glows.', "The Mer d'Aural setting lacks its described magical, luminous, and bioluminescent qualities."]
[07:57:53]       retry image 3/5
[07:59:19]     [4/5] image KO : ['Lea is not in her astronaut suit and her hair is incorrect.', 'Maitre Otho is depicted as a human old man, not a translucent ghost.', 'The guitar is a standard acoustic guitar, not the translucent crystal guitar.']
[07:59:19]       retry image 4/5
[08:00:11]     [4/5] image KO : ["Lea's character design is incorrect (outfit, hair style).", 'The guitar is a standard acoustic guitar, not the translucent pale crystal guitar.', "Lea's expression does not clearly convey 'dawning comprehension and empathy'."]
[08:00:11]       retry image 5/5
[08:01:03]     [4/5] image KO : ["Maitre Otho's design does not match the reference: he is not small, lacks the craftsman shape/apron, and his eyes are not pale grey.", 'The guitar is not a translucent crystal guitar and does not glow; it appears to be a standard wooden acoustic guitar.']
[08:01:03]     [4/5] IMAGE ECHEC apres retries
[08:02:03]     [5/5] image KO : ["Maitre Otho is not translucent and lacks the faded outline of an old craftsman's apron; his eyes are black, not pale grey, and he has rosy cheeks.", 'The guitar is not translucent pale crystal as described, but appears to be a standard wooden acoustic guitar.']
[08:02:03]       retry image 2/5
[08:02:57]     [5/5] image KO : ["Maitre Otho's guitar is a standard wooden acoustic guitar, not the described translucent pale crystal guitar that glows brightly.", 'The shimmering light particles do not clearly flow from the guitar as musical notes, but are general sparkles in the water.']
[08:02:57]       retry image 3/5
[08:04:20]     [5/5] image KO : ['Maitre Otho is not holding the crystal guitar; Lea is holding a standard wooden guitar.', 'The guitar is not the specified translucent crystal type and is not glowing or emitting musical notes.', 'Maitre Otho does not appear translucent, and his eyes differ from the reference.']
[08:04:20]       retry image 4/5
[08:04:47]     [5/5] echec generation image
[08:04:52]       retry image 5/5
[08:06:20]     [5/5] image KO : ['Maitre Otho is depicted as a human old man, not a translucent ghost.', 'Lea is playing a standard wooden guitar, not watching Maitre Otho play the crystal guitar.', 'The crystal guitar is missing, replaced by a regular wooden acoustic guitar.']
[08:06:20]     [5/5] IMAGE ECHEC apres retries
[08:06:32]   IMAGES bilan : 1 OK, 4 fail
[08:06:32]   AUDIO : 5 MP3s a generer/verifier
[08:06:40]     [1/5] audio OK (100%)
[08:06:56]     [2/5] audio OK (100%)
[08:07:40]     [3/5] audio OK (100%)
[08:09:20]     [4/5] audio OK (100%)
[08:09:43]     [5/5] audio KO (99%) wrong=['le'] missing=[]
[08:09:43]       retry audio 2/3
[08:09:56]     [5/5] audio OK (100%)
[08:09:58]   AUDIO bilan : 5 OK, 0 fail
[08:09:58] <<< END : courte_astronaute_ocean_guitare_fantome -> {'key': 'courte_astronaute_ocean_guitare_fantome', 'text': 'OK', 'images': '1/5', 'audio': '5/5'}
[08:09:58] 
*** [28/243] courte_sorciere_planete_baguette_monstre  (elapsed 8.0h)
[08:09:58] 
======================================================================
>>> START : courte_sorciere_planete_baguette_monstre
======================================================================
[08:09:58]   voix pour ce niveau (courte) : fr-FR-Neural2-A
[08:09:58]   TEXTE : generation Gemini Pro...
[08:10:50]     OK : 'Pimprenelle et la Tristesse de l'Étoile' (5 pages)
[08:10:50]   IMAGES : 5 pages a generer/verifier
[08:11:16]     [1/5] image OK (n/a)
[08:11:53]     [2/5] image OK (n/a)
[08:12:35]     [3/5] image KO : ["Pimprenelle's wand is not crystal-tipped as per canon.", "Grobi's horns are too large and brown, not short and curved as per canon.", "The background planet does not match Vega-7's description (wrong rings, colors)."]
[08:12:35]       retry image 2/5
[08:13:29]     [3/5] image KO : ['Pimprenelle is holding Etoile (the golden star-tipped wand) instead of her canonical wooden wand with a crystal tip.', 'The planet Vega-7 in the background has one large ring instead of the canonical two thin golden rings.']
[08:13:29]       retry image 3/5
[08:14:20]     [3/5] image KO : ["Pimprenelle's wand is star-tipped (Etoile) instead of crystal-tipped as per her character description."]
[08:14:20]       retry image 4/5
[08:15:52]     [3/5] image KO : ['Pimprenelle is holding the Etoile wand instead of her canonical crystal-tipped wand.', 'The planet Vega-7 in the background does not match its description (wrong colors, wrong number of rings).', "The surface they are standing on does not match Vega-7's description (not purple and teal, crater not glowing)."]
[08:15:52]       retry image 5/5
[08:16:23]     [3/5] image KO : ["Pimprenelle's wand is incorrect (star tip instead of crystal tip), and her hat/robe details are missing.", "Vega-7's surface color is wrong, and the craters are not glowing as described.", "Vega-7's background planet has one thick ring instead of two thin golden rings."]
[08:16:23]     [3/5] IMAGE ECHEC apres retries
[08:17:22]     [4/5] image OK (n/a)
[08:18:25]     [5/5] image KO : ["Vega-7's surface color is incorrect (should be purple and teal).", 'Vega-7 is missing its two thin golden rings.', "Pimprenelle's hair is not in a long side braid."]
[08:18:25]       retry image 2/5
[08:19:22]     [5/5] image KO : ['Vega-7 is missing its two thin golden rings, which are a key canonical feature.', "Pimprenelle's hat has stars instead of crescent moons, and her robe has crescent moons instead of stars, which is a swap from her canonical description.", "Grobi's horns are not clearly defined as curved horns, appearing more like fur tufts rather than distinct horns as per the reference."]
[08:19:22]       retry image 3/5
[08:20:15]     [5/5] image OK (n/a)
[08:20:27]   IMAGES bilan : 4 OK, 1 fail
[08:20:27]   AUDIO : 5 MP3s a generer/verifier
[08:20:36]     [1/5] audio OK (100%)
[08:20:50]     [2/5] audio OK (100%)
[08:21:09]     [3/5] audio OK (100%)
[08:21:25]     [4/5] audio OK (100%)
[08:21:41]     [5/5] audio OK (100%)
[08:21:43]   AUDIO bilan : 5 OK, 0 fail
[08:21:43] <<< END : courte_sorciere_planete_baguette_monstre -> {'key': 'courte_sorciere_planete_baguette_monstre', 'text': 'OK', 'images': '4/5', 'audio': '5/5'}
[08:21:43] 
*** [29/243] courte_sorciere_planete_baguette_robot  (elapsed 8.2h)
[08:21:43] 
======================================================================
>>> START : courte_sorciere_planete_baguette_robot
======================================================================
[08:21:43]   voix pour ce niveau (courte) : fr-FR-Neural2-A
[08:21:43]   TEXTE : generation Gemini Pro...
[08:22:19]     OK : 'Pimprenelle et le Visiteur des Etoiles' (5 pages)
[08:22:19]   IMAGES : 5 pages a generer/verifier
[08:22:48]     [1/5] image OK (n/a)
[08:23:22]     [2/5] image KO : ['Bipboup has human-like hands instead of mechanical pincer arms.', 'Bipboup has a traditional eye and a separate mouth, not a screen-eye displaying a smile.', 'Vega-7 is missing its two thin golden rings.']
[08:23:22]       retry image 2/5
[08:23:41]     [2/5] image KO : ["Bipboup's eye is not a screen-eye, it's a human-like eye.", 'Bipboup has hands with fingers instead of mechanical pincer arms.']
[08:23:41]       retry image 3/5
[08:25:06]     [2/5] image OK (n/a)
[08:25:52]     [3/5] image KO : ["Bipboup's arms are human-like fingers instead of mechanical pincers.", "The characters are standing on a separate planet, with Vega-7 (the ringed planet) visible in the background, rather than standing directly on Vega-7's surface.", "Bipboup's eye is not a single round blue screen-eye showing a smile; it has a separate mouth."]
[08:25:52]       retry image 2/5
[08:26:50]     [3/5] image KO : ["Bipboup's arms are not mechanical pincer arms as described in the canon.", 'The characters are floating in space on a small asteroid, not standing on the surface of Vega-7 as specified in the prompt.']
[08:26:50]       retry image 3/5
[08:28:15]     [3/5] image KO : ['Bipboup has human-like hands instead of mechanical pincer arms.', 'The foreground surface is grey and rocky, not purple and teal as described for Vega-7.']
[08:28:15]       retry image 4/5
[08:28:47]     [3/5] image KO : ['The surface of Vega-7 is grey and moon-like, not purple and teal as specified.', "Bipboup's arms are humanoid/gloved hands instead of mechanical pincer arms."]
[08:28:47]       retry image 5/5
[08:30:19]     [3/5] image KO : ['The planet surface is grey and moon-like, not purple and teal as described for Vega-7.', "Pimprenelle's hat has star patterns instead of golden crescent moons.", 'Etoile (the wand) is missing the red ribbon and specific wood carvings.']
[08:30:19]     [3/5] IMAGE ECHEC apres retries
[08:30:55]     [4/5] image OK (n/a)
[08:31:56]     [5/5] image KO : ['Bipboup is missing mechanical pincer arms.', 'Vega-7 is missing its two thin golden rings.']
[08:31:56]       retry image 2/5
[08:32:46]     [5/5] image KO : ['Vega-7 is missing its two thin golden rings and tiny glowing craters.', 'The wand Etoile is not accurately depicted; it lacks the honey-brown wood, swirling carvings, and small red ribbon near the handle.']
[08:32:46]       retry image 3/5
[08:34:15]     [5/5] image KO : ["Bipboup's eye is a physical eye, not a screen-eye that displays a smile as described in the canon and prompt."]
[08:34:15]       retry image 4/5
[08:34:44]     [5/5] image OK (n/a)
[08:34:56]   IMAGES bilan : 4 OK, 1 fail
[08:34:56]   AUDIO : 5 MP3s a generer/verifier
[08:35:11]     [1/5] audio OK (100%)
[08:35:32]     [2/5] audio KO (99%) wrong=['brique'] missing=[]
[08:35:32]       retry audio 2/3
[08:35:57]     [2/5] audio KO (99%) wrong=['brique'] missing=['bric']
[08:35:57]       retry audio 3/3
[08:36:18]     [2/5] audio KO (99%) wrong=['brique'] missing=['bric']
[08:36:38]     [3/5] audio KO (99%) wrong=['Ma'] missing=['Le']
[08:36:38]       retry audio 2/3
[08:36:49]     [3/5] audio OK (100%)
[08:37:03]     [4/5] audio OK (100%)
[08:37:28]     [5/5] audio KO (98%) wrong=['Ma', "l'alarme"] missing=['Le', 'la', 'larme']
[08:37:28]       retry audio 2/3
[08:38:04]     [5/5] audio KO (97%) wrong=['Ma', "l'alarme", "d'années"] missing=['Le', 'la', 'larme']
[08:38:04]       retry audio 3/3
[08:38:26]     [5/5] audio KO (98%) wrong=['Ma', "l'alarme"] missing=['Le', 'la', 'larme']
[08:38:28]   AUDIO bilan : 3 OK, 2 fail
[08:38:28] <<< END : courte_sorciere_planete_baguette_robot -> {'key': 'courte_sorciere_planete_baguette_robot', 'text': 'OK', 'images': '4/5', 'audio': '3/5'}
[08:38:28] 
*** [30/243] courte_sorciere_planete_baguette_fantome  (elapsed 8.5h)
[08:38:28] 
======================================================================
>>> START : courte_sorciere_planete_baguette_fantome
======================================================================
[08:38:28]   voix pour ce niveau (courte) : fr-FR-Neural2-A
[08:38:28]   TEXTE : generation Gemini Pro...
[08:39:13]     OK : 'Pimprenelle et le chagrin de Vega-7' (5 pages)
[08:39:13]   IMAGES : 5 pages a generer/verifier
[08:39:44]     [1/5] image KO : ['The planet Vega-7 is missing its two thin golden rings and the starry space background, and its craters are not glowing.', "Pimprenelle is holding two wands, including Etoile, when the prompt specified only 'her wooden wand'."]
[08:39:44]       retry image 2/5
[08:40:13]     [1/5] image KO : ['Vega-7 is missing its two thin golden rings.', 'Craters on Vega-7 are not glowing faintly.']
[08:40:13]       retry image 3/5
[08:40:38]     [1/5] image KO : ["Pimprenelle's wand is Etoile (star-tipped) instead of her personal wooden wand with a crystal tip.", 'Planet Vega-7 is missing its two thin golden rings and is the wrong color (not purple/teal).', 'Planet craters are not glowing faintly as described.']
[08:40:38]       retry image 4/5
[08:42:05]     [1/5] image KO : ["Pimprenelle's wand has a star tip instead of a crystal tip.", "Pimprenelle's braid is not a distinct side braid."]
[08:42:05]       retry image 5/5
[08:42:58]     [1/5] image KO : ["Pimprenelle's wand has a golden star tip, not a crystal tip as specified in her canonical description.", "The planet's craters are not glowing faintly as described in the prompt."]
[08:42:58]     [1/5] IMAGE ECHEC apres retries
[08:43:43]     [2/5] image OK (n/a)
[08:44:49]     [3/5] image KO : ["Maitre Otho's eyes are dark, not pale grey as specified in canon and prompt.", "Maitre Otho's faded outline of an old craftsman's apron is missing or unclear.", "Pimprenelle's lavender robe lacks star patterns."]
[08:44:49]       retry image 2/5
[08:45:43]     [3/5] image KO : ["Maitre Otho's appearance does not match his reference portrait (eyes are dark and sad instead of kind pale grey, apron is blue and too defined instead of faded, general shape is more generic ghost than craftsman)."]
[08:45:43]       retry image 3/5
[08:47:10]     [3/5] image OK (n/a)
[08:48:35]     [4/5] image KO : ["Etoile's star tip is 4-pointed instead of the canonical 5-pointed.", "Etoile's sparkles are golden instead of the canonical silver.", "The background planet does not match Vega-7's canonical description (color, number of rings, visible craters)."]
[08:48:35]       retry image 2/5
[08:49:05]     [4/5] image KO : ["Maitre Otho's appearance does not match the reference (dark eyes, missing apron, generic ghost shape).", "Vega-7's craters are large and golden, not tiny and glowing, and its rings are too thick.", "Pimprenelle's hair is not in a long side braid, and her hat lacks crescent moons."]
[08:49:05]       retry image 3/5
[08:49:56]     [4/5] image OK (n/a)
[08:50:57]     [5/5] image KO : ['Pimprenelle is holding Etoile (the golden star-tipped wand) instead of her own crystal-tipped wand, which is a major character item inconsistency.']
[08:50:57]       retry image 2/5
[08:51:49]     [5/5] image KO : ['Pimprenelle is holding the wrong wand (Etoile instead of her crystal-tipped wand).', "Vega-7's base color is incorrect (should be purple and teal, not golden/orange)."]
[08:51:50]       retry image 3/5
[08:52:47]     [5/5] image KO : ["Maitre Otho's appearance does not match reference (eyes, missing craftsman details/apron).", 'Planet Vega-7 is not glowing brightly with pulsing craters as described in the prompt.', 'Pimprenelle is holding Etoile (not her personal wand) and it is held up, not lowered.']
[08:52:47]       retry image 4/5
[08:53:45]     [5/5] image KO : ["Pimprenelle's appearance does not match the canonical reference (wrong hair color/style, no witch hat, wrong outfit, and wrong wand type).", "Maitre Otho's appearance deviates significantly from the canonical reference (different shape, eyes, and missing apron detail)."]
[08:53:45]       retry image 5/5
[08:54:49]     [5/5] image KO : ["Pimprenelle's wand has a star tip instead of a crystal tip, which is a major design drift from her canonical wand.", 'The planet Vega-7 does not clearly show its craters pulsing with warm, golden light as specified in the prompt.', "Pimprenelle's hair is not curly and is not in a long side braid as described in her canonical appearance."]
[08:54:49]     [5/5] IMAGE ECHEC apres retries
[08:55:01]   IMAGES bilan : 3 OK, 2 fail
[08:55:01]   AUDIO : 5 MP3s a generer/verifier
[08:55:14]     [1/5] audio OK (100%)
[08:55:29]     [2/5] audio OK (100%)
[08:55:55]     [3/5] audio OK (100%)
[08:56:10]     [4/5] audio OK (100%)
[08:56:37]     [5/5] audio OK (100%)
[08:56:39]   AUDIO bilan : 5 OK, 0 fail
[08:56:39] <<< END : courte_sorciere_planete_baguette_fantome -> {'key': 'courte_sorciere_planete_baguette_fantome', 'text': 'OK', 'images': '3/5', 'audio': '5/5'}
[08:56:39] 
*** [31/243] courte_sorciere_planete_skateboard_monstre  (elapsed 8.8h)
[08:56:39] 
======================================================================
>>> START : courte_sorciere_planete_skateboard_monstre
======================================================================
[08:56:39]   voix pour ce niveau (courte) : fr-FR-Neural2-A
[08:56:39]   TEXTE : generation Gemini Pro...
[08:57:21]     OK : 'Pimprenelle et le Gardien de la Lumière' (5 pages)
[08:57:21]   IMAGES : 5 pages a generer/verifier
[08:57:48]     [1/5] image KO : ['Planet Vega-7 is missing its two thin golden rings.', 'The skateboard (Fusee) is missing golden lightning bolt patterns and has an incorrect deck color.', "Pimprenelle's braid is not long as described in the prompt and reference."]
[08:57:48]       retry image 2/5
[08:58:10]     [1/5] image OK (n/a)
[08:58:55]     [2/5] image OK (n/a)
[08:59:56]     [3/5] image KO : ["The planet Vega-7's surface color (purple and teal) and the planet in the background do not match the canonical description.", "Pimprenelle's expression is kind/curious, not 'determined but hesitant' as described in the prompt."]
[08:59:56]       retry image 2/5
[09:00:51]     [3/5] image OK (n/a)
[09:01:54]     [4/5] image OK (n/a)
[09:02:59]     [5/5] image KO : ['Planet Vega-7 is missing its golden rings.', "Pimprenelle's hair is not in a long side braid as specified."]
[09:02:59]       retry image 2/5
[09:03:46]     [5/5] image OK (n/a)
[09:03:58]   IMAGES bilan : 5 OK, 0 fail
[09:03:58]   AUDIO : 5 MP3s a generer/verifier
[09:04:27]     [1/5] audio KO (98%) wrong=['Vega', '7', 'Vega'] missing=['Vega-7', 'Vega-7']
[09:04:27]       retry audio 2/3
[09:04:42]     [1/5] audio OK (100%)
[09:05:04]     [2/5] audio OK (100%)
[09:05:27]     [3/5] audio KO (96%) wrong=['Mon', 'bon', 'Et'] missing=[]
[09:05:27]       retry audio 2/3
[09:05:56]     [3/5] audio KO (96%) wrong=['Mon', 'bon', 'Et'] missing=['Le', 'bond', 'Hé']
[09:05:56]       retry audio 3/3
[09:06:16]     [3/5] audio KO (96%) wrong=['Mon', 'bon', 'Et'] missing=['Le']
[09:06:31]     [4/5] audio OK (100%)
[09:06:49]     [5/5] audio KO (98%) wrong=['Cœur', 'Scintillant'] missing=[]
[09:06:49]       retry audio 2/3
[09:07:13]     [5/5] audio KO (98%) wrong=['Cœur', 'Scintillant'] missing=[]
[09:07:13]       retry audio 3/3
[09:07:30]     [5/5] audio KO (98%) wrong=['cœur', 'scintillant'] missing=[]
[09:07:32]   AUDIO bilan : 3 OK, 2 fail
[09:07:32] <<< END : courte_sorciere_planete_skateboard_monstre -> {'key': 'courte_sorciere_planete_skateboard_monstre', 'text': 'OK', 'images': '5/5', 'audio': '3/5'}
[09:07:32] 
*** [32/243] courte_sorciere_planete_skateboard_robot  (elapsed 8.9h)
[09:07:32] 
======================================================================
>>> START : courte_sorciere_planete_skateboard_robot
======================================================================
[09:07:32]   voix pour ce niveau (courte) : fr-FR-Neural2-A
[09:07:32]   TEXTE : generation Gemini Pro...
[09:08:18]     OK : 'Pimprenelle et le Voleur d'Éclat' (5 pages)
[09:08:18]   IMAGES : 5 pages a generer/verifier
[09:08:47]     [1/5] image KO : ["Vega-7's appearance (color, craters, number of rings) does not match the canonical description or prompt.", "Pimprenelle's hat has stars instead of golden crescent moons as specified.", "Fusee's skateboard is missing golden lightning bolt patterns and its wheels are not glowing neon-pink."]
[09:08:47]       retry image 2/5
[09:09:11]     [1/5] image KO : ["Vega-7's surface color is not purple and teal as described, and its rings are thick rather than thin and golden.", "Fusee's deck is missing the golden lightning bolt patterns and holographic shimmer described in its canonical appearance."]
[09:09:11]       retry image 3/5
[09:09:57]     [1/5] image OK (n/a)
[09:10:58]     [2/5] image KO : ['Vega-7 is missing its two thin golden rings, which are a canonical feature.']
[09:10:58]       retry image 2/5
[09:11:44]     [2/5] image OK (n/a)
[09:12:44]     [3/5] image KO : ["Bipboup's arms are not mechanical pincers as specified in canon and prompt.", "Bipboup's eye is not a 'screen-eye showing a mischievous smile' as specified in canon and prompt.", 'Pimprenelle is not hidden behind a rock and peeking out; she is standing openly.']
[09:12:44]       retry image 2/5
[09:14:11]     [3/5] image KO : ["Bipboup's arms are hands, not pincer arms, and its eye/mouth design is incorrect (not a single screen-eye showing a smile).", 'Pimprenelle is not hidden behind a rock or peeking out; she is standing openly, and her expression is kind, not determined.', 'Bipboup is holding a crystal, but is not actively removing it from a crater as described.']
[09:14:11]       retry image 3/5
[09:15:00]     [3/5] image KO : ['Pimprenelle is not hidden behind a large purple crystal rock or peeking out; she is standing openly.', "Bipboup's arms are not mechanical pincers as per canon, they are human-like hands.", 'Bipboup is not removing a crystal from a crater; it is holding a crystal while standing next to Pimprenelle.']
[09:15:00]       retry image 4/5
[09:15:47]     [3/5] image KO : ["Bipboup's design is incorrect (human-like hands instead of pincer arms, human-like eye with drawn smile instead of screen-eye).", 'Pimprenelle is not hidden behind a rock or peeking out; she is standing openly.', 'Bipboup is not removing a crystal from a crater; it is holding a crystal.']
[09:15:47]       retry image 5/5
[09:17:11]     [3/5] image KO : ['Bipboup has hands instead of pincer arms and a painted smile instead of a screen-eye showing a smile.', 'Pimprenelle is standing openly, not hidden behind a rock or peeking out.', 'Bipboup is not removing a crystal from a crater; no crater or large purple crystal rock is present.']
[09:17:11]     [3/5] IMAGE ECHEC apres retries
[09:17:49]     [4/5] image KO : ["Bipboup's design deviates significantly from canon (human-like hands instead of pincer arms, eye expression is not mischievous).", "Bipboup's eye is not projecting a hologram; the crashed spaceship is a separate physical object next to it.", "The image is not a close-up shot focusing on the characters, and the small red light on Bipboup's chest is missing."]
[09:17:49]       retry image 2/5
[09:18:48]     [4/5] image KO : ["Bipboup's screen-eye does not show a mischievous smile; it's a simple blue orb.", "Bipboup's arms are not mechanical pincer arms as described in the canon."]
[09:18:48]       retry image 3/5
[09:20:15]     [4/5] image KO : ["Bipboup's arms are not mechanical pincer arms as per canon, they are human-like robot hands.", "The small red blinking light on Bipboup's chest is missing.", "Bipboup's screen-eye shows a generic UFO, not clearly a sad hologram of a crashed spaceship."]
[09:20:15]       retry image 4/5
[09:20:49]     [4/5] image KO : ["Bipboup's hands are not mechanical pincer arms as specified in the canon.", "Bipboup's screen-eye does not show a mischievous smile as specified in the canon."]
[09:20:49]       retry image 5/5
[09:22:13]     [4/5] image KO : ['Bipboup has hands instead of mechanical pincer arms.', "Bipboup's eye is not a screen-eye showing a smile as per reference."]
[09:22:13]     [4/5] IMAGE ECHEC apres retries
[09:22:58]     [5/5] image KO : ["Pimprenelle is not touching Bipboup's antenna with her wand, and no light stream is flowing.", 'Vega-7 is missing its golden rings.', "Bipboup's eye is not a screen-eye showing a smiley face, and its arms are not pincers."]
[09:22:58]       retry image 2/5
[09:23:46]     [5/5] image OK (n/a)
[09:23:58]   IMAGES bilan : 3 OK, 2 fail
[09:23:58]   AUDIO : 5 MP3s a generer/verifier
[09:24:13]     [1/5] audio OK (100%)
[09:24:28]     [2/5] audio OK (100%)
[09:24:41]     [3/5] audio OK (100%)
[09:25:02]     [4/5] audio KO (99%) wrong=['Mon'] missing=[]
[09:25:02]       retry audio 2/3
[09:25:18]     [4/5] audio KO (99%) wrong=['Mon'] missing=['Le']
[09:25:18]       retry audio 3/3
[09:25:38]     [4/5] audio OK (100%)
[09:26:03]     [5/5] audio KO (98%) wrong=['Mon', 'œil écran', 'Vega 7'] missing=[]
[09:26:03]       retry audio 2/3
[09:26:26]     [5/5] audio KO (99%) wrong=['Mon', 'fondit'] missing=['Le', 'fendit']
[09:26:26]       retry audio 3/3
[09:28:05]     [5/5] audio KO (99%) wrong=['Pimprenelle', 'Oh', 'Bipboup'] missing=[]
[09:28:07]   AUDIO bilan : 4 OK, 1 fail
[09:28:07] <<< END : courte_sorciere_planete_skateboard_robot -> {'key': 'courte_sorciere_planete_skateboard_robot', 'text': 'OK', 'images': '3/5', 'audio': '4/5'}
[09:28:07] 
*** [33/243] courte_sorciere_planete_skateboard_fantome  (elapsed 9.3h)
[09:28:07] 
======================================================================
>>> START : courte_sorciere_planete_skateboard_fantome
======================================================================
[09:28:07]   voix pour ce niveau (courte) : fr-FR-Neural2-A
[09:28:07]   TEXTE : generation Gemini Pro...
[09:28:44]     OK : 'Pimprenelle et l'Artisan des Étoiles' (5 pages)
[09:28:44]   IMAGES : 5 pages a generer/verifier
[09:29:15]     [1/5] image KO : ['Vega-7 has only one ring instead of two as specified in its canonical description and the scene prompt.']
[09:29:15]       retry image 2/5
[09:29:50]     [1/5] image KO : ['Planet Vega-7 has only one ring instead of two, and lacks the specified purple and teal surface and glowing craters.', "Skateboard 'Fusee' lacks golden lightning bolt patterns and holographic shimmer, which are part of its canonical description."]
[09:29:50]       retry image 3/5
[09:30:20]     [1/5] image KO : ['Vega-7 has only one ring instead of two golden rings as specified in the prompt.', "Vega-7 is missing the 'tiny glowing craters' described in the prompt.", "Pimprenelle's hair is in a short braid at the back, not a 'long side braid' as specified."]
[09:30:20]       retry image 4/5
[09:31:19]     [1/5] image OK (n/a)
[09:32:22]     [2/5] image KO : ["Maitre Otho's appearance is inconsistent with reference (generic fluffy ghost instead of old craftsman with specific features)"]
[09:32:22]       retry image 2/5
[09:33:11]     [2/5] image OK (n/a)
[09:34:16]     [3/5] image KO : ['Maître Otho does not appear as an old craftsman and lacks the faded apron outline.', "Maître Otho's expression is friendly and curious, not sad or deeply melancholic as described.", "Maître Otho's eyes are dark, not pale grey."]
[09:34:16]       retry image 2/5
[09:35:16]     [3/5] image KO : ["Maître Otho's expression is cheerful/neutral, not sad or melancholic as explicitly requested for the scene's emotional tone.", "Maître Otho does not clearly appear 'shaped like an old craftsman' and lacks the faded apron outline mentioned in his canon description."]
[09:35:16]       retry image 3/5
[09:36:12]     [3/5] image OK (n/a)
[09:38:08]     [4/5] image OK (n/a)
[09:38:51]     [5/5] image KO : ['The floating object is depicted as a planet with rings, not a moon as described in the prompt.']
[09:38:51]       retry image 2/5
[09:39:19]     [5/5] image KO : ['The central floating object is a planet with rings, not a moon as described in the prompt.']
[09:39:19]       retry image 3/5
[09:40:15]     [5/5] image KO : ["Maître Otho is depicted as a solid human, not a ghost or spirit, which contradicts his canonical description and the prompt's description of his transformed state.", 'The central floating object is a planet with rings, not a moon as specified in the prompt.', "Pimprenelle's hat has stars instead of crescent moons, and she is missing her wand."]
[09:40:15]       retry image 4/5
[09:41:39]     [5/5] image KO : ["Maitre Otho's appearance deviates significantly from his ghost reference portrait, appearing as a solid human-like figure rather than a translucent ghost shape."]
[09:41:39]       retry image 5/5
[09:42:17]     [5/5] image KO : ['Maître Otho is depicted as a human old man, not a ghost or spirit as per his canonical species.', 'Pimprenelle is missing her canonical wooden wand with a crystal tip.', "Pimprenelle's hair is not in a long side braid as specified."]
[09:42:17]     [5/5] IMAGE ECHEC apres retries
[09:42:29]   IMAGES bilan : 4 OK, 1 fail
[09:42:29]   AUDIO : 5 MP3s a generer/verifier
[09:42:41]     [1/5] audio OK (100%)
[09:42:56]     [2/5] audio OK (100%)
[09:43:15]     [3/5] audio OK (100%)
[09:43:36]     [4/5] audio KO (99%) wrong=['Mon'] missing=['Le']
[09:43:36]       retry audio 2/3
[09:43:49]     [4/5] audio KO (99%) wrong=['Mon'] missing=[]
[09:43:49]       retry audio 3/3
[09:44:07]     [4/5] audio KO (99%) wrong=['Mon'] missing=['Le']
[09:44:20]     [5/5] audio OK (100%)
[09:44:22]   AUDIO bilan : 4 OK, 1 fail
[09:44:22] <<< END : courte_sorciere_planete_skateboard_fantome -> {'key': 'courte_sorciere_planete_skateboard_fantome', 'text': 'OK', 'images': '4/5', 'audio': '4/5'}
[09:44:22] 
*** [34/243] courte_sorciere_planete_guitare_monstre  (elapsed 9.6h)
[09:44:22] 
======================================================================
>>> START : courte_sorciere_planete_guitare_monstre
======================================================================
[09:44:22]   voix pour ce niveau (courte) : fr-FR-Neural2-A
[09:44:22]   TEXTE : generation Gemini Pro...
[09:45:12]     OK : 'Pimprenelle et le Silence de Vega-7' (5 pages)
[09:45:12]   IMAGES : 5 pages a generer/verifier
[09:45:46]     [1/5] image KO : ['Planet Vega-7 is missing its two thin golden rings.', 'The guitar does not clearly appear to be made of translucent crystal.']
[09:45:46]       retry image 2/5
[09:46:15]     [1/5] image KO : ['The guitar is not made of translucent crystal as described; it appears opaque and yellowish.', 'Pimprenelle is holding a wand, which was not specified in the page prompt for this scene.']
[09:46:15]       retry image 3/5
[09:46:48]     [1/5] image KO : ['Guitar body is not translucent crystal, appears wooden and opaque.', 'Planet Vega-7 has one golden ring instead of two.']
[09:46:48]       retry image 4/5
[09:47:41]     [1/5] image OK (n/a)
[09:48:41]     [2/5] image KO : ['Vega-7 missing golden rings', "Pimprenelle's expression not concerned", 'Vega-7 missing teal surface']
[09:48:41]       retry image 2/5
[09:50:05]     [2/5] image KO : ['Planet Vega-7 does not match canonical description (color, craters, rings)', 'Crystal guitar is depicted as a standard acoustic guitar, not crystal']
[09:50:05]       retry image 3/5
[09:50:50]     [2/5] image KO : ['Guitare des sept silences is not translucent crystal, looks like wood.']
[09:50:50]       retry image 4/5
[09:51:41]     [2/5] image KO : ['The crystal guitar is depicted as a regular wooden guitar, not a translucent crystal one as described in the canon and prompt.']
[09:51:41]       retry image 5/5
[09:53:06]     [2/5] image KO : ['Pimprenelle is missing her wooden wand with a crystal tip.', 'The guitar is a standard acoustic guitar, not the specified crystal guitar.', 'The golden rings and starry space of Vega-7 are not visible.']
[09:53:06]     [2/5] IMAGE ECHEC apres retries
[09:53:55]     [3/5] image KO : ["The crater's surface does not match Vega-7's canon description of a purple and teal surface; it appears grey and rocky."]
[09:53:55]       retry image 2/5
[09:54:47]     [3/5] image KO : ['The background planet (Vega-7) does not match its canonical description; it appears as a Saturn-like planet with stripes and prominent rings instead of a purple and teal surface with thin golden rings.']
[09:54:47]       retry image 3/5
[09:55:44]     [3/5] image KO : ["Grobi's expression does not match his canonical 'friendly toothy smile'", "Grobi's horn color does not match the golden/brown in the reference portrait"]
[09:55:44]       retry image 4/5
[09:57:06]     [3/5] image OK (n/a)
[09:57:47]     [4/5] image KO : ['The guitar is a standard acoustic guitar, not the described translucent pale crystal guitar that glows softly from within.']
[09:57:47]       retry image 2/5
[09:58:42]     [4/5] image KO : ['The guitar is not the specified crystal guitar; it appears to be a standard wooden acoustic guitar.', "The reflection of distant, dying stars in Grobi's eye is missing."]
[09:58:42]       retry image 3/5
[10:00:14]     [4/5] image OK (n/a)
[10:00:51]     [5/5] image KO : ["Pimprenelle's appearance is incorrect (missing witch attire, wrong hair color and style)."]
[10:00:51]       retry image 2/5
[10:01:40]     [5/5] image KO : ["The guitar is not the 'crystal guitar' (Guitare des sept silences) as described; it appears to be a standard acoustic guitar and does not glow intensely.", "The background planet does not clearly match Vega-7's canonical description (missing two golden rings, distinct glowing craters)."]
[10:01:40]       retry image 3/5
[10:03:09]     [5/5] image KO : ["The 'Guitare des sept silences' is described as having a 'translucent pale crystal body' but appears as a standard wooden acoustic guitar in the image."]
[10:03:09]       retry image 4/5
[10:03:41]     [5/5] image KO : ["The 'Guitare des sept silences' does not have a translucent pale crystal body; it appears to be a standard acoustic guitar that is glowing."]
[10:03:41]       retry image 5/5
[10:05:13]     [5/5] image KO : ['Guitare des sept silences is not a crystal guitar as described in canon; it appears to be a standard acoustic guitar.']
[10:05:13]     [5/5] IMAGE ECHEC apres retries
[10:05:25]   IMAGES bilan : 3 OK, 2 fail
[10:05:25]   AUDIO : 5 MP3s a generer/verifier
[10:05:40]     [1/5] audio OK (100%)
[10:05:57]     [2/5] audio OK (100%)
[10:06:11]     [3/5] audio OK (100%)
[10:06:31]     [4/5] audio OK (100%)
[10:07:01]     [5/5] audio KO (99%) wrong=['poussière', 'sept'] missing=['poussières', '7']
[10:07:01]       retry audio 2/3
[10:07:26]     [5/5] audio KO (99%) wrong=['poussière'] missing=['poussières']
[10:07:26]       retry audio 3/3
[10:07:51]     [5/5] audio KO (99%) wrong=['poussière'] missing=['poussières']
[10:07:53]   AUDIO bilan : 4 OK, 1 fail
[10:07:53] <<< END : courte_sorciere_planete_guitare_monstre -> {'key': 'courte_sorciere_planete_guitare_monstre', 'text': 'OK', 'images': '3/5', 'audio': '4/5'}
[10:07:53] 
*** [35/243] courte_sorciere_planete_guitare_robot  (elapsed 9.9h)
[10:07:53] 
======================================================================
>>> START : courte_sorciere_planete_guitare_robot
======================================================================
[10:07:53]   voix pour ce niveau (courte) : fr-FR-Neural2-A
[10:07:53]   TEXTE : generation Gemini Pro...
[10:08:38]     OK : 'Pimprenelle et la Chanson de Bipboup' (5 pages)
[10:08:38]   IMAGES : 5 pages a generer/verifier
[10:09:04]     [1/5] image KO : ['The guitar is not the translucent crystal guitar and does not glow softly.', "Pimprenelle's hair is not in a long side braid as specified.", "Pimprenelle's lavender robe does not clearly show star patterns."]
[10:09:04]       retry image 2/5
[10:09:26]     [1/5] image KO : ["Pimprenelle's hair is not in a long side braid as specified in the canon and prompt; it appears loose and curly.", 'The guitar is not a translucent crystal guitar; it appears to be a standard opaque acoustic guitar.']
[10:09:26]       retry image 3/5
[10:10:14]     [1/5] image KO : ["Pimprenelle's outfit is a full suit/pajamas instead of a lavender robe as specified in the canon and prompt."]
[10:10:14]       retry image 4/5
[10:11:06]     [1/5] image KO : ['The guitar is not translucent crystal as described in the canon and prompt; it appears to be a standard acoustic guitar.']
[10:11:06]       retry image 5/5
[10:12:30]     [1/5] image OK (n/a)
[10:13:07]     [2/5] image KO : ["Bipboup's design (arms, eye) does not match the canonical description.", "Pimprenelle is holding a standard acoustic guitar, not her wand, and it does not match the 'crystal guitar' description.", "The scene's actions and mood (Bipboup landing, chaos, Pimprenelle surprised/protective) are not depicted."]
[10:13:07]       retry image 2/5
[10:14:34]     [2/5] image KO : ["The 'Guitare des sept silences' is depicted as a standard acoustic guitar, not a translucent crystal guitar that glows and shimmers as described in its canonical reference."]
[10:14:34]       retry image 3/5
[10:15:33]     [2/5] image KO : ["Bipboup's arms are hands instead of mechanical pincers, and his eye is a physical eye, not a screen-eye.", 'The guitar is wooden instead of having a translucent pale crystal body.', "Pimprenelle's hair is not in a long side braid, and her hat has stars instead of crescent moons."]
[10:15:33]       retry image 4/5
[10:16:08]     [2/5] image KO : ["Bipboup's design deviates significantly from the reference, lacking riveted body and having human-like hands instead of pincer arms.", 'The guitar Pimprenelle is holding is a standard wooden acoustic guitar, not the specified translucent pale crystal guitar with shimmering strings and internal glow.', 'The planet Vega-7 is missing its two thin golden rings, a key canonical feature.']
[10:16:08]       retry image 5/5
[10:17:35]     [2/5] image KO : ["Pimprenelle's hair, hat, and robe details do not match the reference, and she is missing her wand.", "Bipboup's arms are cartoon hands instead of mechanical pincers, and his eye is not a screen-eye.", 'The guitar is a standard acoustic guitar, not the specified crystal guitar.']
[10:17:35]     [2/5] IMAGE ECHEC apres retries
[10:18:15]     [3/5] image KO : ['Bipboup has human-like hands instead of mechanical pincer arms as specified in canon.', 'The guitar is an opaque, wooden-looking acoustic guitar, not a translucent pale crystal body glowing softly from within as specified in canon.', 'The planet Vega-7 has only one thick ring, not two thin golden rings as specified in canon.']
[10:18:15]       retry image 2/5
[10:19:03]     [3/5] image KO : ["Bipboup's arms are not mechanical pincer arms as specified.", 'The guitar is not translucent crystal and does not glow softly from within.', 'The background is not blurred to suggest speed.']
[10:19:03]       retry image 3/5
[10:20:33]     [3/5] image KO : ['The crystal guitar is depicted as a standard wooden guitar, not translucent, crystal, or glowing as specified.', 'The background is not blurred to suggest speed; it shows a clear, static depiction of the planet surface and a planet.', "Bipboup's arms are not mechanical pincer arms as described, and his smile is drawn rather than a screen-eye."]
[10:20:33]       retry image 4/5
[10:21:13]     [3/5] image KO : ['The crystal guitar is depicted as a standard wooden acoustic guitar, not glowing or crystal.', "Pimprenelle's hat has star patterns instead of golden crescent moons.", "Bipboup's arms are depicted as hands, not mechanical pincer arms."]
[10:21:13]       retry image 5/5
[10:22:09]     [3/5] image KO : ['Bipboup has human-like hands instead of mechanical pincer arms.', 'The guitar is a standard wooden acoustic guitar, not a translucent pale crystal body glowing softly from within.', 'The background is not blurred to suggest speed, as requested in the prompt.']
[10:22:09]     [3/5] IMAGE ECHEC apres retries
[10:23:13]     [4/5] image KO : ['The guitar is not a translucent pale crystal body; it appears to be a standard wooden acoustic guitar.', "Vega-7's surface color is not purple and teal, and its golden rings are missing or incorrect."]
[10:23:13]       retry image 2/5
[10:24:17]     [4/5] image KO : ["Pimprenelle's hair color, hat, robe, and wand do not match canon.", "Bipboup's arms are not pincers, and his eye is not a screen-eye displaying an icon as specified.", "The guitar is a standard acoustic guitar, not the crystal, glowing 'Guitare des sept silences'."]
[10:24:17]       retry image 3/5
[10:25:09]     [4/5] image KO : ["Bipboup's hands are human-like, not mechanical pincers.", "Vega-7's appearance (color, missing rings, non-glowing crater) is incorrect.", 'The guitar is not translucent crystal and does not glow.']
[10:25:09]       retry image 4/5
[10:26:39]     [4/5] image KO : ['The guitar is not the specified "crystal guitar"; it appears to be a standard acoustic guitar.', "The ground/surface they are on does not match the description of Vega-7's purple and teal surface with glowing craters.", 'The image is not a "close-up shot" as requested.']
[10:26:39]       retry image 5/5
[10:27:06]     [4/5] image KO : ['The crystal guitar does not appear translucent or crystal-like, it looks like a glowing wooden guitar.']
[10:27:06]     [4/5] IMAGE ECHEC apres retries
[10:28:16]     [5/5] image KO : ['The crystal guitar is not translucent pale crystal and does not glow softly from within as described in the canon and prompt.', "The large planet in the background does not match Vega-7's canonical description (e.g., it has one large ring instead of two thin golden rings, and is a large gas giant rather than a small magical planet)."]
[10:28:16]       retry image 2/5
[10:29:07]     [5/5] image KO : ["The guitar is not the specified 'crystal guitar' and does not appear to glow.", 'The characters are not sitting on the surface of Vega-7, but on a patch of ground with the planet in the background.', "The 'faint, golden trail rises from Bipboup into the starry sky' is missing."]
[10:29:07]       retry image 3/5
[10:30:33]     [5/5] image KO : ['Missing faint, golden trail rising from Bipboup into the starry sky', 'Vega-7 planet in background has one ring instead of two', "Pimprenelle's hair is not in a long side braid"]
[10:30:33]       retry image 4/5
[10:31:06]     [5/5] image KO : ["Bipboup's arms are human-like hands instead of mechanical pincer arms as described in canon.", "The 'Guitare des sept silences' does not appear to be made of translucent pale crystal; it looks like a glowing wooden guitar."]
[10:31:06]       retry image 5/5
[10:32:35]     [5/5] image KO : ['The guitar is a standard wooden acoustic guitar, not a translucent pale crystal guitar as described in the canon.', 'The guitar does not appear to be glowing softly from within or emitting a soft, warm light as specified in the prompt.']
[10:32:35]     [5/5] IMAGE ECHEC apres retries
[10:32:47]   IMAGES bilan : 1 OK, 4 fail
[10:32:47]   AUDIO : 5 MP3s a generer/verifier
[10:33:27]     [1/5] audio KO (96%) wrong=['Vega', '7', 'guitare'] missing=['Vega-7']
[10:33:27]       retry audio 2/3
[10:33:43]     [1/5] audio OK (100%)
[10:33:55]     [2/5] audio OK (100%)
[10:34:37]     [3/5] audio KO (89%) wrong=['guitare', 'sept', 'silences'] missing=['BROUING', 'ZZZAP']
[10:34:37]       retry audio 2/3
[10:35:06]     [3/5] audio KO (97%) wrong=['Eh', 'B', 'R'] missing=['Hé', 'BROUING', 'ZZZAP']
[10:35:06]       retry audio 3/3
[10:35:33]     [3/5] audio KO (98%) wrong=['BROUING', 'ZZZAP'] missing=[]
[10:35:47]     [4/5] audio OK (100%)
[10:36:14]     [5/5] audio KO (97%) wrong=['œil', 'écran', 'guitare'] missing=['œil-écran', 'Guitare', 'Sept']
[10:36:14]       retry audio 2/3
[10:36:36]     [5/5] audio KO (97%) wrong=['guitare', 'sept', 'silences'] missing=[]
[10:36:36]       retry audio 3/3
[10:37:04]     [5/5] audio KO (97%) wrong=['Guitare', 'Sept', 'Silences'] missing=[]
[10:37:06]   AUDIO bilan : 3 OK, 2 fail
[10:37:06] <<< END : courte_sorciere_planete_guitare_robot -> {'key': 'courte_sorciere_planete_guitare_robot', 'text': 'OK', 'images': '1/5', 'audio': '3/5'}
[10:37:06] 
*** [36/243] courte_sorciere_planete_guitare_fantome  (elapsed 10.4h)
[10:37:06] 
======================================================================
>>> START : courte_sorciere_planete_guitare_fantome
======================================================================
[10:37:06]   voix pour ce niveau (courte) : fr-FR-Neural2-A
[10:37:06]   TEXTE : generation Gemini Pro...
[10:37:49]     OK : 'Pimprenelle et la Guitare des Sept Silences' (5 pages)
[10:37:49]   IMAGES : 5 pages a generer/verifier
[10:38:09]     [1/5] image OK (n/a)
[10:38:46]     [2/5] image KO : ['The Guitar of Seven Silences is depicted as a standard opaque wooden guitar, not a translucent crystal one that glows.', "The planet's surface is beige/brown instead of the specified purple and teal."]
[10:38:46]       retry image 2/5
[10:39:27]     [2/5] image KO : ["Pimprenelle's hair is not in a long side braid as described in her canonical appearance.", 'The planet Vega-7 is depicted as brown/tan with non-glowing craters, instead of purple/teal with tiny glowing craters.', 'The Guitar of Seven Silences is depicted as a standard wooden acoustic guitar, not a translucent crystal guitar that glows and has shimmering strings.']
[10:39:27]       retry image 3/5
[10:40:26]     [2/5] image KO : ['The guitar is a standard wooden acoustic guitar, not translucent crystal and glowing as described in the canon and prompt.']
[10:40:26]       retry image 4/5
[10:41:20]     [2/5] image KO : ['The guitar is a standard wooden acoustic guitar, not the described translucent crystal, glowing guitar.', "The planet's surface is beige/brown, not purple and teal as described for Vega-7."]
[10:41:20]       retry image 5/5
[10:42:16]     [2/5] image KO : ['The planet surface (Vega-7) is beige/brown instead of purple/teal and lacks glowing craters.', 'The guitar is made of wood instead of translucent crystal and does not glow.']
[10:42:16]     [2/5] IMAGE ECHEC apres retries
[10:43:22]     [3/5] image KO : ["The 'Guitare des sept silences' is depicted as a standard wooden acoustic guitar, not a translucent pale crystal guitar that glows softly from within, which is a major deviation from its canonical description and the prompt."]
[10:43:22]       retry image 2/5
[10:44:46]     [3/5] image KO : ["Maître Otho's appearance does not match reference (too human-like, not simple ghost)", 'The guitar is not crystal/translucent, looks like wood']
[10:44:46]       retry image 3/5
[10:45:19]     [3/5] image KO : ["Maître Otho's apron is solid and opaque, not a faded outline or translucent as described for a ghost.", 'The guitar is a standard acoustic guitar, not translucent pale crystal or glowing softly from within.', 'The planet Vega-7 is missing its two thin golden rings.']
[10:45:19]       retry image 4/5
[10:46:44]     [3/5] image KO : ["The 'Guitare des sept silences' is depicted as a standard wooden acoustic guitar instead of a translucent pale crystal body that glows softly from within."]
[10:46:44]       retry image 5/5
[10:47:21]     [3/5] image KO : ["The 'Guitare des sept silences' is depicted as a standard wooden acoustic guitar instead of a translucent pale crystal guitar that glows softly from within."]
[10:47:21]     [3/5] IMAGE ECHEC apres retries
[10:48:23]     [4/5] image KO : ['Maître Otho is not translucent, and his hand is not passing through the guitar as described in the prompt.', 'The guitar is a standard acoustic guitar, not a translucent crystal guitar as specified in the canon.', "Maître Otho's overall appearance (eyes, lack of ethereal glow, apron) deviates significantly from the reference."]
[10:48:23]       retry image 2/5
[10:49:27]     [4/5] image KO : ["The 'Guitare des sept silences' is depicted as a standard wooden acoustic guitar, not a translucent pale crystal body that glows softly from within, as described in both the canonical item description and the page prompt.", "Maître Otho is not depicted as 'small' relative to Pimprenelle, and his apron is a solid blue rather than a faded outline. His eyes are dark, not pale grey.", "The planet Vega-7's colors are off (more brown/orange than purple/teal), and its rings are thick rather than two thin golden rings."]
[10:49:27]       retry image 3/5
[10:50:18]     [4/5] image KO : ["Ghost's hand is touching the guitar instead of passing through it, missing a critical plot point.", 'The guitar is not crystal or translucent as described in the canon.', "Maitre Otho's appearance deviates significantly from the reference portrait and 'shaped like an old craftsman' description."]
[10:50:18]       retry image 4/5
[10:51:49]     [4/5] image KO : ["Maître Otho does not clearly resemble an 'old craftsman' and is missing his apron. His eyes are dark, not pale grey.", 'The crystal guitar does not appear to have a translucent pale crystal body; it looks more like a glowing wooden guitar.', "The planet Vega-7 has one thick ring instead of the specified 'two thin golden rings'."]
[10:51:49]       retry image 5/5
[10:52:26]     [4/5] image KO : ["The 'Guitare des sept silences' is depicted as a wooden acoustic guitar, not a translucent pale crystal body as specified in the canon.", "Pimprenelle's hair is not in a long side braid, her hat lacks golden crescent moons, and her robe lacks star patterns.", "Vega-7's surface colors and ring structure do not match the canonical description of purple and teal surface with two thin golden rings."]
[10:52:26]     [4/5] IMAGE ECHEC apres retries
[10:53:31]     [5/5] image KO : ["The 'Guitare des sept silences' is depicted as a standard wooden acoustic guitar, not a translucent pale crystal guitar glowing from within as specified in the canon.", "Maître Otho's appearance deviates significantly from the reference, lacking the wispy white beard, pale grey eyes, and faded outline of an old craftsman's apron.", "Pimprenelle's hair is in two braids instead of one long side braid, and her lavender robe lacks the specified star patterns."]
[10:53:31]       retry image 2/5
[10:54:29]     [5/5] image KO : ["The guitar is a standard wooden acoustic guitar, not the 'crystal guitar' with a translucent body and inner glow as described in the scene prompt.", 'The guitar does not glow brilliantly with inner blue and golden light as specified in the prompt.']
[10:54:29]       retry image 3/5
[10:55:18]     [5/5] image KO : ['Guitare des sept silences is not a crystal guitar, looks like a standard wooden acoustic guitar and is not glowing or emitting light notes.', 'Maitre Otho is not fading or becoming transparent, and his specific craftsman details and pale grey eyes are missing.', 'Vega-7 planet colors, craters, and rings do not match description, and its craters are not glowing.']
[10:55:18]       retry image 4/5
[10:56:45]     [5/5] image KO : ['The guitar is a standard acoustic guitar, not the magical crystal guitar described, and lacks all its glowing properties.', 'Maître Otho is not shown fading away or becoming transparent as described in the prompt.', "Pimprenelle's hat and robe are missing canonical details (crescent moons, stars), and Vega-7 has only one ring instead of two and lacks glowing craters."]
[10:56:45]       retry image 5/5
[10:57:20]     [5/5] image KO : ["The 'Guitare des sept silences' is depicted as a standard wooden guitar, not a translucent crystal guitar glowing with inner light as described.", "Maître Otho's appearance does not match the reference; he lacks the old craftsman features and long wispy beard, appearing as a more generic ghost.", "The scene fails to show Maître Otho fading away into sparkles of light, and the guitar is not glowing or emitting music notes, which are central to the prompt's description."]
[10:57:20]     [5/5] IMAGE ECHEC apres retries
[10:57:32]   IMAGES bilan : 1 OK, 4 fail
[10:57:32]   AUDIO : 5 MP3s a generer/verifier
[10:57:46]     [1/5] audio OK (100%)
[10:57:59]     [2/5] audio OK (100%)
[10:58:16]     [3/5] audio OK (100%)
[10:58:33]     [4/5] audio OK (100%)
[10:58:56]     [5/5] audio OK (100%)
[10:58:58]   AUDIO bilan : 5 OK, 0 fail
[10:58:58] <<< END : courte_sorciere_planete_guitare_fantome -> {'key': 'courte_sorciere_planete_guitare_fantome', 'text': 'OK', 'images': '1/5', 'audio': '5/5'}
[10:58:58] 
*** [37/243] courte_sorciere_chateau_baguette_monstre  (elapsed 10.8h)
[10:58:58] 
======================================================================
>>> START : courte_sorciere_chateau_baguette_monstre
======================================================================
[10:58:58]   voix pour ce niveau (courte) : fr-FR-Neural2-A
[10:58:58]   TEXTE : generation Gemini Pro...
[10:59:40]     OK : 'Pimprenelle et le cœur de la tour oubliée' (5 pages)
[10:59:40]   IMAGES : 5 pages a generer/verifier
[11:00:09]     [1/5] image OK (n/a)
[11:00:44]     [2/5] image OK (n/a)
[11:01:22]     [3/5] image KO : ['Pimprenelle is not holding her wooden wand with crystal tip as described in her canonical appearance.']
[11:01:22]       retry image 2/5
[11:02:14]     [3/5] image KO : ['Pimprenelle is not holding her wooden wand with crystal tip, which is a key part of her canonical character description.']
[11:02:14]       retry image 3/5
[11:03:07]     [3/5] image KO : ['Staircase is straight, not spiral as specified in the prompt.']
[11:03:07]       retry image 4/5
[11:04:33]     [3/5] image KO : ['Staircase is straight, not spiral as specified.', "The door opens to an exterior view of the castle, not an interior space as implied by the prompt's description of the glow and setting."]
[11:04:33]       retry image 5/5
[11:05:21]     [3/5] image KO : ['Staircase is not spiral as specified in the prompt, it appears to be a straight set of steps.']
[11:05:21]     [3/5] IMAGE ECHEC apres retries
[11:06:07]     [4/5] image KO : ["Grobi's horns are not consistent with reference (larger, ridged, different color)"]
[11:06:07]       retry image 2/5
[11:07:35]     [4/5] image KO : ["Grobi's horns are significantly larger and more prominent than the 'two short curved horns' specified in the canon and shown in the reference portrait."]
[11:07:35]       retry image 3/5
[11:08:14]     [4/5] image KO : ["Pimprenelle's wand is purple instead of wooden as specified in her description and reference."]
[11:08:14]       retry image 4/5
[11:09:05]     [4/5] image OK (n/a)
[11:10:10]     [5/5] image KO : ["Grobi's horns do not match the reference (color and texture).", 'Etoile is missing the red ribbon.', 'Etoile is missing swirling carvings.']
[11:10:10]       retry image 2/5
[11:11:41]     [5/5] image KO : ["Etoile's design does not match canonical description (missing specific wood, carvings, red ribbon).", "Grobi's horns are not prominent and curved as described in the canonical reference."]
[11:11:41]       retry image 3/5
[11:12:13]     [5/5] image KO : ['Pimprenelle is holding a generic star-tipped wand instead of Etoile, which is lying unused on the floor. The prompt specified Etoile should be pointed at the broken stone star.']
[11:12:13]       retry image 4/5
[11:13:25]     [5/5] image KO : ["Pimprenelle's hair is brown and not in a long side braid, instead of red curly hair in a long side braid.", 'Pimprenelle is not wearing her deep purple pointed hat with golden crescent moons.', 'Pimprenelle is holding a star-tipped wand, not her canonical wooden wand with a crystal tip.']
[11:13:25]       retry image 5/5
[11:14:16]     [5/5] image KO : ["Pimprenelle's hair is brown and loose, not red and in a long side braid.", 'Pimprenelle is missing her deep purple pointed hat with golden crescent moons.', 'The wand (Etoile) does not match its description (missing carvings, ribbon, and specific star tip design).']
[11:14:16]     [5/5] IMAGE ECHEC apres retries
[11:14:28]   IMAGES bilan : 3 OK, 2 fail
[11:14:28]   AUDIO : 5 MP3s a generer/verifier
[11:14:46]     [1/5] audio OK (100%)
[11:14:59]     [2/5] audio OK (100%)
[11:15:23]     [3/5] audio KO (99%) wrong=['Elle'] missing=['Elles']
[11:15:23]       retry audio 2/3
[11:15:37]     [3/5] audio OK (100%)
[11:15:54]     [4/5] audio OK (100%)
[11:16:14]     [5/5] audio KO (99%) wrong=['Mon'] missing=['Le']
[11:16:14]       retry audio 2/3
[11:16:35]     [5/5] audio KO (99%) wrong=['Mon'] missing=['Le']
[11:16:35]       retry audio 3/3
[11:16:50]     [5/5] audio OK (100%)
[11:16:52]   AUDIO bilan : 5 OK, 0 fail
[11:16:52] <<< END : courte_sorciere_chateau_baguette_monstre -> {'key': 'courte_sorciere_chateau_baguette_monstre', 'text': 'OK', 'images': '3/5', 'audio': '5/5'}
[11:16:52] 
*** [38/243] courte_sorciere_chateau_baguette_robot  (elapsed 11.1h)
[11:16:52] 
======================================================================
>>> START : courte_sorciere_chateau_baguette_robot
======================================================================
[11:16:52]   voix pour ce niveau (courte) : fr-FR-Neural2-A
[11:16:52]   TEXTE : generation Gemini Pro...
[11:17:41]     OK : 'Pimprenelle et le Voleur d'Étoiles' (5 pages)
[11:17:41]   IMAGES : 5 pages a generer/verifier
[11:18:03]     [1/5] image OK (n/a)
[11:18:41]     [2/5] image OK (n/a)
[11:19:20]     [3/5] image KO : ["Bipboup's arms are not mechanical pincers as specified in the reference; they are human-like hands."]
[11:19:20]       retry image 2/5
[11:20:11]     [3/5] image OK (n/a)
[11:21:10]     [4/5] image OK (n/a)
[11:22:17]     [5/5] image KO : ['Pimprenelle is holding a star-tipped wand instead of her canonical crystal-tipped wand.', "Bipboup's eye is a simple round eye, not a screen-eye showing an emoji, and its arms are not clearly mechanical pincers.", 'The magical wand Etoile is missing its specific details (swirling carvings, red ribbon).']
[11:22:17]       retry image 2/5
[11:23:14]     [5/5] image KO : ['Pimprenelle is holding Etoile (the star-tipped wand) instead of her own specified crystal-tipped wand.', 'There are two wands resembling Etoile in the scene, but only one Etoile should exist and be on the ledge.', "Pimprenelle's personal crystal-tipped wand is absent from the scene."]
[11:23:14]       retry image 3/5
[11:24:10]     [5/5] image KO : ["Pimprenelle's wand tip is a star, not a crystal as per reference.", "Bipboup's arms are hands, not pincer arms as per reference.", 'Etoile (wand on ledge) does not match description (missing golden star tip, red ribbon).']
[11:24:10]       retry image 4/5
[11:25:40]     [5/5] image KO : ['Pimprenelle is holding a star-tipped wand (like Etoile) instead of her own crystal-tipped wand.', "Bipboup's eye is a simple blue eye with a pupil, not a screen-eye displaying a smiling emoji.", "There are two wands resembling Etoile (one held by Pimprenelle, one on the ledge), contradicting the prompt's description of Etoile's location and Pimprenelle's wand."]
[11:25:40]       retry image 5/5
[11:26:15]     [5/5] image KO : ['Pimprenelle is holding a star-tipped wand instead of her canonical wooden wand with a crystal tip.', 'Bipboup has hands instead of its canonical mechanical pincer arms.', 'An extra, unmentioned star-tipped wand is present on the stone ledge.']
[11:26:15]     [5/5] IMAGE ECHEC apres retries
[11:26:27]   IMAGES bilan : 4 OK, 1 fail
[11:26:27]   AUDIO : 5 MP3s a generer/verifier
[11:26:44]     [1/5] audio KO (99%) wrong=['clang'] missing=[]
[11:26:44]       retry audio 2/3
[11:27:08]     [1/5] audio KO (99%) wrong=['clang'] missing=['CLANG']
[11:27:08]       retry audio 3/3
[11:27:28]     [1/5] audio KO (99%) wrong=['clang'] missing=[]
[11:27:46]     [2/5] audio OK (100%)
[11:28:05]     [3/5] audio OK (100%)
[11:28:24]     [4/5] audio OK (100%)
[11:28:41]     [5/5] audio OK (100%)
[11:28:43]   AUDIO bilan : 4 OK, 1 fail
[11:28:43] <<< END : courte_sorciere_chateau_baguette_robot -> {'key': 'courte_sorciere_chateau_baguette_robot', 'text': 'OK', 'images': '4/5', 'audio': '4/5'}
[11:28:43] 
*** [39/243] courte_sorciere_chateau_baguette_fantome  (elapsed 11.3h)
[11:28:43] 
======================================================================
>>> START : courte_sorciere_chateau_baguette_fantome
======================================================================
[11:28:43]   voix pour ce niveau (courte) : fr-FR-Neural2-A
[11:28:43]   TEXTE : generation Gemini Pro...
[11:29:17]     OK : 'Pimprenelle et la baguette du vieil artisan' (5 pages)
[11:29:17]   IMAGES : 5 pages a generer/verifier
[11:29:40]     [1/5] image KO : ['An unprompted floating star-tipped wand (Etoile) is present in the scene, which was not requested.']
[11:29:40]       retry image 2/5
[11:30:04]     [1/5] image OK (n/a)
[11:30:41]     [2/5] image OK (n/a)
[11:31:52]     [3/5] image OK (n/a)
[11:32:58]     [4/5] image KO : ["Maître Otho's appearance deviates significantly from his canonical description (e.g., dark eyes instead of pale grey, solid beard instead of wispy, missing apron outline)."]
[11:32:58]       retry image 2/5
[11:33:49]     [4/5] image KO : ["Maître Otho's appearance deviates significantly from the reference: wrong eye color/style, missing craftsman's apron, and less of an 'old craftsman' shape."]
[11:33:49]       retry image 3/5
[11:34:44]     [4/5] image KO : ["Maître Otho's appearance (size, eye color/style, apron detail, and overall character design) deviates significantly from the provided reference.", "Maître Otho's expression is neutral, not conveying the 'profound sadness' specified in the prompt.", "The wand Etoile is shown with its five-pointed star tip already present, contradicting the prompt's description of it as 'unfinished' and the schematic showing what it 'should have'."]
[11:34:44]       retry image 4/5
[11:36:15]     [4/5] image KO : ["Pimprenelle's hat is missing golden crescent moons and her lavender robe is missing star patterns.", 'Maître Otho is smiling instead of looking at the unfinished wand with profound sadness.']
[11:36:15]       retry image 5/5
[11:36:51]     [4/5] image KO : ["Maître Otho's appearance does not match the reference (lacks craftsman shape, specific eyes) and his expression does not convey 'profound sadness' as described in the prompt.", "The wand on the workbench appears finished with a star tip, contradicting the prompt's description of an 'unfinished' wand and the schematic 'showing it should have a five-pointed star tip'.", 'The schematic drawing is generic and does not clearly illustrate a five-pointed star tip as a future addition to the wand.']
[11:36:51]     [4/5] IMAGE ECHEC apres retries
[11:37:56]     [5/5] image KO : ["Pimprenelle's hair is not a long side braid as per reference.", "Maître Otho's appearance deviates significantly from reference: eyes are dark, not pale grey; lacks faded apron outline; body shape is more defined than ethereal.", "The wand 'Étoile' is missing swirling carvings and the red ribbon."]
[11:37:56]       retry image 2/5
[11:38:49]     [5/5] image KO : ['Maître Otho does not resemble an old craftsman, missing apron and pale grey eyes, appearing more like a generic sheet ghost.', "Pimprenelle's hair is not curly or in a long side braid as specified.", "Pimprenelle's hat is missing the golden crescent moons."]
[11:38:49]       retry image 3/5
[11:39:48]     [5/5] image OK (n/a)
[11:40:00]   IMAGES bilan : 4 OK, 1 fail
[11:40:00]   AUDIO : 5 MP3s a generer/verifier
[11:40:20]     [1/5] audio OK (100%)
[11:40:38]     [2/5] audio KO (99%) wrong=['La'] missing=['Le']
[11:40:38]       retry audio 2/3
[11:40:52]     [2/5] audio KO (99%) wrong=['La'] missing=[]
[11:40:52]       retry audio 3/3
[11:41:08]     [2/5] audio KO (99%) wrong=['La'] missing=[]
[11:41:27]     [3/5] audio OK (100%)
[11:41:38]     [4/5] audio OK (100%)
[11:42:05]     [5/5] audio KO (99%) wrong=['puis'] missing=['put']
[11:42:05]       retry audio 2/3
[11:42:22]     [5/5] audio KO (99%) wrong=['puis'] missing=['put']
[11:42:22]       retry audio 3/3
[11:42:42]     [5/5] audio KO (98%) wrong=['Mon', 'puis'] missing=['Le', 'put']
[11:42:44]   AUDIO bilan : 3 OK, 2 fail
[11:42:44] <<< END : courte_sorciere_chateau_baguette_fantome -> {'key': 'courte_sorciere_chateau_baguette_fantome', 'text': 'OK', 'images': '4/5', 'audio': '3/5'}
[11:42:44] 
*** [40/243] courte_sorciere_chateau_skateboard_monstre  (elapsed 11.5h)
[11:42:44] 
======================================================================
>>> START : courte_sorciere_chateau_skateboard_monstre
======================================================================
[11:42:44]   voix pour ce niveau (courte) : fr-FR-Neural2-A
[11:42:44]   TEXTE : generation Gemini Pro...
[11:43:25]     OK : 'Pimprenelle et le Voleur d'Étoiles' (5 pages)
[11:43:25]   IMAGES : 5 pages a generer/verifier
[11:43:56]     [1/5] image OK (n/a)
[11:44:39]     [2/5] image KO : ['The scene is depicted outdoors with the castle in the background, instead of "inside the Belmondrie castle" as specified.', 'The image lacks the "dark", "deep shadows", and "suspense and mystery" atmosphere described, appearing bright and well-lit instead.']
[11:44:39]       retry image 2/5
[11:45:08]     [2/5] image KO : ['Setting is outside the castle on exterior steps, not inside on a spiral staircase.']
[11:45:08]       retry image 3/5
[11:46:00]     [2/5] image KO : ['Wrong setting: image is outside the castle, prompt specifies inside a spiral staircase', 'Wrong atmosphere and lighting: image is bright and open, prompt specifies dark, suspenseful, with deep shadows', "Pimprenelle's wand is not glowing as described"]
[11:46:00]       retry image 4/5
[11:46:58]     [2/5] image OK (n/a)
[11:47:58]     [3/5] image KO : ["Grobi's horns do not match the reference; they are long, spiraled, and brown instead of short, curved, and golden."]
[11:47:58]       retry image 2/5
[11:48:53]     [3/5] image OK (n/a)
[11:49:54]     [4/5] image OK (n/a)
[11:51:01]     [5/5] image KO : ['Belmondrie castle walls are not crumbling, and windows are not broken as described in its canonical details.', 'Belmondrie castle does not have three equally tall and pointed towers as described.']
[11:51:01]       retry image 2/5
[11:51:48]     [5/5] image OK (n/a)
[11:52:00]   IMAGES bilan : 5 OK, 0 fail
[11:52:00]   AUDIO : 5 MP3s a generer/verifier
[11:52:17]     [1/5] audio KO (99%) wrong=['roulette'] missing=['roulettes']
[11:52:17]       retry audio 2/3
[11:52:34]     [1/5] audio KO (98%) wrong=['couvert', 'roulette'] missing=['couverts', 'roulettes']
[11:52:34]       retry audio 3/3
[11:52:47]     [1/5] audio OK (100%)
[11:53:06]     [2/5] audio OK (100%)
[11:53:21]     [3/5] audio OK (100%)
[11:53:47]     [4/5] audio KO (99%) wrong=["N'est"] missing=[]
[11:53:47]       retry audio 2/3
[11:54:02]     [4/5] audio KO (99%) wrong=["N'est"] missing=[]
[11:54:02]       retry audio 3/3
[11:54:24]     [4/5] audio KO (98%) wrong=["N'est", 'étoiles'] missing=[]
[11:54:42]     [5/5] audio OK (100%)
[11:54:44]   AUDIO bilan : 4 OK, 1 fail
[11:54:44] <<< END : courte_sorciere_chateau_skateboard_monstre -> {'key': 'courte_sorciere_chateau_skateboard_monstre', 'text': 'OK', 'images': '5/5', 'audio': '4/5'}
[11:54:44] 
*** [41/243] courte_sorciere_chateau_skateboard_robot  (elapsed 11.7h)
[11:54:44] 
======================================================================
>>> START : courte_sorciere_chateau_skateboard_robot
======================================================================
[11:54:44]   voix pour ce niveau (courte) : fr-FR-Neural2-A
[11:54:44]   TEXTE : generation Gemini Pro...
[11:55:24]     OK : 'Pimprenelle et le Voleur Scintillant' (5 pages)
[11:55:24]   IMAGES : 5 pages a generer/verifier
[11:55:48]     [1/5] image KO : ["Pimprenelle's expression is not worried as described in the prompt."]
[11:55:48]       retry image 2/5
[11:56:12]     [1/5] image KO : ["Pimprenelle's expression is not worried as described in the prompt.", 'The footprints are not metallic as described in the prompt, appearing as paw prints instead.']
[11:56:12]       retry image 3/5
[11:56:57]     [1/5] image KO : ["Pimprenelle's hair is not in a long red braid as specified in the prompt and reference.", 'The footprints on the floor are paw prints, not tiny metallic robot footprints as implied by the prompt.']
[11:56:57]       retry image 4/5
[11:57:46]     [1/5] image OK (n/a)
[11:58:56]     [2/5] image KO : ['Missing the trail of small, mechanical footprints on the mossy ground, which Pimprenelle should be following.', 'Belmondrie castle is present in the background, but it was not requested in the scene description.', "Pimprenelle's red curly hair is not in a long side braid as specified in her canonical description."]
[11:58:56]       retry image 2/5
[11:59:52]     [2/5] image KO : ['Missing small, mechanical footprints on the ground, which are a key narrative element.', "Pimprenelle's hair is not in a long side braid as specified in her reference.", "Pimprenelle's hat has star patterns instead of golden crescent moons."]
[11:59:52]       retry image 3/5
[12:01:12]     [2/5] image OK (n/a)
[12:01:49]     [3/5] image OK (n/a)
[12:02:51]     [4/5] image KO : ['Bipboup has human-like hands instead of mechanical pincer arms.']
[12:02:51]       retry image 2/5
[12:04:26]     [4/5] image OK (n/a)
[12:05:14]     [5/5] image KO : ["Pimprenelle's design deviates significantly from the reference (missing witch hat, braid, robe, star patterns).", 'Fusee (skateboard) is missing the golden lightning bolt pattern and its wheels are not neon-pink glowing.']
[12:05:14]       retry image 2/5
[12:06:11]     [5/5] image KO : ["The skateboard is missing the golden lightning bolt pattern, which Pimprenelle's wand is explicitly described as touching in the prompt."]
[12:06:11]       retry image 3/5
[12:07:05]     [5/5] image KO : ["Bipboup's arms are not mechanical pincers as per the reference.", "The skateboard is missing the golden lightning bolt pattern, which is a key canonical feature and target for Pimprenelle's wand in the prompt.", "Belmondrie castle lacks the specified 'crumbling walls' and 'broken windows showing warm magical glow inside'."]
[12:07:05]       retry image 4/5
[12:08:01]     [5/5] image KO : ["Pimprenelle's hat has stars instead of golden crescent moons.", "Pimprenelle's hair is loose/wavy instead of a long side braid.", "Pimprenelle's lavender robe is missing star patterns."]
[12:08:01]       retry image 5/5
[12:08:59]     [5/5] image KO : ["Pimprenelle's hat has stars instead of crescent moons, and her robe lacks star patterns.", 'The skateboard (Fusee) is missing the golden lightning bolt pattern, which Pimprenelle is meant to touch.', 'Bipboup has human-like hands instead of mechanical pincer arms.']
[12:08:59]     [5/5] IMAGE ECHEC apres retries
[12:09:11]   IMAGES bilan : 4 OK, 1 fail
[12:09:11]   AUDIO : 5 MP3s a generer/verifier
[12:09:26]     [1/5] audio OK (100%)
[12:09:55]     [2/5] audio KO (97%) wrong=['bois', 'murmures', 'Fusée'] missing=['Bois', 'Murmures', 'Fusee']
[12:09:55]       retry audio 2/3
[12:10:10]     [2/5] audio OK (100%)
[12:10:34]     [3/5] audio KO (99%) wrong=['Ma'] missing=['Le']
[12:10:34]       retry audio 2/3
[12:10:48]     [3/5] audio OK (100%)
[12:11:34]     [4/5] audio KO (95%) wrong=['Bipbou', 'bon', 'est'] missing=['Bipboup', 'bond', 'émit']
[12:11:34]       retry audio 2/3
[12:12:01]     [4/5] audio KO (94%) wrong=['Bipbou', 'bon', 'est'] missing=['Bipboup', 'bond', 'émit']
[12:12:01]       retry audio 3/3
[12:12:20]     [4/5] audio OK (100%)
[12:12:51]     [5/5] audio OK (100%)
[12:12:53]   AUDIO bilan : 5 OK, 0 fail
[12:12:53] <<< END : courte_sorciere_chateau_skateboard_robot -> {'key': 'courte_sorciere_chateau_skateboard_robot', 'text': 'OK', 'images': '4/5', 'audio': '5/5'}
[12:12:53] 
*** [42/243] courte_sorciere_chateau_skateboard_fantome  (elapsed 12.0h)
[12:12:53] 
======================================================================
>>> START : courte_sorciere_chateau_skateboard_fantome
======================================================================
[12:12:53]   voix pour ce niveau (courte) : fr-FR-Neural2-A
[12:12:53]   TEXTE : generation Gemini Pro...
[12:13:44]     OK : 'Pimprenelle et le fantôme de l'atelier' (5 pages)
[12:13:44]   IMAGES : 5 pages a generer/verifier
[12:14:14]     [1/5] image OK (n/a)
[12:14:58]     [2/5] image KO : ['The corridor is described as "dark" but appears brightly lit.', "Pimprenelle's hair is not a long side braid as described in canon and reference.", "Skateboard 'Fusee' is missing golden lightning bolt patterns and holographic shimmer."]
[12:14:58]       retry image 2/5
[12:15:27]     [2/5] image KO : ["The corridor is depicted as bright and well-lit by windows, rather than 'dark' as specified in the prompt.", "The magical light from the skateboard's wheels is not the primary light source, nor does it create the 'long, mysterious shadows ahead' as described; external light sources dominate."]
[12:15:27]       retry image 3/5
[12:16:15]     [2/5] image KO : ["The corridor is brightly lit instead of dark, which prevents the 'long, mysterious shadows' described.", 'Tapestries are missing from the walls, replaced by banners.']
[12:16:15]       retry image 4/5
[12:17:44]     [2/5] image KO : ['The castle corridor is brightly lit by natural light, not a "dark, majestic corridor" as specified in the prompt.', 'The magical light effects from the skateboard (neon-pink glowing wheels, holographic shimmer, casting vibrant light, creating mysterious shadows) are entirely absent; the lighting is natural.', "Pimprenelle's hat has stars instead of the specified golden crescent moons."]
[12:17:44]       retry image 5/5
[12:18:22]     [2/5] image KO : ["Pimprenelle's appearance deviates significantly from the canonical description: her hair is loose instead of a long side braid, her hat has stars instead of crescent moons, and her wand is not wooden with a crystal tip.", "The scene is described as a 'dark' corridor with 'mysterious shadows' created by the skateboard's glow, but the image is brightly lit with no magical light effects or shadows.", "The skateboard 'Fusee' is missing key design elements (lightning bolt patterns) and its wheels are not glowing neon-pink, nor is it casting vibrant magical light as described."]
[12:18:22]     [2/5] IMAGE ECHEC apres retries
[12:19:21]     [3/5] image OK (n/a)
[12:20:19]     [4/5] image KO : ['Two Pimprenelles are present instead of one.', 'Maitre Otho is missing his defining long wispy white beard and faded apron outline.', 'Pimprenelle is missing her wooden wand with a crystal tip.']
[12:20:19]       retry image 2/5
[12:21:10]     [4/5] image KO : ['Maitre Otho is missing from the scene', 'There are two Pimprenelles instead of one', 'The core interaction between Pimprenelle and Maitre Otho is absent']
[12:21:10]       retry image 3/5
[12:22:32]     [4/5] image OK (n/a)
[12:23:09]     [5/5] image KO : ["Maitre Otho does not resemble the 'old craftsman' description (missing beard, apron, specific eyes)."]
[12:23:09]       retry image 2/5
[12:24:35]     [5/5] image KO : ["Maitre Otho's appearance deviates significantly from his canonical description and reference portrait; he is depicted as a detailed, human-shaped glowing spirit rather than a small, translucent ghost with a blue-white glow and faded apron."]
[12:24:35]       retry image 3/5
[12:25:26]     [5/5] image KO : ["Maitre Otho's ghostly form is not depicted as fading or becoming a swirl of light; his features are too distinct instead of disappearing."]
[12:25:26]       retry image 4/5
[12:26:20]     [5/5] image KO : ["Maitre Otho's appearance is a major design drift from the 'old craftsman' reference (e.g., beard, eyes, lack of apron outline).", "Maitre Otho is not depicted as 'becoming a swirl of bright, warm light' or 'fading...as he disappears' as described in the prompt; he appears fully formed and static.", "Pimprenelle's hat has stars instead of crescent moons, and she is missing her wooden wand."]
[12:26:20]       retry image 5/5
[12:27:16]     [5/5] image KO : ['Belmondrie castle roofs are yellow/orange instead of blue as per reference.']
[12:27:16]     [5/5] IMAGE ECHEC apres retries
[12:27:28]   IMAGES bilan : 3 OK, 2 fail
[12:27:28]   AUDIO : 5 MP3s a generer/verifier
[12:27:43]     [1/5] audio OK (100%)
[12:28:06]     [2/5] audio OK (100%)
[12:28:34]     [3/5] audio KO (98%) wrong=['cafarnaum', "d'invention", 'terminée'] missing=['capharnaüm', "d'inventions", 'terminées']
[12:28:34]       retry audio 2/3
[12:28:56]     [3/5] audio KO (98%) wrong=['cafarnaum', "d'invention", 'terminée'] missing=['capharnaüm', "d'inventions", 'terminées']
[12:28:56]       retry audio 3/3
[12:29:26]     [3/5] audio KO (97%) wrong=['cafarnaum', "d'invention", 'terminée'] missing=[]
[12:31:07]     [4/5] audio KO (98%) wrong=['Maître Otho', 'il ne savait plus', 'il expliqua'] missing=[]
[12:31:07]       retry audio 2/3
[12:31:23]     [4/5] audio OK (100%)
[12:31:45]     [5/5] audio OK (100%)
[12:31:47]   AUDIO bilan : 4 OK, 1 fail
[12:31:47] <<< END : courte_sorciere_chateau_skateboard_fantome -> {'key': 'courte_sorciere_chateau_skateboard_fantome', 'text': 'OK', 'images': '3/5', 'audio': '4/5'}
[12:31:47] 
*** [43/243] courte_sorciere_chateau_guitare_monstre  (elapsed 12.3h)
[12:31:47] 
======================================================================
>>> START : courte_sorciere_chateau_guitare_monstre
======================================================================
[12:31:48]   voix pour ce niveau (courte) : fr-FR-Neural2-A
[12:31:48]   TEXTE : generation Gemini Pro...
[12:32:30]     OK : 'Pimprenelle et la Guitare des Sept Silences' (5 pages)
[12:32:30]   IMAGES : 5 pages a generer/verifier
[12:32:51]     [1/5] image OK (n/a)
[12:33:24]     [2/5] image OK (n/a)
[12:34:06]     [3/5] image KO : ['The Guitare des sept silences is depicted as a wooden acoustic guitar, not a translucent pale crystal body as per canon.', 'Grobi is sitting with a wide happy smile, instead of standing defensively with a worried expression and a failed growl as described in the prompt.', "Grobi's horns are very small nubs, not the distinct curved horns shown in the reference portrait."]
[12:34:06]       retry image 2/5
[12:35:07]     [3/5] image KO : ['The Guitare des sept silences is depicted as wooden, not crystal as described in its canonical details and the scene prompt.', 'Grobi is sitting and smiling happily, rather than standing defensively with worry and a failed growl as specified in the scene prompt.', 'The overall atmosphere of the scene is cheerful, not tense as described in the prompt.']
[12:35:07]       retry image 3/5
[12:36:05]     [3/5] image KO : ["Grobi's expression is happy and he is sitting, not worried or standing defensively as described in the prompt.", 'The guitar is a standard wooden acoustic guitar, not a translucent pale crystal guitar as specified in the canon.', "Pimprenelle's hair is not in a long side braid as per her canonical description."]
[12:36:05]       retry image 4/5
[12:37:05]     [3/5] image KO : ['Guitare des sept silences is a wooden acoustic guitar, not a glowing crystal one as specified in canon and prompt.', 'Grobi is sitting and smiling, not standing defensively with a worried expression and failed growl as described in the prompt.', 'The scene is outdoors and brightly lit, not indoors with moonlight from a window and a tense atmosphere as described in the prompt.']
[12:37:05]       retry image 5/5
[12:38:03]     [3/5] image KO : ["The 'Guitare des sept silences' is depicted as a standard wooden acoustic guitar, not a 'translucent pale crystal body' that glows softly from within.", 'The scene is set outdoors with a generic castle in the background, rather than the implied indoor setting of Belmondrie castle with moonlight from a window.', 'Grobi is sitting happily with a friendly smile, not standing defensively with eyes filled with worry and a mouth open in a failed growl.']
[12:38:03]     [3/5] IMAGE ECHEC apres retries
[12:39:07]     [4/5] image KO : ["Pimprenelle's appearance (hair color, hat, outfit) does not match canon.", 'Grobi is completely missing from the scene.', "The guitar is a standard acoustic guitar, not the canonical 'crystal guitar', and lacks the described magical effects."]
[12:39:07]       retry image 2/5
[12:39:55]     [4/5] image KO : ["The guitar is not the 'crystal guitar' as described in the canon; it appears to be a standard acoustic guitar.", "The image is not a close-up focusing on Pimprenelle's hand; it's a wider shot.", 'The magical effect of the vibrating string emitting starlight particles is missing.']
[12:39:55]       retry image 3/5
[12:41:26]     [4/5] image KO : ["Pimprenelle's hair color, hat, and robe do not match the reference.", 'The guitar is a standard acoustic guitar, not the specified crystal guitar, and lacks magical effects.', "The image is not a close-up on Pimprenelle's hand, and the magical light/starlight particles are missing."]
[12:41:26]       retry image 4/5
[12:41:58]     [4/5] image KO : ['Missing canonical character Grobi', 'Incorrect guitar type (wooden acoustic instead of crystal)', 'Scene framing and background elements do not match prompt']
[12:41:58]       retry image 5/5
[12:43:23]     [4/5] image KO : ["Pimprenelle's appearance is incorrect (wrong hair color, missing witch attire).", 'The guitar is a standard acoustic guitar, not the specified crystal guitar.', 'The magical light/starlight effect from the vibrating string is missing.']
[12:43:23]     [4/5] IMAGE ECHEC apres retries
[12:44:04]     [5/5] image KO : ["The guitar is a standard wooden acoustic guitar, not the specified translucent crystal and glowing 'Guitare des sept silences'.", "Pimprenelle is playing the guitar herself, not guiding Grobi's paw across the strings as described in the prompt.", "Grobi's horns are very small bumps, not the distinct short curved horns shown in the reference portrait."]
[12:44:04]       retry image 2/5
[12:45:01]     [5/5] image KO : ['The guitar is a standard wooden acoustic guitar, not the specified glowing crystal guitar.', "Pimprenelle is playing the guitar herself, not guiding Grobi's paw across the strings.", "Pimprenelle's hat and robe patterns are incorrect (stars instead of crescent moons), and her hair is in two braids instead of one long side braid."]
[12:45:01]       retry image 3/5
[12:46:26]     [5/5] image KO : ['The guitar is a standard wooden acoustic guitar, not the specified glowing crystal guitar.', "Pimprenelle is playing the guitar herself, not guiding Grobi's paw across the strings as described.", 'Grobi is not interacting with the guitar; he is merely observing.']
[12:46:26]       retry image 4/5
[12:46:59]     [5/5] image KO : ["Pimprenelle is playing a standard wooden guitar herself, instead of guiding Grobi's paw.", "The guitar is not the 'Guitare des sept silences' (crystal, glowing) as described in the canon."]
[12:46:59]       retry image 5/5
[12:48:27]     [5/5] image KO : ["The guitar is a standard wooden acoustic guitar, not the specified 'glowing crystal guitar'.", "Pimprenelle is not guiding Grobi's paw across the strings; Grobi is passively observing."]
[12:48:27]     [5/5] IMAGE ECHEC apres retries
[12:48:39]   IMAGES bilan : 2 OK, 3 fail
[12:48:39]   AUDIO : 5 MP3s a generer/verifier
[12:48:48]     [1/5] audio OK (100%)
[12:49:09]     [2/5] audio KO (99%) wrong=['Ma'] missing=[]
[12:49:09]       retry audio 2/3
[12:49:29]     [2/5] audio KO (98%) wrong=['Ma'] missing=['Le']
[12:49:29]       retry audio 3/3
[12:49:44]     [2/5] audio KO (99%) wrong=['Ma'] missing=[]
[12:49:56]     [3/5] audio OK (100%)
[12:50:11]     [4/5] audio OK (100%)
[12:50:29]     [5/5] audio OK (100%)
[12:50:31]   AUDIO bilan : 4 OK, 1 fail
[12:50:31] <<< END : courte_sorciere_chateau_guitare_monstre -> {'key': 'courte_sorciere_chateau_guitare_monstre', 'text': 'OK', 'images': '2/5', 'audio': '4/5'}
[12:50:31] 
*** [44/243] courte_sorciere_chateau_guitare_robot  (elapsed 12.7h)
[12:50:31] 
======================================================================
>>> START : courte_sorciere_chateau_guitare_robot
======================================================================
[12:50:31]   voix pour ce niveau (courte) : fr-FR-Neural2-A
[12:50:31]   TEXTE : generation Gemini Pro...
[12:51:12]     OK : 'Pimprenelle et la Guitare des Sept Silences' (5 pages)
[12:51:12]   IMAGES : 5 pages a generer/verifier
[12:51:35]     [1/5] image KO : ["The guitar is a standard wooden acoustic guitar, not a 'crystal guitar' as described in the canon and prompt.", 'The guitar is not glowing softly as described in the canon and prompt.']
[12:51:35]       retry image 2/5
[12:52:00]     [1/5] image KO : ['The guitar is a standard wooden acoustic guitar, not a crystal guitar as described in the canon and prompt.']
[12:52:00]       retry image 3/5
[12:52:46]     [1/5] image KO : ['Guitare des sept silences is depicted as a standard wooden acoustic guitar instead of having a translucent pale crystal body as specified in its canonical description and the prompt.']
[12:52:46]       retry image 4/5
[12:53:39]     [1/5] image KO : ['The guitar is a standard wooden acoustic guitar, not a crystal guitar as specified in the canon and prompt.', 'The guitar is not glowing softly as specified.']
[12:53:39]       retry image 5/5
[12:55:02]     [1/5] image KO : ['The guitar is a standard wooden acoustic guitar, not a crystal guitar as specified in the canon and prompt.']
[12:55:02]     [1/5] IMAGE ECHEC apres retries
[12:55:33]     [2/5] image OK (n/a)
[12:56:42]     [3/5] image KO : ["Pimprenelle's hat has stars instead of golden crescent moons.", "Pimprenelle's hair is not in a long side braid.", 'The guitar does not appear translucent or distinctly crystal.']
[12:56:42]       retry image 2/5
[12:58:06]     [3/5] image KO : ["Bipboup's arms are not mechanical pincers, but human-like hands.", 'The guitar is not a translucent pale crystal body, but appears to be a standard wooden acoustic guitar.']
[12:58:06]       retry image 3/5
[12:58:39]     [3/5] image KO : ['Bipboup has human-like hands instead of mechanical pincer arms.', 'The guitar is a standard wooden acoustic guitar instead of a translucent pale crystal body, and it is not glowing.']
[12:58:39]       retry image 4/5
[13:00:10]     [3/5] image KO : ['Bipboup has human-like hands instead of mechanical pincer arms.', 'The guitar is a wooden acoustic guitar, not a translucent, glowing crystal guitar.']
[13:00:10]       retry image 5/5
[13:00:46]     [3/5] image KO : ["Bipboup's design is incorrect; it should have a single blue screen-eye showing a mischievous smile, not a separate eye and mouth. His arms are also not clearly pincer hands.", 'The guitar is not a glowing crystal guitar; it appears to be a standard wooden acoustic guitar.']
[13:00:46]     [3/5] IMAGE ECHEC apres retries
[13:01:45]     [4/5] image KO : ["The 'Guitare des sept silences' is depicted as a standard wooden acoustic guitar, not the 'translucent pale crystal body' described in the canon."]
[13:01:45]       retry image 2/5
[13:02:37]     [4/5] image KO : ['The guitar is a standard wooden acoustic guitar, not the specified crystal guitar.', 'The background is a castle, not a library as requested.']
[13:02:37]       retry image 3/5
[13:04:04]     [4/5] image KO : ['The guitar is wooden, not crystal and glowing.', 'The background is a castle, not a library.', "Bipboup's hands are not mechanical pincers."]
[13:04:04]       retry image 4/5
[13:04:51]     [4/5] image KO : ['Incorrect background: castle instead of library.', 'Guitar is not crystal as specified.', "Bipboup's arms are not mechanical pincer arms."]
[13:04:51]       retry image 5/5
[13:05:45]     [4/5] image KO : ["The 'Guitare des sept silences' does not match its canonical description; it appears as a standard wooden guitar instead of a translucent crystal one glowing softly."]
[13:05:45]     [4/5] IMAGE ECHEC apres retries
[13:06:47]     [5/5] image OK (n/a)
[13:06:59]   IMAGES bilan : 2 OK, 3 fail
[13:06:59]   AUDIO : 5 MP3s a generer/verifier
[13:07:26]     [1/5] audio KO (98%) wrong=['La', 'guitare'] missing=[]
[13:07:26]       retry audio 2/3
[13:07:48]     [1/5] audio OK (100%)
[13:08:19]     [2/5] audio OK (100%)
[13:08:42]     [3/5] audio OK (100%)
[13:08:55]     [4/5] audio OK (100%)
[13:09:17]     [5/5] audio OK (100%)
[13:09:19]   AUDIO bilan : 5 OK, 0 fail
[13:09:19] <<< END : courte_sorciere_chateau_guitare_robot -> {'key': 'courte_sorciere_chateau_guitare_robot', 'text': 'OK', 'images': '2/5', 'audio': '5/5'}
[13:09:19] 
*** [45/243] courte_sorciere_chateau_guitare_fantome  (elapsed 13.0h)
[13:09:19] 
======================================================================
>>> START : courte_sorciere_chateau_guitare_fantome
======================================================================
[13:09:19]   voix pour ce niveau (courte) : fr-FR-Neural2-A
[13:09:19]   TEXTE : generation Gemini Pro...
[13:09:49]     OK : 'Pimprenelle et la Guitare des Sept Silences' (5 pages)
[13:09:49]   IMAGES : 5 pages a generer/verifier
[13:10:10]     [1/5] image OK (n/a)
[13:10:50]     [2/5] image KO : ["The 'Guitar of Seven Silences' is depicted as a standard wooden acoustic guitar, not a translucent crystal guitar as specified in the canon.", 'Pimprenelle is looking directly at the viewer, not in awe at the guitar as described in the prompt.', "The overall mood of the scene lacks the 'melancholic' aspect mentioned in the prompt."]
[13:10:50]       retry image 2/5
[13:11:18]     [2/5] image OK (n/a)
[13:12:24]     [3/5] image KO : ['The guitar is a standard wooden acoustic guitar, not the translucent crystal guitar with a glowing body as described in the canon and prompt.', "Maitre Otho's expression is not clearly worried as specified in the prompt; he appears more neutral or curious."]
[13:12:24]       retry image 2/5
[13:13:21]     [3/5] image KO : ['The Guitare des sept silences is depicted as a standard wooden acoustic guitar, not a translucent crystal, glowing one as specified in its canon and the prompt.', "Maitre Otho's face is significantly different from the reference, appearing more childlike and cute with dark eyes, rather than the 'old craftsman' with 'pale grey eyes'.", "Maitre Otho's expression is not 'worried' as described in the prompt; it appears more neutral or slightly happy."]
[13:13:21]       retry image 3/5
[13:14:45]     [3/5] image OK (n/a)
[13:15:22]     [4/5] image KO : ["Maitre Otho's expression is a gentle smile instead of deep, silent sorrow and pleading.", "Pimprenelle's expression does not convey wide understanding and empathy."]
[13:15:22]       retry image 2/5
[13:16:18]     [4/5] image KO : ["Maitre Otho's pose and expression do not match the prompt (he is smiling and pointing at Pimprenelle, not showing sorrow and pointing to his own chest).", "Pimprenelle's framing is not a focused shot on her face, and her expression lacks the specified understanding and empathy.", "The background is not blurred as requested, and the overall emotional atmosphere of the image does not match the prompt's description of 'intimate and emotional' with sorrow."]
[13:16:18]       retry image 3/5
[13:17:50]     [4/5] image KO : ["Maitre Otho's general appearance significantly deviates from the provided reference portrait, appearing more human-like and detailed than the simple, blob-like ghost in the reference.", "Maitre Otho's eyes are dark, not pale grey as specified in the canon description."]
[13:17:50]       retry image 4/5
[13:18:14]     [4/5] image KO : ['Maitre Otho is pointing away from himself, not towards his chest.', "Pimprenelle's expression is a gentle smile, not 'wide with understanding and empathy'.", "Maitre Otho's expression is more sheepish/apologetic than 'deep, silent sorrow and pleading'."]
[13:18:14]       retry image 5/5
[13:19:47]     [4/5] image KO : ['Maitre Otho is pointing away from himself, not towards his chest.', "Maitre Otho's expression is smiling, not sorrowful or pleading.", "Pimprenelle's expression is kind but lacks the specified empathy for sorrow."]
[13:19:47]     [4/5] IMAGE ECHEC apres retries
[13:20:21]     [5/5] image KO : ['Maitre Otho is missing from the scene.', "The guitar is not the specified 'crystal guitar'; it appears to be a regular acoustic guitar."]
[13:20:21]       retry image 2/5
[13:21:19]     [5/5] image KO : ["Pimprenelle's hair is loose, not in a side braid, and her hat and robe lack specified details (crescent moons, stars).", 'The guitar is a standard acoustic guitar, not a translucent pale crystal guitar as described.', "Maitre Otho's facial features are more human-like than the reference, and the faded outline of an old craftsman's apron is missing."]
[13:21:19]       retry image 3/5
[13:22:51]     [5/5] image KO : ['The crystal guitar (Guitare des sept silences) is entirely missing from the scene.', "Maitre Otho's appearance deviates significantly from the reference, lacking the 'old craftsman' look, 'kind pale grey eyes', and 'faded outline of an old craftsman's apron'.", "Pimprenelle's eyes are open instead of closed as specified in the prompt."]
[13:22:51]       retry image 4/5
[13:23:21]     [5/5] image KO : ['The crystal guitar does not appear to be made of translucent pale crystal, but rather looks like a standard wooden acoustic guitar.', "Maitre Otho is not translucent and lacks the pale grey eyes and faded craftsman's apron outline described in his canon.", "Pimprenelle's eyes are open, not closed as specified in the prompt."]
[13:23:21]       retry image 5/5
[13:24:50]     [5/5] image KO : ['Guitare des sept silences is not crystal, appears as a wooden guitar.', 'Maitre Otho is not translucent or fading, and lacks craftsman details.', "Pimprenelle's eyes are open instead of closed."]
[13:24:50]     [5/5] IMAGE ECHEC apres retries
[13:25:02]   IMAGES bilan : 3 OK, 2 fail
[13:25:02]   AUDIO : 5 MP3s a generer/verifier
[13:25:15]     [1/5] audio OK (100%)
[13:25:37]     [2/5] audio OK (100%)
[13:25:58]     [3/5] audio KO (99%) wrong=['ni'] missing=[]
[13:25:58]       retry audio 2/3
[13:26:28]     [3/5] audio KO (95%) wrong=['ni', '.'] missing=['«', "N'y", '!']
[13:26:28]       retry audio 3/3
[13:26:48]     [3/5] audio KO (98%) wrong=['ni', 'Mo'] missing=[]
[13:27:09]     [4/5] audio OK (100%)
[13:27:28]     [5/5] audio OK (100%)
[13:27:30]   AUDIO bilan : 4 OK, 1 fail
[13:27:30] <<< END : courte_sorciere_chateau_guitare_fantome -> {'key': 'courte_sorciere_chateau_guitare_fantome', 'text': 'OK', 'images': '3/5', 'audio': '4/5'}
[13:27:30] 
*** [46/243] courte_sorciere_ocean_baguette_monstre  (elapsed 13.3h)
[13:27:30] 
======================================================================
>>> START : courte_sorciere_ocean_baguette_monstre
======================================================================
[13:27:30]   voix pour ce niveau (courte) : fr-FR-Neural2-A
[13:27:30]   TEXTE : generation Gemini Pro...
[13:28:20]     OK : 'Pimprenelle et le Chuchotis de la Mer d'Aural' (5 pages)
[13:28:20]   IMAGES : 5 pages a generer/verifier
[13:28:47]     [1/5] image KO : ['Etoile (star-tipped wand) is present, but not mentioned in the prompt for this scene.', 'Fish in the ocean resemble small sharks rather than gentle silver fish glints.']
[13:28:47]       retry image 2/5
[13:29:14]     [1/5] image KO : ['Pimprenelle is holding Etoile (star-tipped wand) instead of her own crystal-tipped wand.']
[13:29:14]       retry image 3/5
[13:29:50]     [1/5] image KO : ["Pimprenelle's wand has a star tip instead of a crystal tip, which is a major design drift from her canonical description and reference."]
[13:29:50]       retry image 4/5
[13:31:18]     [1/5] image KO : ['The scene is depicted in bright daylight instead of twilight, missing the faint starlight reflection.', 'Pimprenelle is looking directly at the viewer instead of gazing peacefully at the ocean as described.', 'An unprompted second wand (Etoile) is present on the sand, which was not requested in the scene description.']
[13:31:18]       retry image 5/5
[13:32:01]     [1/5] image KO : ['Time of day is incorrect; image depicts daylight instead of twilight with starlight.', 'Pimprenelle is looking at the viewer instead of gazing at the ocean as described.', 'An unprompted second wand (Etoile) is present on the sand.']
[13:32:01]     [1/5] IMAGE ECHEC apres retries
[13:32:56]     [2/5] image KO : ["Wave is large and breaking, not 'gentle waves lapping quietly'", "Water color is deep blue-green, not 'dark, gloomy blue-grey'", "Overall mood is dynamic, not 'sad and empty' or 'desolate'"]
[13:32:56]       retry image 2/5
[13:33:52]     [2/5] image KO : ['Ocean is vibrant and bright instead of dark, gloomy blue-grey', 'Sparkles are numerous and bright instead of sparse and dim', 'Wave is large and dramatic instead of gentle and lapping']
[13:33:52]       retry image 3/5
[13:34:38]     [2/5] image KO : ["Mer d'Aural is vibrant and bright, not faded and gloomy", 'Sparkles are abundant and golden, not sparse and dim', 'Waves are large and dynamic, not gentle and quiet']
[13:34:38]       retry image 4/5
[13:35:58]     [2/5] image KO : ['Non-canonical character (fish) present', 'Sea is vibrant and dynamic, not dark, gloomy, and empty as described', 'Wave is large and swirling, not gentle']
[13:35:58]       retry image 5/5
[13:36:39]     [2/5] image OK (n/a)
[13:37:56]     [3/5] image KO : ["Grobi's horns are significantly larger and more ram-like than described in the reference and prompt (which specify 'two short curved horns').", "Pimprenelle's hat has stars instead of golden crescent moons as specified in her canonical description.", "The wand 'Etoile' is missing the small red ribbon near the handle, which is part of its canonical description."]
[13:37:56]       retry image 2/5
[13:38:53]     [3/5] image KO : ["Grobi's horns are large, ridged, and ram-like, significantly different from the 'two short curved horns' described and shown in the reference."]
[13:38:53]       retry image 3/5
[13:39:50]     [3/5] image KO : ["Grobi's horns are incorrect (too large, ram-like, not short and curved).", "Grobi is not sad and has no tears, contradicting the prompt's emotional state.", "The wand 'Etoile' is missing key details (slimness, carvings, red ribbon)."]
[13:39:50]       retry image 4/5
[13:41:21]     [3/5] image KO : ["Grobi's horns are large and spiraled, not short and curved as specified in the reference and prompt."]
[13:41:21]       retry image 5/5
[13:41:52]     [3/5] image OK (n/a)
[13:42:54]     [4/5] image KO : ['Setting is a bright beach with a large wave, not a dimly lit cove.', "Wand 'Etoile' is missing specific details (wood, carvings, red ribbon)."]
[13:42:54]       retry image 2/5
[13:44:00]     [4/5] image KO : ['Etoile wand is too short and missing the red ribbon.', "Grobi's expression is cheerful, not tearful or hopeful as described.", 'Setting is a bright beach with a large wave, not a dimly lit cove.']
[13:44:00]       retry image 3/5
[13:44:55]     [4/5] image KO : ["Setting is incorrect; prompt specifies 'dimly lit cove' but image shows bright, open ocean (Mer d'Aural).", "Grobi's horns are inconsistent with reference (shape and golden-brown color).", 'Etoile wand is missing details (swirling carvings, red ribbon) and the star tip differs.']
[13:44:55]       retry image 4/5
[13:45:55]     [4/5] image KO : ["Grobi's appearance (horns, eye color, and particularly the sharp, numerous teeth) deviates significantly from the reference, making him less 'friendly' and potentially scary for the target age group.", "The wand Grobi is holding is not 'Etoile'; it lacks the specified details (wood, carvings, ribbon) and is too short.", "The scene is described as 'dimly lit cove' but the image is quite bright."]
[13:45:55]       retry image 5/5
[13:46:52]     [4/5] image KO : ["Grobi's horns do not match the reference (shape, color).", "The wand 'Etoile' does not match the reference (missing details, wrong shape/material, no ribbon).", "The setting is a bright beach with large waves, not a 'dimly lit cove' as specified in the prompt, nor does the ocean match 'Mer d'Aural' canon."]
[13:46:52]     [4/5] IMAGE ECHEC apres retries
[13:47:57]     [5/5] image KO : ["Mer d'Aural is depicted as a realistic breaking wave, not an intensely luminous, glowing, magical ocean with countless sparkles as described."]
[13:47:57]       retry image 2/5
[13:48:51]     [5/5] image OK (n/a)
[13:49:03]   IMAGES bilan : 3 OK, 2 fail
[13:49:03]   AUDIO : 5 MP3s a generer/verifier
[13:49:17]     [1/5] audio OK (100%)
[13:49:36]     [2/5] audio OK (100%)
[13:50:13]     [3/5] audio OK (100%)
[13:50:42]     [4/5] audio KO (99%) wrong=['Ma'] missing=['Le']
[13:50:42]       retry audio 2/3
[13:51:08]     [4/5] audio KO (98%) wrong=['Ma'] missing=['Le']
[13:51:08]       retry audio 3/3
[13:51:35]     [4/5] audio KO (98%) wrong=['Ma'] missing=['Le']
[13:51:58]     [5/5] audio KO (97%) wrong=["N'est", 'étoile', 'étoile'] missing=[]
[13:51:58]       retry audio 2/3
[13:52:25]     [5/5] audio KO (97%) wrong=["N'est", 'étoile', 'étoile'] missing=[]
[13:52:25]       retry audio 3/3
[13:52:44]     [5/5] audio KO (96%) wrong=["N'aie", 'Étoile', 'Étoile'] missing=[]
[13:52:46]   AUDIO bilan : 3 OK, 2 fail
[13:52:46] <<< END : courte_sorciere_ocean_baguette_monstre -> {'key': 'courte_sorciere_ocean_baguette_monstre', 'text': 'OK', 'images': '3/5', 'audio': '3/5'}
[13:52:46] 
*** [47/243] courte_sorciere_ocean_baguette_robot  (elapsed 13.7h)
[13:52:46] 
======================================================================
>>> START : courte_sorciere_ocean_baguette_robot
======================================================================
[13:52:46]   voix pour ce niveau (courte) : fr-FR-Neural2-A
[13:52:46]   TEXTE : generation Gemini Pro...
[13:53:25]     OK : 'Pimprenelle et le Voleur d'Éclats' (5 pages)
[13:53:25]   IMAGES : 5 pages a generer/verifier
[13:53:49]     [1/5] image KO : ["Pimprenelle is holding her default wand instead of 'Étoile' as specified.", "The large wave contradicts the 'peaceful' atmosphere and 'soft foam' description of Mer d'Aural."]
[13:53:49]       retry image 2/5
[13:54:09]     [1/5] image KO : ["Pimprenelle's wand is not 'Etoile' as described (missing star tip, carvings, ribbon; has crystal tip instead)"]
[13:54:09]       retry image 3/5
[13:55:11]     [1/5] image KO : ["The ocean is depicted with a large, dramatic wave, contradicting the 'gentle' description of Mer d'Aural and the requested 'peaceful' atmosphere.", "A fish is depicted on Pimprenelle's arm, which was not requested in the prompt."]
[13:55:11]       retry image 4/5
[13:56:01]     [1/5] image OK (n/a)
[13:57:05]     [2/5] image OK (n/a)
[13:58:16]     [3/5] image KO : ["Pimprenelle's hair is not in a long side braid, and her hat has stars instead of golden crescent moons, deviating from her reference portrait.", "Bipboup's eye is a physical eye with a drawn smile, not a 'screen-eye displaying a mischievous digital smile' as specified in the prompt.", "The sea around them is luminous and sparkling, not 'dark' as specified in the prompt."]
[13:58:16]       retry image 2/5
[13:59:07]     [3/5] image KO : ['The sea around them is bright and light, not dark as specified in the prompt.']
[13:59:07]       retry image 3/5
[14:00:03]     [3/5] image KO : ['The sea is depicted as a bright, large wave instead of dark as specified in the prompt.', 'Pimprenelle is holding a fish on her wand, which was not requested in the prompt.']
[14:00:03]       retry image 4/5
[14:00:57]     [3/5] image KO : ['Pimprenelle is standing in the water, not on a floating crystal islet.', 'The sea is bright and light, not dark as specified in the prompt.']
[14:00:57]       retry image 5/5
[14:01:54]     [3/5] image KO : ["Bipboup's design deviates significantly from canon (has hands instead of pincer arms, and a physical eye/mouth instead of a screen-eye with a digital smile).", 'Pimprenelle is standing in the water instead of on a floating crystal islet as specified in the prompt.', "The sea is bright and wavy, contradicting the prompt's 'dark' sea and the canon's 'gentle' and 'luminous' description."]
[14:01:54]     [3/5] IMAGE ECHEC apres retries
[14:03:01]     [4/5] image KO : ["Bipboup's arms are not mechanical pincers, and its eye is not a screen-eye showing a smile.", "The hologram does not originate from Bipboup's eye and shows the spaceship on the water surface instead of at the bottom of the ocean.", 'Etoile is missing the red ribbon near the handle and the swirling carvings.']
[14:03:01]       retry image 2/5
[14:03:58]     [4/5] image KO : ["Bipboup's arms are not mechanical pincers as described in the reference, but rather human-like hands."]
[14:03:58]       retry image 3/5
[14:04:53]     [4/5] image KO : ["Missing critical hologram projection from Bipboup's eye"]
[14:04:53]       retry image 4/5
[14:06:25]     [4/5] image KO : ["Pimprenelle's appearance does not match reference (wrong hair color, no hat, wrong outfit, incorrect wand details).", "Bipboup's appearance does not match reference (wrong hands, screen-eye detail missing).", "Hologram is not projected from Bipboup's screen-eye as described in the prompt."]
[14:06:25]       retry image 5/5
[14:06:53]     [4/5] image KO : ["Hologram is projected from Pimprenelle's wand instead of Bipboup's eye.", 'Hologram content shows a spaceship floating on a wave, not a broken spaceship at the bottom of the ocean with a wilted mechanical flower.', 'Bipboup has human-like hands instead of mechanical pincer arms.']
[14:06:53]     [4/5] IMAGE ECHEC apres retries
[14:07:51]     [5/5] image OK (n/a)
[14:08:03]   IMAGES bilan : 3 OK, 2 fail
[14:08:03]   AUDIO : 5 MP3s a generer/verifier
[14:08:21]     [1/5] audio OK (100%)
[14:08:50]     [2/5] audio KO (99%) wrong=['Mon'] missing=['Le']
[14:08:50]       retry audio 2/3
[14:09:06]     [2/5] audio KO (99%) wrong=['Mon'] missing=[]
[14:09:06]       retry audio 3/3
[14:09:31]     [2/5] audio KO (99%) wrong=['Mon'] missing=[]
[14:09:54]     [3/5] audio OK (100%)
[14:10:19]     [4/5] audio KO (98%) wrong=['Bipbou', 'Bipbou'] missing=[]
[14:10:19]       retry audio 2/3
[14:10:46]     [4/5] audio KO (97%) wrong=['Étoile', 'Bipboup', 'Bipboup'] missing=[]
[14:10:46]       retry audio 3/3
[14:11:03]     [4/5] audio OK (100%)
[14:11:16]     [5/5] audio OK (100%)
[14:11:18]   AUDIO bilan : 4 OK, 1 fail
[14:11:18] <<< END : courte_sorciere_ocean_baguette_robot -> {'key': 'courte_sorciere_ocean_baguette_robot', 'text': 'OK', 'images': '3/5', 'audio': '4/5'}
[14:11:18] 
*** [48/243] courte_sorciere_ocean_baguette_fantome  (elapsed 14.0h)
[14:11:18] 
======================================================================
>>> START : courte_sorciere_ocean_baguette_fantome
======================================================================
[14:11:18]   voix pour ce niveau (courte) : fr-FR-Neural2-A
[14:11:18]   TEXTE : generation Gemini Pro...
[14:11:56]     OK : 'Pimprenelle et le Gardien des Lumières' (5 pages)
[14:11:56]   IMAGES : 5 pages a generer/verifier
[14:12:17]     [1/5] image OK (n/a)
[14:12:58]     [2/5] image KO : ["Pimprenelle's expression is happy/smiling instead of concerned, which contradicts the scene's emotional tone.", 'The ocean is bright and uniformly lit, not dimming or visibly losing its glow around Maître Otho, failing to establish the described mysterious and tense mood.', "Maître Otho's ghost form is generic, missing the 'old craftsman' shape and apron details from his canonical description."]
[14:12:58]       retry image 2/5
[14:13:34]     [2/5] image KO : ['Pimprenelle is holding an oar instead of her canonical wooden wand with crystal tip, and her hair is not in a long side braid.', 'Maître Otho does not resemble an old craftsman, lacks pale grey eyes, and appears too generic compared to his description.', "The Mer d'Aural (ocean) is not depicted as luminous, deep turquoise, or dimming, and lacks bioluminescent sparkles; Maître Otho is also not 'in the distance'."]
[14:13:34]       retry image 3/5
[14:14:27]     [2/5] image KO : ['Maître Otho is not translucent or small, and his eyes are not pale grey, deviating significantly from his canonical description.', "The Mer d'Aural is not depicted as dimming or losing its glow; it lacks the magical luminous quality and bioluminescent sparkles."]
[14:14:27]       retry image 4/5
[14:15:30]     [2/5] image KO : ["Maître Otho's design is missing the 'old craftsman' shape and 'faded outline of an old craftsman's apron' from his canonical description."]
[14:15:30]       retry image 5/5
[14:16:29]     [2/5] image KO : ["Maître Otho's eyes do not match the 'kind pale grey eyes' description; they are large and dark.", "The Mer d'Aural lacks its canonical 'luminous' and 'bioluminescent sparkles' qualities.", "The narrative element of the water 'visibly losing its glow around him' is not clearly conveyed."]
[14:16:29]     [2/5] IMAGE ECHEC apres retries
[14:17:41]     [3/5] image KO : ["The Mer d'Aural setting is not luminous, deep turquoise, or aquamarine, and lacks bioluminescent sparkles and starlight, appearing as a generic dark sea."]
[14:17:41]       retry image 2/5
[14:18:33]     [3/5] image KO : ["Pimprenelle's hat, robe, and hairstyle do not match the reference portrait.", "Maître Otho's ghost form is not consistent with the simple, head-and-beard reference, and lacks the apron detail.", "The Mer d'Aural setting is depicted as a dark, dull sea instead of a luminous, sparkling turquoise ocean."]
[14:18:33]       retry image 3/5
[14:19:28]     [3/5] image KO : ['Maître Otho is not translucent and does not resemble an old craftsman, lacking his ethereal glow and apron outline.', "Maître Otho's expression is not sorrowful, and his hands are not wispy or gesturing helplessly.", "Pimprenelle's hair is not in a long side braid as specified in her canon description."]
[14:19:28]       retry image 4/5
[14:20:24]     [3/5] image KO : ['Maître Otho is depicted as a solid old man, not a translucent ghost as per canon and prompt.', 'Maître Otho lacks his ethereal blue-white glow and wispy ghost hands.']
[14:20:24]       retry image 5/5
[14:21:58]     [3/5] image KO : ['Maître Otho is depicted as a solid human old man, not a translucent ghost with an ethereal blue-white glow and wispy features.', 'The scene lacks the described dim/darkening sea and the ethereal glow of the ghost.', "Maître Otho's expression and gestures do not convey sorrow or helplessness towards the water as described."]
[14:21:58]     [3/5] IMAGE ECHEC apres retries
[14:22:41]     [4/5] image KO : ["Maître Otho's appearance significantly deviates from the reference portrait (lacks craftsman shape, specific eyes/smile).", "An unrequested fish is being held by Pimprenelle's hands, altering the scene's action.", "The Etoile wand's design deviates from its canonical description (not slim, lacks carvings)."]
[14:22:41]       retry image 2/5
[14:23:03]     [4/5] image OK (n/a)
[14:23:41]     [5/5] image KO : ["Maître Otho's appearance deviates significantly from his canonical reference (missing craftsman shape, specific eyes, apron outline)."]
[14:23:41]       retry image 2/5
[14:24:16]     [5/5] image KO : ["Maître Otho is depicted as a distinct ghost figure, not a fading swirl of light joyfully merging with the ocean's glow as described.", 'A prominent fish is present that was not mentioned in the prompt as a key element.']
[14:24:16]       retry image 3/5
[14:24:42]     [5/5] image OK (n/a)
[14:24:54]   IMAGES bilan : 3 OK, 2 fail
[14:24:54]   AUDIO : 5 MP3s a generer/verifier
[14:25:12]     [1/5] audio OK (100%)
[14:25:41]     [2/5] audio KO (97%) wrong=['de', 'varterne', "d'oral"] missing=['devinrent', 'ternes', "d'Aural"]
[14:25:41]       retry audio 2/3
[14:25:56]     [2/5] audio OK (100%)
[14:26:40]     [3/5] audio KO (98%) wrong=['cœur', 'lumineux'] missing=[]
[14:26:40]       retry audio 2/3
[14:26:56]     [3/5] audio OK (100%)
[14:27:30]     [4/5] audio KO (99%) wrong=['Étoile'] missing=[]
[14:27:30]       retry audio 2/3
[14:27:59]     [4/5] audio OK (100%)
[14:28:29]     [5/5] audio KO (99%) wrong=['Mer', "d'Aural"] missing=[]
[14:28:29]       retry audio 2/3
[14:28:43]     [5/5] audio OK (100%)
[14:28:45]   AUDIO bilan : 5 OK, 0 fail
[14:28:45] <<< END : courte_sorciere_ocean_baguette_fantome -> {'key': 'courte_sorciere_ocean_baguette_fantome', 'text': 'OK', 'images': '3/5', 'audio': '5/5'}
[14:28:45] 
*** [49/243] courte_sorciere_ocean_skateboard_monstre  (elapsed 14.3h)
[14:28:45] 
======================================================================
>>> START : courte_sorciere_ocean_skateboard_monstre
======================================================================
[14:28:45]   voix pour ce niveau (courte) : fr-FR-Neural2-A
[14:28:45]   TEXTE : generation Gemini Pro...
[14:29:39]     OK : 'Pimprenelle et le Chagrin de la Mer' (5 pages)
[14:29:39]   IMAGES : 5 pages a generer/verifier
[14:30:14]     [1/5] image KO : ["Pimprenelle's hat has stars instead of golden crescent moons as per her reference portrait.", 'Fusée (skateboard) design drift: missing golden lightning bolt, neon-pink glowing wheels, and holographic shimmer.', "Ocean waves are large and dramatic, not 'gentle' as described in the prompt."]
[14:30:15]       retry image 2/5
[14:30:39]     [1/5] image KO : ["The Mer d'Aural is depicted as a large, crashing wave, which contradicts the 'gentle luminous ocean' description and the provided reference image for the place."]
[14:30:39]       retry image 3/5
[14:31:09]     [1/5] image OK (n/a)
[14:32:11]     [2/5] image KO : ["Pimprenelle's wand is a fish, not a crystal-tipped wooden wand.", "Mer d'Aural lacks its magical luminous quality and bioluminescent sparkles.", 'Fusee is missing golden lightning bolt patterns and neon-pink glowing wheels/holographic trail.']
[14:32:11]       retry image 2/5
[14:33:37]     [2/5] image KO : ['Pimprenelle is holding a fish instead of her wand, and her hat pattern is incorrect (stars instead of crescent moons).', "Fusee's wheels are dark and not glowing neon-pink, and the holographic shimmer/glowing trail is missing.", "Mer d'Aural is missing its luminous/bioluminescent quality and faint starlight, which is crucial for the 'losing its brilliant glow' narrative."]
[14:33:37]       retry image 3/5
[14:34:16]     [2/5] image KO : ['Fusee (skateboard) is missing neon-pink glowing wheels, lightning bolt patterns, and holographic shimmer.', 'The image does not show a glowing holographic trail over the water.', 'The fish are not scattering in panic away from a dark, agitated area in the distance, and no such area is visible.']
[14:34:16]       retry image 4/5
[14:35:17]     [2/5] image KO : ["Pimprenelle's hat has stars instead of the canonical golden crescent moons.", "The Mer d'Aural lacks its described luminous and sparkling qualities, and the specific signs of disturbance (losing glow, dark agitated area, panicked fish) are not present.", 'Fusee (skateboard) is missing golden lightning bolt patterns, and its wheels are not depicted as neon-glowing.']
[14:35:17]       retry image 5/5
[14:36:17]     [2/5] image KO : ["The Mer d'Aural does not appear to be 'losing its brilliant glow' and lacks the 'dark, agitated area' in the distance, which is central to the requested suspenseful atmosphere.", "The neon-pink wheels do not leave a 'glowing holographic trail' over the water as described in the prompt."]
[14:36:17]     [2/5] IMAGE ECHEC apres retries
[14:37:22]     [3/5] image KO : ["The ocean (Mer d'Aural) does not match its canonical description (missing luminosity, specific colors, bioluminescent sparkles, etc.).", 'The water directly around Grobi is not "murky and dark" as specified in the prompt.']
[14:37:22]       retry image 2/5
[14:38:15]     [3/5] image OK (n/a)
[14:39:25]     [4/5] image KO : ["Grobi's horns are golden-brown and more prominent than in the reference portrait, which shows muted, purple-ish horns. This is a major design drift and an invented detail not specified in canon.", 'The skateboard is missing the golden lightning bolt patterns specified in the canon description.']
[14:39:25]       retry image 2/5
[14:40:15]     [4/5] image KO : ['Skateboard design does not match canonical reference (missing lightning bolt, glowing wheels, holographic shimmer).', "The large, prominent wave contradicts the 'gentle' ocean and 'quietly floating' skateboard described in the prompt."]
[14:40:15]       retry image 3/5
[14:41:11]     [4/5] image OK (n/a)
[14:42:14]     [5/5] image KO : ['Scene depicts surfing a large, breaking wave instead of peacefully gliding over a calm ocean.', "Grobi's horns are not curved as described in canon.", 'Fusee is missing golden lightning bolt patterns and holographic shimmer.']
[14:42:14]       retry image 2/5
[14:43:07]     [5/5] image OK (n/a)
[14:43:19]   IMAGES bilan : 4 OK, 1 fail
[14:43:19]   AUDIO : 5 MP3s a generer/verifier
[14:43:41]     [1/5] audio KO (99%) wrong=['roulette'] missing=['roulettes']
[14:43:41]       retry audio 2/3
[14:43:55]     [1/5] audio OK (100%)
[14:44:15]     [2/5] audio OK (100%)
[14:44:31]     [3/5] audio OK (100%)
[14:44:44]     [4/5] audio OK (100%)
[14:45:10]     [5/5] audio KO (97%) wrong=['Le', "N'aie", 'Pimprenelle'] missing=[]
[14:45:10]       retry audio 2/3
[14:45:28]     [5/5] audio KO (97%) wrong=['Ma', "N'est", 'Pin prenait'] missing=['Le', "N'aie", 'Pimprenelle']
[14:45:28]       retry audio 3/3
[14:45:51]     [5/5] audio KO (98%) wrong=['Ma', "N'est"] missing=['Le', "N'aie"]
[14:45:53]   AUDIO bilan : 4 OK, 1 fail
[14:45:53] <<< END : courte_sorciere_ocean_skateboard_monstre -> {'key': 'courte_sorciere_ocean_skateboard_monstre', 'text': 'OK', 'images': '4/5', 'audio': '4/5'}
[14:45:53] 
*** [50/243] courte_sorciere_ocean_skateboard_robot  (elapsed 14.6h)
[14:45:53] 
======================================================================
>>> START : courte_sorciere_ocean_skateboard_robot
======================================================================
[14:45:53]   voix pour ce niveau (courte) : fr-FR-Neural2-A
[14:45:53]   TEXTE : generation Gemini Pro...
[14:46:25]     OK : 'Pimprenelle et le voleur de lumière' (5 pages)
[14:46:25]   IMAGES : 5 pages a generer/verifier
[14:46:59]     [1/5] image KO : ["Skateboard is missing the 'golden lightning bolt patterns' specified in the prompt.", "Mer d'Aural lacks the strong 'luminous' and 'bioluminescent sparkles' described.", "Pimprenelle's hat has stars but is missing the 'golden crescent moons' specified in her description."]
[14:46:59]       retry image 2/5
[14:47:28]     [1/5] image KO : ['Fusee (skateboard) is missing golden lightning bolt patterns, which are part of its canonical description and explicitly mentioned in the prompt.']
[14:47:28]       retry image 3/5
[14:47:53]     [1/5] image KO : ['Skateboard is missing the golden lightning bolt pattern', "Mer d'Aural is depicted with large, turbulent waves instead of luminous, sparkling, serene water"]
[14:47:53]       retry image 4/5
[14:49:17]     [1/5] image OK (n/a)
[14:49:59]     [2/5] image KO : ['Pimprenelle is riding on the water/wave instead of being suspended mid-air over it.', 'The skateboard is on the water, not mid-air as described in the prompt.']
[14:49:59]       retry image 2/5
[14:50:52]     [2/5] image KO : ['Pimprenelle is on the water/waves instead of floating mid-air above the water.', 'Skateboard is on the water, not suspended in the air.']
[14:50:52]       retry image 3/5
[14:52:20]     [2/5] image KO : ["Pimprenelle's expression is smiling, not concerned and curious.", 'Skateboard is surfing a wave, not stopped mid-air.', "Mer d'Aural lacks specified magical luminosity and sparkling details; atmosphere is not mysterious/tense."]
[14:52:20]       retry image 4/5
[14:52:59]     [2/5] image KO : ['Pimprenelle is surfing a large wave, not stopped mid-air over ripples.', "Pimprenelle's expression is happy, not concerned and curious.", "The Mer d'Aural is depicted as a large, crashing wave, not the described magical, luminous, gently rippled water."]
[14:52:59]       retry image 5/5
[14:53:52]     [2/5] image KO : ['Pimprenelle is actively surfing a large wave instead of stopped mid-air and observing disturbed water.', 'The atmosphere is energetic and playful, not mysterious and tense as described.', 'The magical skateboard is on the water, not mid-air, and lacks neon-pink glowing wheels and holographic shimmer.']
[14:53:52]     [2/5] IMAGE ECHEC apres retries
[14:55:00]     [3/5] image KO : ["Bipboup's arms are not mechanical pincers as described in the canon.", "Bipboup's eye is not a screen-eye showing a frantic/mischievous pattern; it's a drawn smile.", "The water around Bipboup is bright and active, not 'visibly dimmer' as specified."]
[14:55:00]       retry image 2/5
[14:55:56]     [3/5] image OK (n/a)
[14:57:00]     [4/5] image OK (n/a)
[14:58:03]     [5/5] image OK (n/a)
[14:58:15]   IMAGES bilan : 4 OK, 1 fail
[14:58:15]   AUDIO : 5 MP3s a generer/verifier
[14:58:28]     [1/5] audio OK (100%)
[14:58:42]     [2/5] audio OK (100%)
[14:59:05]     [3/5] audio KO (99%) wrong=['Ma'] missing=[]
[14:59:05]       retry audio 2/3
[14:59:20]     [3/5] audio KO (99%) wrong=['Ma'] missing=['Le']
[14:59:20]       retry audio 3/3
[14:59:51]     [3/5] audio KO (99%) wrong=['Ma'] missing=['Le']
[15:00:15]     [4/5] audio KO (96%) wrong=["n'était", 'espiègle', 'il'] missing=["n'étaient", 'espiègles', 'ils']
[15:00:15]       retry audio 2/3
[15:00:34]     [4/5] audio KO (97%) wrong=["n'était", 'espiègle', 'il'] missing=[]
[15:00:34]       retry audio 3/3
[15:00:52]     [4/5] audio KO (97%) wrong=["n'était", 'espiègle', 'il'] missing=[]
[15:01:07]     [5/5] audio OK (100%)
[15:01:09]   AUDIO bilan : 3 OK, 2 fail
[15:01:09] <<< END : courte_sorciere_ocean_skateboard_robot -> {'key': 'courte_sorciere_ocean_skateboard_robot', 'text': 'OK', 'images': '4/5', 'audio': '3/5'}
[15:01:09] 
*** [51/243] courte_sorciere_ocean_skateboard_fantome  (elapsed 14.8h)
[15:01:09] 
======================================================================
>>> START : courte_sorciere_ocean_skateboard_fantome
======================================================================
[15:01:09]   voix pour ce niveau (courte) : fr-FR-Neural2-A
[15:01:09]   TEXTE : generation Gemini Pro...
[15:01:50]     OK : 'Pimprenelle et le Gardien des Étoiles Marines' (5 pages)
[15:01:50]   IMAGES : 5 pages a generer/verifier
[15:02:21]     [1/5] image KO : ["Mer d'Aural lacks luminous and bioluminescent qualities, appearing as a regular ocean.", 'Skateboard is on waves, not just above the surface as described.', 'Atmosphere is not twilight, and skateboard wheels are not glowing neon-pink.']
[15:02:21]       retry image 2/5
[15:02:50]     [1/5] image KO : ['Time of day is daytime, not twilight as specified in the prompt.']
[15:02:50]       retry image 3/5
[15:03:33]     [1/5] image OK (n/a)
[15:04:15]     [2/5] image KO : ["Pimprenelle's expression is happy, not worried or concerned as described.", "The Mer d'Aural is vibrant turquoise with a large wave, not dull, dark grey and fading.", "The scene's atmosphere is dynamic and bright, not melancholic and mysterious."]
[15:04:15]       retry image 2/5
[15:05:42]     [2/5] image KO : ["Pimprenelle's expression is happy and smiling, not concerned or worried as described.", "The Mer d'Aural is vibrant turquoise and sparkling, not dull, dark grey with sparkles gone.", 'The scene depicts Pimprenelle actively surfing a large wave, not hovering over melancholic water.']
[15:05:42]       retry image 3/5
[15:06:37]     [2/5] image KO : ["Pimprenelle's expression is happy and smiling, not concerned or worried as described.", 'The water is vibrant blue with sparkles, not dull, dark grey with sparkles gone.', 'The overall mood of the scene is cheerful and adventurous, not melancholic and mysterious.']
[15:06:37]       retry image 4/5
[15:07:26]     [2/5] image KO : ["The Mer d'Aural is depicted as vibrant turquoise and active, not dull, dark grey, and melancholic as described in the prompt.", "Pimprenelle's expression is happy and kind, not concerned or worried as requested."]
[15:07:26]       retry image 5/5
[15:08:24]     [2/5] image KO : ["Pimprenelle's expression is happy and smiling, not worried or concerned as described in the prompt.", 'The water is bright, luminous turquoise with sparkles, not dull, dark grey, or melancholic as described.', "Pimprenelle's hat has stars instead of golden crescent moons as specified in her canonical description."]
[15:08:24]     [2/5] IMAGE ECHEC apres retries
[15:09:01]     [3/5] echec generation image
[15:09:06]       retry image 2/5
[15:10:10]     [3/5] echec generation image
[15:10:15]       retry image 3/5
[15:11:47]     [3/5] image KO : ["Pimprenelle is visible, contradicting the prompt's instruction 'Pimprenelle is not visible.'", "Maitre Otho does not appear 'shaped like an old craftsman' and is missing the 'faded outline of an old craftsman's apron' as per canon."]
[15:11:47]       retry image 4/5
[15:12:20]     [3/5] image KO : ["The Mer d'Aural (ocean) does not match the canonical description; it appears as a stylized, generic magical wave rather than a deep turquoise/aquamarine ocean with specific features.", 'The sea rock is not glowing as described in the prompt.', "The water Maitre Otho floats over is not 'dark water' as specified."]
[15:12:20]       retry image 5/5
[15:13:45]     [3/5] image KO : ["Maitre Otho's appearance does not match the reference portrait; he is larger, has a different facial expression (frowning instead of gentle smile), and the craftsman's apron is not clearly visible."]
[15:13:45]     [3/5] IMAGE ECHEC apres retries
[15:14:30]     [4/5] image KO : ["Maitre Otho's appearance significantly deviates from the reference (more humanoid, different eyes, less ethereal).", "Character expressions do not match the prompt's emotional arc (Maitre Otho not sad, Pimprenelle not showing suspicion to empathy).", "Specific narrative details are missing (light through Maitre Otho's hands, Pimprenelle's lowered wand)."]
[15:14:30]       retry image 2/5
[15:15:33]     [4/5] image KO : ["Maitre Otho's appearance significantly deviates from the reference; he is too solid and anthropomorphic, not translucent or ethereal, lacks the apron outline, and his hands are not shown with light slipping through them. His expression is also not clearly sad.", "Pimprenelle's hair is not a long side braid, and her wand is not clearly wooden with a crystal tip.", 'Fusee is missing the golden lightning bolt pattern and neon-pink glowing wheels.']
[15:15:33]       retry image 3/5
[15:16:27]     [4/5] image KO : ["Maitre Otho's design is inconsistent with canon (not translucent, wrong eyes, holding a fish, hands not ethereal).", "The scene fails to convey Maitre Otho's sadness/plight and Pimprenelle's emotional arc as described in the prompt."]
[15:16:27]       retry image 4/5
[15:17:23]     [4/5] image KO : ["Maitre Otho's appearance does not match the reference (too large, missing apron, not small/cute ghost).", 'Skateboard is missing key magical elements (lightning bolts, glowing wheels, holographic shimmer).', "An unprompted fish is present on Pimprenelle's wand."]
[15:17:23]       retry image 5/5
[15:18:23]     [4/5] image OK (n/a)
[15:19:23]     [5/5] image OK (n/a)
[15:19:35]   IMAGES bilan : 3 OK, 2 fail
[15:19:35]   AUDIO : 5 MP3s a generer/verifier
[15:19:46]     [1/5] audio OK (100%)
[15:20:10]     [2/5] audio KO (98%) wrong=['sentiment', "d'oral"] missing=[]
[15:20:10]       retry audio 2/3
[15:20:30]     [2/5] audio KO (98%) wrong=['sentiment', "d'oral"] missing=[]
[15:20:30]       retry audio 3/3
[15:20:48]     [2/5] audio KO (97%) wrong=['scintillement', 'Mer', "d'Aural"] missing=[]
[15:21:04]     [3/5] audio OK (100%)
[15:21:41]     [4/5] audio KO (98%) wrong=['Ma', 'Point'] missing=[]
[15:21:41]       retry audio 2/3
[15:22:01]     [4/5] audio KO (98%) wrong=['Ma', 'Point'] missing=['Le']
[15:22:01]       retry audio 3/3
[15:22:30]     [4/5] audio KO (98%) wrong=['Ma', 'Point'] missing=['Le']
[15:23:00]     [5/5] audio OK (100%)
[15:23:02]   AUDIO bilan : 3 OK, 2 fail
[15:23:02] <<< END : courte_sorciere_ocean_skateboard_fantome -> {'key': 'courte_sorciere_ocean_skateboard_fantome', 'text': 'OK', 'images': '3/5', 'audio': '3/5'}
[15:23:02] 
*** [52/243] courte_sorciere_ocean_guitare_monstre  (elapsed 15.2h)
[15:23:02] 
======================================================================
>>> START : courte_sorciere_ocean_guitare_monstre
======================================================================
[15:23:02]   voix pour ce niveau (courte) : fr-FR-Neural2-A
[15:23:02]   TEXTE : generation Gemini Pro...
[15:23:38]     OK : 'Pimprenelle et la Guitare des Sept Silences' (5 pages)
[15:23:38]   IMAGES : 5 pages a generer/verifier
[15:24:08]     [1/5] image KO : ["Pimprenelle's hat has golden stars instead of golden crescent moons.", "Pimprenelle's lavender robe lacks star patterns.", "Pimprenelle's braid is not a long side braid."]
[15:24:08]       retry image 2/5
[15:24:38]     [1/5] image KO : ["Pimprenelle's hair is curly but lacks the specified long side braid.", "Pimprenelle's hat has stars instead of golden crescent moons.", "Pimprenelle's lavender clothing lacks star patterns and appears more like a simple top than a full robe."]
[15:24:38]       retry image 3/5
[15:25:07]     [1/5] image KO : ["Pimprenelle's expression is cheerful, not thoughtful and concerned.", 'The ocean is active with ripples and splashes, not unnaturally still.']
[15:25:07]       retry image 4/5
[15:26:35]     [1/5] image KO : ["The ocean is turbulent with large waves, directly contradicting the prompt's description of it being 'unnaturally still'.", "The boat is a generic wooden boat, not a 'magical boat made of a seashell' as specified in the prompt."]
[15:26:35]       retry image 5/5
[15:27:05]     [1/5] image OK (n/a)
[15:28:04]     [2/5] image KO : ["Water sparkles around hand, contradicting 'which doesn't sparkle around it'.", 'Bioluminescent sparkles are depicted as prominent stars, not dim scattered light.', 'Prominent wave does not convey melancholic, fading magic mood.']
[15:28:04]       retry image 2/5
[15:29:27]     [2/5] image KO : ['Image shows a large wave instead of calm water.', 'Hand is holding a fish, not trailing in the water.', "Water sparkles around the hand, contradicting the prompt's 'doesn't sparkle around it'."]
[15:29:27]       retry image 3/5
[15:30:08]     [2/5] image OK (n/a)
[15:31:13]     [3/5] image KO : ["The 'Guitare des sept silences' is depicted as a wooden guitar, not a translucent crystal guitar as described in the canonical details and the page prompt."]
[15:31:13]       retry image 2/5
[15:31:42]     [3/5] image KO : ['Guitare des sept silences is not crystal; it appears to be made of wood.', "The guitar's material does not match the prompt's description of 'translucent crystal guitar'."]
[15:31:42]       retry image 3/5
[15:32:17]     [3/5] image KO : ['The guitar is wooden, not translucent crystal as described in the canonical item description and the scene prompt.', "Grobi's horns are greyish and more prominent than the golden, shorter horns in the reference portrait.", "Grobi's fur texture is less fuzzy than in the reference portrait."]
[15:32:17]       retry image 4/5
[15:32:46]     [3/5] image KO : ["Grobi's horns are significantly larger and more realistic than the 'short curved horns' described in the reference.", "The guitar is a standard wooden acoustic guitar, not the 'translucent pale crystal body' specified in the canon and 'translucent crystal guitar' in the prompt."]
[15:32:46]       retry image 5/5
[15:33:18]     [3/5] image KO : ["Grobi's horns are large and ram-like, not short and curved as described in the canon and prompt.", 'The guitar is a wooden acoustic guitar, not a translucent crystal guitar as described in the canon and prompt.']
[15:33:18]     [3/5] IMAGE ECHEC apres retries
[15:34:00]     [4/5] image KO : ["The 'Guitare des sept silences' is depicted as dark and sparkly, which contradicts its canonical description as having a 'translucent pale crystal body' and its reference portrait showing a light-colored guitar."]
[15:34:00]       retry image 2/5
[15:34:29]     [4/5] image KO : ["The 'Guitare des sept silences' does not appear to be a 'translucent pale crystal body' or 'glowing softly from within' as described in canon. It also does not match the 'dark crystal guitar' description from the page prompt, instead appearing as a light-colored, standard acoustic guitar."]
[15:34:29]       retry image 3/5
[15:35:01]     [4/5] image KO : ['The guitar is not a crystal guitar as described in canon (translucent pale crystal) or the prompt (dark crystal).', "The background shows a large, breaking wave instead of the 'calm, silent Mer d'Aural' specified in the prompt."]
[15:35:01]       retry image 4/5
[15:35:30]     [4/5] image KO : ["The guitar is a standard acoustic guitar, not the specified 'crystal guitar' (Guitare des sept silences) with a translucent pale crystal body.", "The background shows a large, dynamic wave, which contradicts the prompt's description of 'calm, silent Mer d'Aural'."]
[15:35:30]       retry image 5/5
[15:36:02]     [4/5] image KO : ["The guitar Grobi is holding is a standard acoustic guitar, not the described 'translucent pale crystal' (canon) or 'dark crystal' (prompt) guitar, and it does not appear to be glowing."]
[15:36:02]     [4/5] IMAGE ECHEC apres retries
[15:36:45]     [5/5] image KO : ["The 'crystal guitar' is depicted as a standard acoustic guitar, not translucent crystal, and is not glowing brightly from within with shimmering strings as described in the prompt.", "Grobi's eyes are open instead of closed, contrary to the prompt's description.", "Pimprenelle's hand rests on the guitar, not directly on Grobi's fuzzy paw as specified."]
[15:36:45]       retry image 2/5
[15:37:38]     [5/5] image KO : ["The guitar is a standard wooden acoustic guitar, not the described 'crystal guitar' with a translucent pale crystal body.", "Pimprenelle is actively playing the guitar, rather than just resting her hand on Grobi's paw which holds it."]
[15:37:38]       retry image 3/5
[15:38:32]     [5/5] image KO : ["Pimprenelle's appearance (hair style, hat details, robe details) deviates significantly from the reference.", "Characters' eyes are open instead of closed as specified in the prompt.", 'Pimprenelle is playing a standard acoustic guitar, instead of Grobi holding the glowing crystal guitar.']
[15:38:32]       retry image 4/5
[15:40:03]     [5/5] image KO : ['The crystal guitar is not translucent or glowing; it appears to be a standard opaque acoustic guitar, which contradicts both its canonical description and the prompt.', "Grobi's horns are significantly larger and a different color (brown/gold) than the canonical reference (short, curved, muted tone).", "Grobi's eyes are open, and Pimprenelle's hand is not resting on Grobi's paw as explicitly described in the prompt."]
[15:40:03]       retry image 5/5
[15:40:34]     [5/5] image KO : ["The guitar's body is not translucent pale crystal as specified; it appears to be a glowing wooden guitar.", 'The island is not a crystal island; it looks like a sandy or rocky island.', "Pimprenelle's hat lacks golden crescent moons, and her robe is missing star patterns. Her hair is not clearly a long side braid."]
[15:40:34]     [5/5] IMAGE ECHEC apres retries
[15:40:46]   IMAGES bilan : 2 OK, 3 fail
[15:40:46]   AUDIO : 5 MP3s a generer/verifier
[15:41:06]     [1/5] audio KO (99%) wrong=['dorés'] missing=[]
[15:41:06]       retry audio 2/3
[15:41:19]     [1/5] audio OK (100%)
[15:41:38]     [2/5] audio KO (99%) wrong=['cercle'] missing=[]
[15:41:38]       retry audio 2/3
[15:41:58]     [2/5] audio KO (99%) wrong=['cercle'] missing=[]
[15:41:58]       retry audio 3/3
[15:42:18]     [2/5] audio KO (99%) wrong=['cercle'] missing=['cercles']
[15:42:32]     [3/5] audio OK (100%)
[15:43:01]     [4/5] audio OK (100%)
[15:43:21]     [5/5] audio OK (100%)
[15:43:23]   AUDIO bilan : 4 OK, 1 fail
[15:43:23] <<< END : courte_sorciere_ocean_guitare_monstre -> {'key': 'courte_sorciere_ocean_guitare_monstre', 'text': 'OK', 'images': '2/5', 'audio': '4/5'}
[15:43:23] 
*** [53/243] courte_sorciere_ocean_guitare_robot  (elapsed 15.5h)
[15:43:23] 
======================================================================
>>> START : courte_sorciere_ocean_guitare_robot
======================================================================
[15:43:23]   voix pour ce niveau (courte) : fr-FR-Neural2-A
[15:43:23]   TEXTE : generation Gemini Pro...
[15:44:05]     OK : 'Pimprenelle et le musicien des étoiles' (5 pages)
[15:44:05]   IMAGES : 5 pages a generer/verifier
[15:44:41]     [1/5] image KO : ["Guitar is not translucent crystal as specified for 'Guitare des sept silences'", "Ocean lacks magical luminous qualities (bioluminescent sparkles, starlight reflection) of Mer d'Aural"]
[15:44:41]       retry image 2/5
[15:45:14]     [1/5] image KO : ['The guitar is not translucent crystal and does not glow as described in the canon.', "Mer d'Aural is not luminous or magical; it appears as a regular dark ocean, missing bioluminescent sparkles and starlight reflections."]
[15:45:14]       retry image 3/5
[15:45:41]     [1/5] image KO : ['The guitar is not translucent crystal and does not glow as described.', "The ocean (Mer d'Aural) lacks its magical, luminous, turquoise, and bioluminescent qualities."]
[15:45:41]       retry image 4/5
[15:46:35]     [1/5] image KO : ['The guitar is not a translucent crystal acoustic guitar; it appears to be made of wood.', "The Mer d'Aural (ocean) lacks the specified luminous and bioluminescent qualities."]
[15:46:35]       retry image 5/5
[15:48:06]     [1/5] image KO : ['The guitar is not translucent crystal as described in the canon and prompt.']
[15:48:06]     [1/5] IMAGE ECHEC apres retries
[15:48:37]     [2/5] image OK (n/a)
[15:49:39]     [3/5] image KO : ["Scene is depicted during the day, not at night as implied by 'starry night sky reflected on the water's surface'. This is a major mismatch for the setting and Bipboup's action."]
[15:49:39]       retry image 2/5
[15:50:35]     [3/5] image KO : ['Bipboup has human-like hands instead of mechanical pincer arms.', 'The scene is set during the day with a bright sky, not a starry night as described.', "Pimprenelle's hair is not in a long side braid."]
[15:50:35]       retry image 3/5
[15:52:03]     [3/5] image KO : ["Bipboup's arms are not mechanical pincers as described in canon.", 'The scene is set during the day with a sun, not a starry night as required by the prompt, missing the reflection of stars on the water.', "The Mer d'Aural is not depicted as 'glowing' or 'bioluminescent'."]
[15:52:03]       retry image 4/5
[15:52:41]     [3/5] image KO : ["Bipboup is pointing at Pimprenelle instead of the starry night sky reflected on the water's surface."]
[15:52:41]       retry image 5/5
[15:53:36]     [3/5] image KO : ["Scene is missing the starry night sky and its reflection on the water's surface, appearing to be daytime or bright twilight.", "Mer d'Aural is not depicted as glowing or bioluminescent as described in the canon."]
[15:53:36]     [3/5] IMAGE ECHEC apres retries
[15:54:40]     [4/5] image KO : ['Pimprenelle is present in the scene, but the prompt implies only her guitar and Bipboup.', 'The guitar is not a crystal guitar and is not floating on water as described.', 'Bipboup has a fish in his mouth, which is not canonical.']
[15:54:40]       retry image 2/5
[15:55:41]     [4/5] image KO : ['Pimprenelle is present in the scene, but the prompt focuses only on her guitar and Bipboup.', 'The guitar is not a translucent crystal body and does not glow; it appears to be a standard wooden acoustic guitar.', 'The shot is not a close-up focusing on the guitar, and the guitar is being held by Pimprenelle, not floating.']
[15:55:41]       retry image 3/5
[15:56:35]     [4/5] image KO : ['The guitar is an acoustic guitar, not the specified crystal guitar.', "Bipboup's design is incorrect (has two eyes, hands instead of pincer arms, and is holding a fish not mentioned in canon).", 'Pimprenelle is present and holding the guitar, instead of the guitar floating on the water as described in the prompt.']
[15:56:35]       retry image 4/5
[15:58:02]     [4/5] image KO : ["The guitar is not a 'crystal guitar' as described; it appears to be a standard wooden acoustic guitar.", "The guitar is being held by Pimprenelle, not 'floating on the water' as specified in the prompt.", "Pimprenelle is prominently featured, but the prompt requested a 'close-up shot focusing on Pimprenelle's crystal guitar floating on the water,' implying the guitar itself as the primary focus, not Pimprenelle holding it."]
[15:58:02]       retry image 5/5
[15:58:34]     [4/5] image KO : ['The guitar is a standard acoustic guitar, not the specified translucent crystal guitar.', "Bipboup's arms are human-like hands with fingers, not mechanical pincer arms as described in the reference.", "The background sea is not blurry and features large, distinct waves, deviating from the 'blurry, sparkling turquoise' description."]
[15:58:34]     [4/5] IMAGE ECHEC apres retries
[15:59:37]     [5/5] image KO : ['The guitar is not a translucent crystal guitar as specified in the canon and prompt.', "The Mer d'Aural lacks the described luminous and bioluminescent qualities.", 'The rock Pimprenelle sits on is not glowing.']
[15:59:37]       retry image 2/5
[16:00:35]     [5/5] image KO : ['Guitar is a standard acoustic guitar, not translucent crystal and not glowing.', "Mer d'Aural lacks bioluminescence and luminosity, and features large, non-peaceful waves.", 'The rock Pimprenelle sits on is not glowing.']
[16:00:35]       retry image 3/5
[16:02:05]     [5/5] image KO : ["Pimprenelle's guitar is a standard wooden acoustic guitar, not the translucent crystal, glowing 'Guitare des sept silences' as described.", "The Mer d'Aural is depicted as a generic wave, lacking its described luminous, bioluminescent, deep turquoise and aquamarine qualities.", 'Bipboup is standing on the rock instead of floating beside Pimprenelle.']
[16:02:05]       retry image 4/5
[16:02:36]     [5/5] image KO : ['The guitar is a standard wooden acoustic guitar, not the translucent crystal guitar described.', "Bipboup's arms are not mechanical pincers, and his eye is not a screen-eye showing a smile with a single tear."]
[16:02:37]       retry image 5/5
[16:04:05]     [5/5] image KO : ['The guitar is a standard wooden acoustic guitar, not a translucent crystal one glowing from within.', "The Mer d'Aural lacks its described luminous, bioluminescent, deep turquoise and aquamarine qualities.", 'The rock Pimprenelle sits on is not glowing as described.']
[16:04:05]     [5/5] IMAGE ECHEC apres retries
[16:04:17]   IMAGES bilan : 1 OK, 4 fail
[16:04:17]   AUDIO : 5 MP3s a generer/verifier
[16:04:32]     [1/5] audio OK (100%)
[16:05:11]     [2/5] audio OK (100%)
[16:05:34]     [3/5] audio KO (99%) wrong=['Bipbou'] missing=[]
[16:05:34]       retry audio 2/3
[16:06:09]     [3/5] audio KO (99%) wrong=['Bipbou'] missing=[]
[16:06:09]       retry audio 3/3
[16:06:38]     [3/5] audio KO (99%) wrong=['Bipbou'] missing=[]
[16:06:57]     [4/5] audio OK (100%)
[16:07:12]     [5/5] audio OK (100%)
[16:07:14]   AUDIO bilan : 4 OK, 1 fail
[16:07:14] <<< END : courte_sorciere_ocean_guitare_robot -> {'key': 'courte_sorciere_ocean_guitare_robot', 'text': 'OK', 'images': '1/5', 'audio': '4/5'}
[16:07:14] 
*** [54/243] courte_sorciere_ocean_guitare_fantome  (elapsed 15.9h)
[16:07:14] 
======================================================================
>>> START : courte_sorciere_ocean_guitare_fantome
======================================================================
[16:07:14]   voix pour ce niveau (courte) : fr-FR-Neural2-A
[16:07:14]   TEXTE : generation Gemini Pro...
[16:08:01]     OK : 'Pimprenelle et la Guitare des Sept Silences' (5 pages)
[16:08:01]   IMAGES : 5 pages a generer/verifier
[16:08:29]     [1/5] image OK (n/a)
[16:09:11]     [2/5] image KO : ['The guitar does not have a translucent pale crystal body; it appears to be a standard wooden acoustic guitar.', "Pimprenelle's hair is not in a long side braid.", "Pimprenelle's hat is missing golden crescent moons."]
[16:09:11]       retry image 2/5
[16:09:36]     [2/5] image KO : ['The guitar does not have a translucent pale crystal body or shimmering strings; it appears to be a standard wooden acoustic guitar.']
[16:09:36]       retry image 3/5
[16:10:30]     [2/5] image KO : ["The guitar is a standard acoustic guitar, not the translucent pale crystal body described for the 'Guitare des sept silences'."]
[16:10:30]       retry image 4/5
[16:11:55]     [2/5] image KO : ['The guitar is not a translucent pale crystal body as described; it appears to be made of wood.']
[16:11:55]       retry image 5/5
[16:12:45]     [2/5] image KO : ['The guitar is a standard wooden acoustic guitar, not a translucent pale crystal body as described in the prompt.']
[16:12:45]     [2/5] IMAGE ECHEC apres retries
[16:13:43]     [3/5] image KO : ["Maître Otho's appearance (size, shape, facial features) deviates significantly from his reference portrait.", 'The guitar is a standard wooden acoustic guitar, not a translucent pale crystal guitar as specified in the canon and prompt.', "Pimprenelle's expression is more curious than 'startled but not scared', and Maître Otho's hand gesture is a friendly wave rather than 'pleading'."]
[16:13:43]       retry image 2/5
[16:14:36]     [3/5] image KO : ['The guitar is a standard acoustic guitar, not the described translucent crystal guitar that glows.', 'The scene is depicted in bright daylight, not at dusk as specified.']
[16:14:36]       retry image 3/5
[16:15:41]     [3/5] image KO : ['The crystal guitar is not translucent or glowing as described; it appears to be a standard acoustic guitar.', 'The scene is depicted in bright daylight instead of at dusk.', "Maître Otho's eyes are dark, not pale grey as specified in his description."]
[16:15:41]       retry image 4/5
[16:16:31]     [3/5] image KO : ['Pimprenelle is holding a standard acoustic guitar, not the described translucent crystal guitar that glows softly.', 'The scene is depicted in bright daylight, not at dusk as specified in the prompt.']
[16:16:31]       retry image 5/5
[16:18:06]     [3/5] image KO : ["Pimprenelle is holding a wooden acoustic guitar instead of the canonical 'crystal guitar' with a translucent body and glow.", "The ocean (Mer d'Aural) is depicted as a large, swirling wave, which doesn't match the 'gentle luminous deep turquoise and aquamarine' description."]
[16:18:06]     [3/5] IMAGE ECHEC apres retries
[16:18:49]     [4/5] image KO : ["The 'Guitare des sept silences' is depicted as a standard wooden acoustic guitar instead of a translucent pale crystal body glowing softly from within."]
[16:18:49]       retry image 2/5
[16:19:44]     [4/5] image KO : ['Maître Otho is not translucent or ethereal; he appears solid and lacks the faded apron.', 'The guitar is not crystal or translucent; it appears to be a standard wooden acoustic guitar.']
[16:19:44]       retry image 3/5
[16:20:38]     [4/5] image KO : ['Maître Otho is depicted as a solid old man, not a translucent, floating ghost as described in the canon.', 'The guitar is a standard wooden acoustic guitar, not a translucent crystal one as specified in the canon.', 'The island floor is not primarily crystal, and the ocean lacks its described magical luminosity and bioluminescent sparkles.']
[16:20:38]       retry image 4/5
[16:21:37]     [4/5] image KO : ['Maître Otho is depicted as a solid old man, not a translucent ghost, and is not floating as described in the canon and prompt.', 'The guitar is a standard wooden guitar, not a translucent pale crystal body that glows softly from within, as described in the canon and prompt.']
[16:21:37]       retry image 5/5
[16:22:34]     [4/5] image KO : ['Maître Otho is depicted as a human old man, not a translucent ghost.', 'The guitar is a regular acoustic guitar, not a translucent crystal guitar.']
[16:22:34]     [4/5] IMAGE ECHEC apres retries
[16:23:36]     [5/5] image KO : ["Maître Otho's design is a generic ghost, not an old craftsman with a beard and eyes as specified in the canon.", 'The guitar is a standard wooden acoustic guitar, not a translucent pale crystal one as specified in the canon.']
[16:23:36]       retry image 2/5
[16:24:38]     [5/5] image KO : ['Image is not a close-up focusing on hands, but a wider shot of characters.', 'The guitar is not clearly translucent crystal as described, it looks like a regular acoustic guitar.', 'Pimprenelle is actively playing the guitar, not just hovering her hand, and the guitar/string are not glowing.']
[16:24:38]       retry image 3/5
[16:25:36]     [5/5] image KO : ["Maître Otho's design is inconsistent; he appears as a generic sheet ghost rather than an ethereal, translucent old craftsman with specific eye and apron details.", "The image is not a close-up focusing on hands; it's a wider shot showing Pimprenelle playing the guitar, which contradicts the prompt's focus and action.", "Pimprenelle is actively playing the guitar, not just hovering her hand, and Maître Otho's hand is not shown hovering near the guitar as described."]
[16:25:36]       retry image 4/5
[16:26:43]     [5/5] image KO : ['The guitar is a standard wooden acoustic guitar, not the specified translucent crystal guitar.', "Pimprenelle's hat and hair do not match her reference (round hat, two braids instead of pointed hat with moons and single side braid).", "Maître Otho's specific craftsman shape and pale grey eyes are missing; he appears as a generic ghost."]
[16:26:43]       retry image 5/5
[16:27:36]     [5/5] image KO : ['The guitar is a standard wooden acoustic guitar, not the specified crystal guitar that glows.', 'The scene is not a close-up view focusing on hands, and Pimprenelle is playing the guitar rather than her hand hovering near it.', "Pimprenelle's hair is not a long side braid, and her hat and robe are missing star patterns."]
[16:27:36]     [5/5] IMAGE ECHEC apres retries
[16:27:48]   IMAGES bilan : 1 OK, 4 fail
[16:27:48]   AUDIO : 5 MP3s a generer/verifier
[16:28:02]     [1/5] audio OK (100%)
[16:28:21]     [2/5] audio OK (100%)
[16:28:46]     [3/5] audio KO (99%) wrong=['était'] missing=['étaient']
[16:28:46]       retry audio 2/3
[16:29:18]     [3/5] audio KO (99%) wrong=['était'] missing=['étaient']
[16:29:18]       retry audio 3/3
[16:29:32]     [3/5] audio KO (99%) wrong=['étaient'] missing=[]
[16:29:52]     [4/5] audio KO (98%) wrong=['Ma'] missing=['Le']
[16:29:52]       retry audio 2/3
[16:30:28]     [4/5] audio KO (98%) wrong=['Ma'] missing=['Le']
[16:30:28]       retry audio 3/3
[16:30:42]     [4/5] audio OK (100%)
[16:31:02]     [5/5] audio OK (100%)
[16:31:04]   AUDIO bilan : 4 OK, 1 fail
[16:31:04] <<< END : courte_sorciere_ocean_guitare_fantome -> {'key': 'courte_sorciere_ocean_guitare_fantome', 'text': 'OK', 'images': '1/5', 'audio': '4/5'}
[16:31:04] 
*** [55/243] courte_dragon_planete_baguette_monstre  (elapsed 16.3h)
[16:31:04] 
======================================================================
>>> START : courte_dragon_planete_baguette_monstre
======================================================================
[16:31:04]   voix pour ce niveau (courte) : fr-FR-Neural2-A
[16:31:04]   TEXTE : generation Gemini Pro...
[16:31:43]     OK : 'Brio et la Lumière Égarée' (5 pages)
[16:31:43]   IMAGES : 5 pages a generer/verifier
[16:32:08]     [1/5] image KO : ["Brio's horns are not tiny and rounded as per canon, they are larger and curved.", 'The planet Vega-7 has stripes instead of tiny glowing craters as specified in the canon and prompt.']
[16:32:08]       retry image 2/5
[16:32:34]     [1/5] image KO : ['Etoile (wand) does not match canonical description (missing honey-brown wood, swirling carvings, red ribbon).']
[16:32:34]       retry image 3/5
[16:33:28]     [1/5] image OK (n/a)
[16:34:18]     [2/5] image KO : ["Brio's scales are purple instead of sky-blue pale pastel", "Brio's horns are spiky and larger, not tiny and rounded", "Brio's face is more angular, not round and friendly"]
[16:34:18]       retry image 2/5
[16:35:15]     [2/5] image KO : ["Brio's scales are purple instead of sky-blue.", "Brio's horns are spiky and larger than described.", 'The magical wand (Etoile) is missing the red ribbon and specific wood/star details.']
[16:35:15]       retry image 3/5
[16:36:04]     [2/5] image KO : ['Brio is the wrong color and design (purple instead of sky-blue, different horns)', 'Grobi is completely missing from the scene', 'The action described (Grobi snatching wand from Brio) is not depicted; instead, a dragon is holding a wand']
[16:36:04]       retry image 4/5
[16:37:34]     [2/5] image KO : ["The background planet (Vega-7) does not match its description of having 'two thin golden rings'; it has one wide ring like Saturn.", "Etoile (the wand) is missing the specified 'small red ribbon near the handle' and 'swirling carvings'."]
[16:37:34]       retry image 5/5
[16:38:24]     [2/5] image KO : ["Brio's horns are large and golden, not tiny and rounded as per canon.", 'The magical planet Vega-7 (the ground) does not display its two thin golden rings; they are on a separate background planet.', 'The wand (Etoile) is missing the small red ribbon near the handle.']
[16:38:24]     [2/5] IMAGE ECHEC apres retries
[16:39:25]     [3/5] image OK (n/a)
[16:40:21]     [4/5] image KO : ['Etoile (wand) does not match canonical description (missing wood details, carvings, red ribbon).']
[16:40:21]       retry image 2/5
[16:41:19]     [4/5] image OK (n/a)
[16:42:26]     [5/5] image KO : ['Brio is not breathing a soft, warm, golden glow as described.', "The wand does not match Etoile's canonical description (missing red ribbon, swirling carvings, incorrect wood color) and is not emitting a bright beam of light towards the sky.", "Grobi's horns are significantly larger, differently shaped, and golden in color, deviating from the canonical description and reference."]
[16:42:26]       retry image 2/5
[16:43:15]     [5/5] image OK (n/a)
[16:43:27]   IMAGES bilan : 4 OK, 1 fail
[16:43:27]   AUDIO : 5 MP3s a generer/verifier
[16:43:41]     [1/5] audio OK (100%)
[16:44:11]     [2/5] audio OK (100%)
[16:44:28]     [3/5] audio OK (100%)
[16:44:43]     [4/5] audio OK (100%)
[16:45:06]     [5/5] audio KO (99%) wrong=['Ma'] missing=[]
[16:45:06]       retry audio 2/3
[16:45:30]     [5/5] audio KO (99%) wrong=['Ma'] missing=['Le']
[16:45:30]       retry audio 3/3
[16:45:55]     [5/5] audio KO (99%) wrong=['Ma', 'eu'] missing=['Le', 'eut']
[16:45:58]   AUDIO bilan : 4 OK, 1 fail
[16:45:58] <<< END : courte_dragon_planete_baguette_monstre -> {'key': 'courte_dragon_planete_baguette_monstre', 'text': 'OK', 'images': '4/5', 'audio': '4/5'}
[16:45:58] 
*** [56/243] courte_dragon_planete_baguette_robot  (elapsed 16.6h)
[16:45:58] 
======================================================================
>>> START : courte_dragon_planete_baguette_robot
======================================================================
[16:45:58]   voix pour ce niveau (courte) : fr-FR-Neural2-A
[16:45:58]   TEXTE : generation Gemini Pro...
[16:46:32]     OK : 'Brio et le visiteur étoilé' (5 pages)
[16:46:32]   IMAGES : 5 pages a generer/verifier
[16:47:02]     [1/5] image KO : ['Etoile is missing the red ribbon near the handle', 'Etoile is missing swirling carvings on the wood']
[16:47:02]       retry image 2/5
[16:47:33]     [1/5] image KO : ['Vega-7 has multiple thick rings instead of two thin golden rings', 'Etoile is missing swirling carvings and a red ribbon', "Vega-7's craters are not glowing teal"]
[16:47:33]       retry image 3/5
[16:47:59]     [1/5] image KO : ["Brio's horns are larger, more pointed, and darker than described as 'tiny rounded horns' and the reference.", 'Etoile (the wand) is missing the small red ribbon near the handle and the swirling carvings.', "Vega-7's golden rings are thick and prominent, not 'thin' as specified in the prompt and implied by the reference."]
[16:47:59]       retry image 4/5
[16:49:23]     [1/5] image KO : ['Etoile (the wand) does not match the canonical description (missing wood, carvings, ribbon).', "Vega-7's rings are depicted on a separate background planet, not on Vega-7 itself where Brio is sitting.", "Vega-7's craters are not glowing teal as specified."]
[16:49:23]       retry image 5/5
[16:50:18]     [1/5] image KO : ['Etoile (wand) is missing the small red ribbon near the handle.', "Etoile's star tip emits golden sparkles instead of silver sparkles.", "Vega-7's golden rings are thick, not thin as specified."]
[16:50:18]     [1/5] IMAGE ECHEC apres retries
[16:51:04]     [2/5] image KO : ['Bipboup has human-like hands instead of mechanical pincer arms.', 'Brio is too prominent and not peeking from behind the rock; Brio\'s horns are also not "tiny rounded" as described.', "Bipboup's screen-eye expression is only anxious, not also mischievous."]
[16:51:04]       retry image 2/5
[16:52:09]     [2/5] image KO : ["Vega-7's canonical description is not fully met: the foreground planet lacks its two thin golden rings, and the background planet does not match Vega-7's purple and teal surface."]
[16:52:09]       retry image 3/5
[16:53:01]     [2/5] image KO : ["Brio's horns are too large and spiky, not 'tiny rounded horns' as described in canon. Its face shape also differs from the reference.", "Bipboup's eye is not a 'screen-eye' with a drawn expression, and its arms are not 'mechanical pincer arms'. The body also lacks the 'riveted' detail."]
[16:53:01]       retry image 4/5
[16:54:28]     [2/5] image OK (n/a)
[16:55:13]     [3/5] image KO : ['Bipboup has hands instead of mechanical pincer arms, which contradicts both canon and prompt.', 'Brio has spikes on his head and back instead of tiny rounded horns as described in canon.', 'The scene does not clearly depict Bipboup snatching the wand from the ground, and Brio is in the foreground, not the background as specified.']
[16:55:13]       retry image 2/5
[16:56:09]     [3/5] image KO : ["Bipboup's arms are not pincer arms and its eye is not a screen-eye showing a mischievous smile as described in the canon.", 'The action is not clearly taking place on Vega-7; Vega-7 is shown as a separate planet in the background, rather than being the ground the characters are on. Additionally, the background Vega-7 has only one ring instead of two.', "Brio's horns are spiky and blue, not tiny, rounded, and light brown as per the reference portrait and text description."]
[16:56:09]       retry image 3/5
[16:57:10]     [3/5] image KO : ["Bipboup's arms are human-like hands instead of mechanical pincer arms as specified in canon and the scene prompt.", "Bipboup's eye is a human-like eye instead of a screen-eye showing a mischievous smile.", "Brio's horns are not tiny and rounded, and his scale color is too saturated compared to the pale pastel description."]
[16:57:10]       retry image 4/5
[16:58:07]     [3/5] image KO : ["Brio is much larger than a 'tiny baby dragon' and his horns/face differ significantly from the reference. He is also in the mid-ground, not 'in the background'.", "Bipboup's expression is sad/concerned, not the canonical 'mischievous smile' for the villain. His arms are not clearly 'mechanical pincer arms'.", "The wand, Etoile, is missing its 'swirling carvings' and 'small red ribbon near the handle'."]
[16:58:07]       retry image 5/5
[16:59:09]     [3/5] image KO : ['Bipboup the robot has hands instead of mechanical pincer arms.', 'The wand Etoile is stuck in the ground, not being snatched/held by Bipboup.']
[16:59:09]     [3/5] IMAGE ECHEC apres retries
[17:00:11]     [4/5] image OK (n/a)
[17:01:16]     [5/5] image OK (n/a)
[17:01:28]   IMAGES bilan : 3 OK, 2 fail
[17:01:28]   AUDIO : 5 MP3s a generer/verifier
[17:01:45]     [1/5] audio OK (100%)
[17:02:02]     [2/5] audio OK (100%)
[17:02:16]     [3/5] audio OK (100%)
[17:02:40]     [4/5] audio KO (99%) wrong=['B', 'Z', 'Z'] missing=['bzzzt']
[17:02:40]       retry audio 2/3
[17:03:05]     [4/5] audio KO (99%) wrong=['bzzzt'] missing=[]
[17:03:05]       retry audio 3/3
[17:03:51]     [4/5] audio KO (98%) wrong=['B', 'Z', 'Z'] missing=['bzzzt', '...']
[17:04:19]     [5/5] audio KO (97%) wrong=['Ma', 'W H O S H', "l'alarme"] missing=[]
[17:04:19]       retry audio 2/3
[17:04:49]     [5/5] audio KO (97%) wrong=['Ma', 'W', 'H'] missing=['Le', 'WHOOSH', 'la']
[17:04:49]       retry audio 3/3
[17:05:26]     [5/5] audio KO (96%) wrong=['Ma', 'étoile', 'W'] missing=['Le', 'Étoile', 'WHOOSH']
[17:05:28]   AUDIO bilan : 3 OK, 2 fail
[17:05:28] <<< END : courte_dragon_planete_baguette_robot -> {'key': 'courte_dragon_planete_baguette_robot', 'text': 'OK', 'images': '3/5', 'audio': '3/5'}
[17:05:28] 
*** [57/243] courte_dragon_planete_baguette_fantome  (elapsed 16.9h)
[17:05:28] 
======================================================================
>>> START : courte_dragon_planete_baguette_fantome
======================================================================
[17:05:28]   voix pour ce niveau (courte) : fr-FR-Neural2-A
[17:05:28]   TEXTE : generation Gemini Pro...
[17:06:08]     OK : 'Brio et l'Artisan des Étoiles' (5 pages)
[17:06:08]   IMAGES : 5 pages a generer/verifier
[17:06:36]     [1/5] image KO : ["Brio's horns are large and golden, not tiny and rounded as specified in the canon.", 'The planet surface is teal/blue instead of purple.', 'The image is a full body shot of Brio, not a close-up on his face as requested.']
[17:06:36]       retry image 2/5
[17:07:05]     [1/5] image KO : ["Brio's horns are prominent, pointed, and golden/brown, not tiny and rounded as per canon.", "Planet Vega-7's surface is grey/blue/green, not purple as specified in the canon."]
[17:07:05]       retry image 3/5
[17:07:39]     [1/5] image KO : ["Planet Vega-7's surface is grey and moon-like, not purple and teal with golden rings as described.", "Brio's horns are large and pointed, not tiny and rounded as specified in the character description."]
[17:07:39]       retry image 4/5
[17:09:03]     [1/5] image KO : ["Planet Vega-7's surface is grey/white instead of purple and teal.", 'Missing golden rings for Vega-7.', 'Craters are not glowing as described.']
[17:09:03]       retry image 5/5
[17:09:37]     [1/5] image KO : ["Brio's horns are larger and more curled than the 'tiny rounded horns' specified in the canon description and reference.", 'The planet surface is grey/white instead of the specified purple color for Vega-7.']
[17:09:37]     [1/5] IMAGE ECHEC apres retries
[17:10:43]     [2/5] image KO : ['Etoile is missing its red ribbon and swirling carvings.']
[17:10:43]       retry image 2/5
[17:11:40]     [2/5] image KO : ['Maitre Otho, a key character, is entirely missing from the illustration.', "The wand 'Etoile' is missing several canonical details like swirling carvings and a red ribbon.", "Vega-7's appearance deviates from its description, particularly the rings and overall color palette."]
[17:11:40]       retry image 3/5
[17:12:40]     [2/5] image KO : ['Maître Otho is completely missing from the scene.', "The wand does not match the description of 'Etoile' (missing wood details, swirling carvings, and red ribbon).", 'Brio is wearing overalls, which is not part of the canonical description.']
[17:12:40]       retry image 4/5
[17:13:36]     [2/5] image KO : ["Maitre Otho's facial features (eyes, nose, mouth) are too defined and human-like compared to his simple, less detailed reference portrait.", 'Vega-7 is missing its two thin golden rings.']
[17:13:36]       retry image 5/5
[17:15:09]     [2/5] image OK (n/a)
[17:15:53]     [3/5] image KO : ["Brio's horns are pointed and blue, not rounded and light brown as per canon.", "Etoile's star has four points instead of the canonical five points.", 'Vega-7 has one thick ring instead of two thin golden rings, and lacks glowing craters.']
[17:15:53]       retry image 2/5
[17:16:47]     [3/5] image KO : ['Maitre Otho is not translucent as described', 'Etoile wand design is incorrect (missing details, wrong shape/size, no ribbon)', "Brio's pose and expression do not match 'clutching protectively' and 'wary'; the scene lacks suspense"]
[17:16:47]       retry image 3/5
[17:17:50]     [3/5] image KO : ['Etoile (wand) design does not match reference: it lacks honey-brown wood, swirling carvings, and a red ribbon, appearing as a generic star on a stick.', "Scene setting is in space with a planet in the background, not on the 'magical purple and teal landscape of Vega-7' as specified in the prompt.", "Brio's pose and expression do not fully match: he is holding the wand out rather than 'clutching it protectively against his chest', and his expression is more curious than 'confused and a little wary', reducing the intended suspense."]
[17:17:50]       retry image 4/5
[17:18:42]     [3/5] image KO : ["Maitre Otho's appearance is inconsistent (beard color, eye color, ethereal quality)", 'Etoile wand is not canonical (missing slimness, carvings, ribbon)', 'Vega-7 is not depicted as a planet with rings']
[17:18:42]       retry image 5/5
[17:19:43]     [3/5] image KO : ['Etoile wand is missing key canonical details (wood color, carvings, red ribbon)', 'Brio is not clutching the wand protectively against his chest, and his expression is more curious/neutral than wary/confused']
[17:19:43]     [3/5] IMAGE ECHEC apres retries
[17:20:51]     [4/5] image KO : ["Maitre Otho is not 'small' compared to Brio and lacks the faded apron outline on his ghost form.", 'Etoile wand lacks swirling carvings and a red ribbon near the handle.']
[17:20:51]       retry image 2/5
[17:21:44]     [4/5] image KO : ["Brio's horns are spiky instead of rounded as per reference.", "Maître Otho's ghost form has black dot eyes instead of kind pale grey eyes, and lacks the faded apron outline.", 'Etoile wand is missing swirling carvings and a red ribbon, and is not honey-brown wood.']
[17:21:44]       retry image 3/5
[17:22:44]     [4/5] image KO : ["Maitre Otho's main ghost form is not shaped like an old craftsman with an apron, as described in the canonical text."]
[17:22:44]       retry image 4/5
[17:23:41]     [4/5] image KO : ["Maître Otho is not translucent or ethereal; he appears as a solid white figure, contradicting his canonical description and the prompt's mention of 'translucent fingers'.", "The wand 'Etoile' lacks specific canonical details such as honey-brown wood, swirling carvings, and a red ribbon.", 'The planet Vega-7 does not match its canonical description (e.g., purple and teal surface, glowing craters, soft warm aura).']
[17:23:41]       retry image 5/5
[17:24:40]     [4/5] image KO : ["Etoile's design is inconsistent with the canonical description (missing red ribbon, swirling carvings, incorrect star tip shape/size)."]
[17:24:40]     [4/5] IMAGE ECHEC apres retries
[17:25:44]     [5/5] image KO : ['Maître Otho is not translucent and lacks key canonical features like pale grey eyes and apron outline.', "The wand 'Etoile' is missing specific design elements such as swirling carvings and a red ribbon.", 'The planet Vega-7 is misplaced in the foreground, and the background is not starry space as described.']
[17:25:44]       retry image 2/5
[17:26:47]     [5/5] image KO : ['Maître Otho is not translucent, lacks ethereal blue-white glow, and has a solid brown apron instead of a faded outline.', 'Etoile is missing the red ribbon near the handle and the swirling carvings on the wood.']
[17:26:47]       retry image 3/5
[17:27:41]     [5/5] image KO : ["Maitre Otho does not appear translucent or ethereal; he is depicted as a solid, robed figure with dark eyes and a distinct apron, deviating significantly from the 'translucent ghost' description with 'pale grey eyes' and 'faded outline of an old craftsman's apron'.", 'The wand Etoile is missing the specified red ribbon and swirling carvings, and the light/sparkles emitted are golden instead of silver.']
[17:27:41]       retry image 4/5
[17:28:41]     [5/5] image KO : ['Maître Otho is depicted as a solid human, not a translucent, floating ghost as described in the canon and prompt.', "The wand 'Etoile' is missing key canonical details such as the red ribbon and swirling carvings.", 'Planet Vega-7 is missing its second golden ring and glowing craters as specified in the canon.']
[17:28:41]       retry image 5/5
[17:29:40]     [5/5] image KO : ["Maître Otho lacks the specified long wispy white beard and faded outline of an old craftsman's apron.", 'Etoile wand is a plain stick, missing the warm honey-brown wood with swirling carvings and the small red ribbon near the handle.']
[17:29:40]     [5/5] IMAGE ECHEC apres retries
[17:29:52]   IMAGES bilan : 1 OK, 4 fail
[17:29:52]   AUDIO : 5 MP3s a generer/verifier
[17:30:10]     [1/5] audio OK (100%)
[17:30:25]     [2/5] audio OK (100%)
[17:30:49]     [3/5] audio KO (98%) wrong=['étoile', 'La'] missing=[]
[17:30:49]       retry audio 2/3
[17:31:04]     [3/5] audio KO (98%) wrong=['étoile', 'La'] missing=[]
[17:31:04]       retry audio 3/3
[17:31:20]     [3/5] audio KO (98%) wrong=['étoile', 'La'] missing=[]
[17:31:45]     [4/5] audio OK (100%)
[17:32:19]     [5/5] audio KO (99%) wrong=['sorti'] missing=[]
[17:32:19]       retry audio 2/3
[17:32:47]     [5/5] audio KO (99%) wrong=['Vega', '7'] missing=['Vega-7']
[17:32:47]       retry audio 3/3
[17:33:20]     [5/5] audio KO (99%) wrong=['sorti'] missing=['sortit']
[17:33:22]   AUDIO bilan : 3 OK, 2 fail
[17:33:22] <<< END : courte_dragon_planete_baguette_fantome -> {'key': 'courte_dragon_planete_baguette_fantome', 'text': 'OK', 'images': '1/5', 'audio': '3/5'}
[17:33:22] 
*** [58/243] courte_dragon_planete_skateboard_monstre  (elapsed 17.4h)
[17:33:22] 
======================================================================
>>> START : courte_dragon_planete_skateboard_monstre
======================================================================
[17:33:22]   voix pour ce niveau (courte) : fr-FR-Neural2-A
[17:33:22]   TEXTE : generation Gemini Pro...
[17:33:57]     OK : 'Brio et le Chant des Étoiles Perdues' (5 pages)
[17:33:57]   IMAGES : 5 pages a generer/verifier
[17:34:22]     [1/5] image OK (n/a)
[17:35:01]     [2/5] image KO : ['Vega-7 is missing its two thin golden rings.', "Brio's horns are larger and golden/tan, not tiny and rounded as described.", 'Fusee is missing golden lightning bolt patterns and has only white stars.']
[17:35:01]       retry image 2/5
[17:35:30]     [2/5] image KO : ["Brio's horns are significantly larger, more curved, and golden, deviating from the 'tiny rounded horns' in the reference image."]
[17:35:30]       retry image 3/5
[17:37:05]     [2/5] image KO : ['Fusee (skateboard) is missing golden lightning bolt patterns from its canonical description.', "Fusee's neon-pink wheels are not glowing or flickering dimly as described in the scene prompt and canonical description."]
[17:37:05]       retry image 4/5
[17:37:25]     [2/5] image KO : ["Brio's horns are large and golden, not tiny and rounded as specified in the canon description and reference image."]
[17:37:25]       retry image 5/5
[17:38:58]     [2/5] image KO : ["Brio's horns are golden and more prominent than the canon's 'tiny rounded horns'.", "Fusee's wheels are solid pink instead of 'flickering dimly' and 'glowing'.", "Fusee is missing the 'golden lightning bolt patterns' and 'holographic shimmer'."]
[17:38:58]     [2/5] IMAGE ECHEC apres retries
[17:39:37]     [3/5] image OK (n/a)
[17:40:35]     [4/5] image OK (n/a)
[17:41:40]     [5/5] image KO : ['Fusee is not emitting a soft, warm, comforting glow as described in the prompt.']
[17:41:40]       retry image 2/5
[17:42:34]     [5/5] image KO : ['Vega-7 is missing its two thin golden rings.']
[17:42:34]       retry image 3/5
[17:43:26]     [5/5] image OK (n/a)
[17:43:38]   IMAGES bilan : 4 OK, 1 fail
[17:43:38]   AUDIO : 5 MP3s a generer/verifier
[17:44:05]     [1/5] audio OK (100%)
[17:44:25]     [2/5] audio OK (100%)
[17:44:38]     [3/5] audio OK (100%)
[17:44:55]     [4/5] audio OK (100%)
[17:45:09]     [5/5] audio OK (100%)
[17:45:11]   AUDIO bilan : 5 OK, 0 fail
[17:45:11] <<< END : courte_dragon_planete_skateboard_monstre -> {'key': 'courte_dragon_planete_skateboard_monstre', 'text': 'OK', 'images': '4/5', 'audio': '5/5'}
[17:45:11] 
*** [59/243] courte_dragon_planete_skateboard_robot  (elapsed 17.6h)
[17:45:11] 
======================================================================
>>> START : courte_dragon_planete_skateboard_robot
======================================================================
[17:45:11]   voix pour ce niveau (courte) : fr-FR-Neural2-A
[17:45:11]   TEXTE : generation Gemini Pro...
[17:45:48]     OK : 'Brio et l'Étoile de Fer-Blanc' (5 pages)
[17:45:48]   IMAGES : 5 pages a generer/verifier
[17:46:20]     [1/5] image KO : ["Vega-7's surface color is reddish-purple, not purple and teal as specified in the prompt and canon.", 'Vega-7 has only one visible ring, not two thin golden rings as specified in the canon and implied by the prompt.', "Fusee is missing the 'golden lightning bolt patterns' from its canonical description."]
[17:46:20]       retry image 2/5
[17:46:54]     [1/5] image OK (n/a)
[17:47:35]     [2/5] image OK (n/a)
[17:48:25]     [3/5] image KO : ['Bipboup has hands instead of mechanical pincer arms.', "Bipboup's screen-eye shows a simple star instead of a frantic, complex symbol.", 'Brio is standing instead of floating, and his expression lacks surprise/concern.']
[17:48:25]       retry image 2/5
[17:49:18]     [3/5] image KO : ['Bipboup has human-like hands instead of mechanical pincers and is standing on the skateboard, not gripping it.', "Bipboup's eye shows a simple smile instead of a frantic, complex symbol.", 'Brio is standing, not floating, and his expression does not convey surprise or concern.']
[17:49:18]       retry image 3/5
[17:50:47]     [3/5] image KO : ['Bipboup has hands instead of mechanical pincer arms, and is standing on the skateboard instead of gripping it.', "Bipboup's single blue screen-eye shows a smile instead of a frantic, complex symbol, and his antennas are not blinking wildly.", 'Brio is standing instead of floating, and his expression is not one of surprise and concern.']
[17:50:47]       retry image 4/5
[17:51:27]     [3/5] image KO : ['Bipboup has hands instead of mechanical pincer arms.', 'Bipboup is standing on the skateboard, not gripping it, and Brio is standing, not floating.', "Bipboup's eye shows a smile instead of a frantic, complex symbol."]
[17:51:27]       retry image 5/5
[17:52:23]     [3/5] image KO : ['Bipboup is standing on the skateboard with hands, not gripping it with mechanical pincers as described.', "Bipboup's eye shows a happy smile instead of a frantic, complex symbol.", "Brio's face and horns do not match the reference portrait, and Brio is standing instead of floating."]
[17:52:23]     [3/5] IMAGE ECHEC apres retries
[17:53:27]     [4/5] image OK (n/a)
[17:54:37]     [5/5] image KO : ["Brio's horns are spiky and too large, not tiny and rounded as per canon. His scales are also too vibrant.", "Bipboup's smile is a separate mouth, not integrated into his single screen-eye as per canon.", "The planet does not match Vega-7's canonical description (missing purple/teal surface, glowing craters, two thin golden rings)."]
[17:54:37]       retry image 2/5
[17:55:37]     [5/5] image KO : ['The planet shown is not Vega-7 (wrong color, missing second ring, no glowing craters/aura).', "Fusee's wheels are not glowing neon-pink, and it lacks lightning bolt patterns and holographic shimmer."]
[17:55:37]       retry image 3/5
[17:56:34]     [5/5] image KO : ["Brio's horns are significantly larger and spikier than 'tiny rounded horns', and his head is less round.", "Bipboup's arms are not 'mechanical pincer arms' and his body lacks 'riveted' detail.", "Vega-7's rings are thick and orange, not 'two thin golden rings'; Fusee lacks 'golden lightning bolt patterns' and 'holographic shimmer'."]
[17:56:34]       retry image 4/5
[17:57:28]     [5/5] image KO : ['Bipboup is not flying away into the starry cosmos as described.', 'The setting is a plain background, not the starry cosmos.', "The planet does not match Vega-7's description (colors, rings, craters)."]
[17:57:28]       retry image 5/5
[17:58:33]     [5/5] image KO : ["Bipboup's arms are not mechanical pincers and its eye does not show a mischievous smile.", 'The background is plain, not a starry cosmos, and Bipboup is not leaving a faint trail of light.', "The holographic star map projected from Bipboup's eye is missing."]
[17:58:33]     [5/5] IMAGE ECHEC apres retries
[17:58:45]   IMAGES bilan : 3 OK, 2 fail
[17:58:45]   AUDIO : 5 MP3s a generer/verifier
[17:59:06]     [1/5] audio KO (99%) wrong=['roulette'] missing=['roulettes']
[17:59:06]       retry audio 2/3
[17:59:20]     [1/5] audio KO (99%) wrong=['roulette'] missing=[]
[17:59:20]       retry audio 3/3
[17:59:34]     [1/5] audio OK (100%)
[17:59:57]     [2/5] audio OK (100%)
[18:00:18]     [3/5] audio OK (100%)
[18:00:43]     [4/5] audio OK (100%)
[18:01:29]     [5/5] audio KO (96%) wrong=['bip', 'œil', 'écran'] missing=['BIIIIIP', 'œil-écran', 'Le']
[18:01:29]       retry audio 2/3
[18:01:54]     [5/5] audio KO (98%) wrong=['bip', 'Ma'] missing=['BIIIIIP', 'Le']
[18:01:54]       retry audio 3/3
[18:02:11]     [5/5] audio KO (98%) wrong=['BIIIIIP', 'Le'] missing=[]
[18:02:13]   AUDIO bilan : 4 OK, 1 fail
[18:02:13] <<< END : courte_dragon_planete_skateboard_robot -> {'key': 'courte_dragon_planete_skateboard_robot', 'text': 'OK', 'images': '3/5', 'audio': '4/5'}
[18:02:13] 
*** [60/243] courte_dragon_planete_skateboard_fantome  (elapsed 17.9h)
[18:02:13] 
======================================================================
>>> START : courte_dragon_planete_skateboard_fantome
======================================================================
[18:02:13]   voix pour ce niveau (courte) : fr-FR-Neural2-A
[18:02:13]   TEXTE : generation Gemini Pro...
[18:03:06]     OK : 'Brio et le Fantôme des Étoiles' (5 pages)
[18:03:06]   IMAGES : 5 pages a generer/verifier
[18:03:37]     [1/5] image OK (n/a)
[18:04:25]     [2/5] image KO : ['The background planets do not match the canonical description of Vega-7 (missing rings, craters, and showing two planets instead of one).', "The scene is missing the 'slow-moving, silvery mist' and 'dim glowing craters' which are essential for the described mood and setting.", "Brio is sitting instead of standing, and his expression is more cheerful than 'curious and slightly cautious'."]
[18:04:25]       retry image 2/5
[18:04:51]     [2/5] image OK (n/a)
[18:05:36]     [3/5] image KO : ['Maitre Otho is not translucent as described.', 'Maitre Otho lacks the ethereal blue-white glow.', "Maitre Otho's form is too solid and human-like, not matching the ghost description or reference."]
[18:05:36]       retry image 2/5
[18:07:12]     [3/5] image KO : ["Maitre Otho's appearance significantly deviates from the provided reference portrait's simple, sheet-ghost style, appearing more human-like.", "Brio's horns are larger and more pointed than the 'tiny rounded horns' described and shown in the reference."]
[18:07:12]       retry image 3/5
[18:07:42]     [3/5] image OK (n/a)
[18:08:54]     [4/5] image KO : ["Maitre Otho's appearance (eyes, missing apron, general shape) does not match the reference.", "The planet Vega-7's details (colors, number of rings, glowing craters, aura) are incorrect or missing.", "The scene's action is incorrect: Brio is holding the skateboard, not having pushed it halfway between them, and Maitre Otho is not looking down at it."]
[18:08:54]       retry image 2/5
[18:10:03]     [4/5] image KO : ["Brio's horns are blue instead of golden/tan as shown in the reference portrait.", "Maitre Otho's eyes are dark instead of kind pale grey, and his translucency is less pronounced than in the reference.", 'Fusee is missing the golden lightning bolt patterns on its deck as described in the canon details.']
[18:10:03]       retry image 3/5
[18:10:49]     [4/5] image KO : ["The skateboard's wheels and lightning bolt are not glowing brightly or creating a bridge of light as described, which is central to the 'moment of connection'.", "Maitre Otho's expression does not clearly convey 'surprise and dawning hope'.", "The setting is not depicted as a dim, misty area to highlight the skateboard's light."]
[18:10:49]       retry image 4/5
[18:11:45]     [4/5] image KO : ["Maitre Otho's appearance does not match reference (not translucent, wrong eye color, missing apron outline, different overall form)"]
[18:11:45]       retry image 5/5
[18:12:44]     [4/5] image KO : ["Maitre Otho's eyes are large and dark, not pale grey, and his apron is distinct, not a faded outline. Fusee lacks golden lightning bolt patterns and holographic shimmer.", 'Brio is holding the skateboard, not having pushed it halfway between them. The scene is bright starry space, not a dim, misty area, and the skateboard is not creating a bridge of light.', "Vega-7's color is reddish-brown, not purple and teal, and it has one prominent ring instead of two thin golden rings. Glowing craters are also missing."]
[18:12:44]     [4/5] IMAGE ECHEC apres retries
[18:13:47]     [5/5] image OK (n/a)
[18:13:59]   IMAGES bilan : 4 OK, 1 fail
[18:13:59]   AUDIO : 5 MP3s a generer/verifier
[18:14:15]     [1/5] audio OK (100%)
[18:14:35]     [2/5] audio KO (99%) wrong=["s'avança"] missing=["s'avançait"]
[18:14:35]       retry audio 2/3
[18:14:57]     [2/5] audio KO (99%) wrong=["s'avança"] missing=["s'avançait"]
[18:14:57]       retry audio 3/3
[18:15:19]     [2/5] audio KO (99%) wrong=["s'avança"] missing=["s'avançait"]
[18:15:43]     [3/5] audio KO (97%) wrong=['Ma', 'petite'] missing=['Le']
[18:15:43]       retry audio 2/3
[18:16:12]     [3/5] audio KO (97%) wrong=['maître', 'Ma', 'petite'] missing=['Maître', 'Le', 'petit']
[18:16:12]       retry audio 3/3
[18:16:35]     [3/5] audio KO (97%) wrong=['Ma', 'petite'] missing=['Le']
[18:17:03]     [4/5] audio KO (99%) wrong=['roulettes'] missing=[]
[18:17:03]       retry audio 2/3
[18:17:26]     [4/5] audio KO (99%) wrong=['roulette'] missing=['roulettes']
[18:17:26]       retry audio 3/3
[18:17:46]     [4/5] audio KO (99%) wrong=['roulette'] missing=['roulettes']
[18:18:10]     [5/5] audio OK (100%)
[18:18:12]   AUDIO bilan : 2 OK, 3 fail
[18:18:12] <<< END : courte_dragon_planete_skateboard_fantome -> {'key': 'courte_dragon_planete_skateboard_fantome', 'text': 'OK', 'images': '4/5', 'audio': '2/5'}
[18:18:12] 
*** [61/243] courte_dragon_planete_guitare_monstre  (elapsed 18.1h)
[18:18:12] 
======================================================================
>>> START : courte_dragon_planete_guitare_monstre
======================================================================
[18:18:12]   voix pour ce niveau (courte) : fr-FR-Neural2-A
[18:18:12]   TEXTE : generation Gemini Pro...
[18:18:51]     OK : 'Brio et la Mélodie Silencieuse' (5 pages)
[18:18:51]   IMAGES : 5 pages a generer/verifier
[18:19:25]     [1/5] image OK (n/a)
[18:20:06]     [2/5] image KO : ["Brio's horns are large and spiraled, not tiny and rounded as per reference.", 'The empty spot where the guitar used to be is missing.']
[18:20:06]       retry image 2/5
[18:20:32]     [2/5] image KO : ["Brio's horns are larger and more pointed than the 'tiny rounded horns' specified in the canon and shown in the reference portrait."]
[18:20:32]       retry image 3/5
[18:21:24]     [2/5] image KO : ['Missing the empty spot where the guitar used to be']
[18:21:24]       retry image 4/5
[18:22:21]     [2/5] image KO : ["Brio's horns are incorrect (should be tiny, rounded, and blue, not large, curved, and golden).", 'The empty spot where the guitar used to be is missing from the scene.']
[18:22:21]       retry image 5/5
[18:23:57]     [2/5] image KO : ['Missing the trail of purple fluff leading towards the large crater.', 'Missing the empty spot where the guitar used to be.']
[18:23:57]     [2/5] IMAGE ECHEC apres retries
[18:24:44]     [3/5] image KO : ['The guitar is not a crystal guitar as described in the canon and prompt; it appears to be a standard dark wooden acoustic guitar.']
[18:24:44]       retry image 2/5
[18:25:34]     [3/5] image KO : ['The guitar is a standard acoustic guitar, not the described crystal guitar.']
[18:25:34]       retry image 3/5
[18:26:30]     [3/5] image KO : ["The guitar is a standard acoustic guitar, not the described 'translucent pale crystal body' that can glow."]
[18:26:30]       retry image 4/5
[18:27:23]     [3/5] image KO : ['The planet Vega-7 is not depicted accurately (wrong colors, wrong number of rings).', "The 'Guitare des sept silences' is not a crystal guitar and does not glow.", 'The crater is not softly glowing and its connection to Vega-7 is unclear.']
[18:27:23]       retry image 5/5
[18:28:25]     [3/5] image KO : ['Grobi is smiling broadly instead of looking sad and huddled.', 'The guitar is made of wood instead of translucent pale crystal.', "Brio's horns are larger than 'tiny rounded horns' described in canon."]
[18:28:25]     [3/5] IMAGE ECHEC apres retries
[18:29:30]     [4/5] image KO : ["The guitar is a standard acoustic guitar, not the described 'crystal guitar (Guitar of Seven Silences)' with a translucent pale crystal body and shimmering strings.", 'Brio is holding the guitar, not specifically placing a claw on a single string as described.']
[18:29:30]       retry image 2/5
[18:30:21]     [4/5] image KO : ["The guitar is a standard wooden acoustic guitar, not the 'crystal guitar' with a translucent body and shimmering strings as described in the canon.", 'Brio is playing the guitar, not gently placing a claw on a single string as specified in the prompt.']
[18:30:21]       retry image 3/5
[18:31:53]     [4/5] image KO : ['The guitar is a standard wooden acoustic guitar, not the translucent crystal guitar described in canon and shown in the reference.', 'Brio is playing the guitar, not gently placing a claw on a single string as described in the prompt.']
[18:31:53]       retry image 4/5
[18:32:25]     [4/5] image KO : ["The guitar is a standard wooden acoustic guitar, not the 'translucent pale crystal body' and 'glowing softly from within' crystal guitar described in the canon.", "Brio is actively playing the guitar, not 'gently plac[ing] one small claw on a single shimmering string'."]
[18:32:25]       retry image 5/5
[18:33:26]     [4/5] image KO : ["The guitar is a standard wooden acoustic guitar, not the described 'translucent pale crystal body' and 'glowing softly from within' crystal guitar.", "Brio is depicted playing the guitar, rather than 'gently placing one small claw on a single shimmering string'."]
[18:33:26]     [4/5] IMAGE ECHEC apres retries
[18:34:32]     [5/5] image KO : ["The guitar is a standard acoustic guitar, not the described 'crystal guitar' with a translucent body and specific light reflections.", "Brio's scales are a more vibrant blue/teal instead of 'soft sky-blue pale pastel', and horns are spikier than 'tiny rounded'.", "The ground they are sitting on does not match Vega-7's 'purple and teal surface' with 'tiny glowing craters'."]
[18:34:32]       retry image 2/5
[18:35:20]     [5/5] image KO : ["Brio's appearance does not match the reference (wrong age, scale color, horn size).", 'The guitar is a standard acoustic guitar, not the specified crystal, glowing guitar.', 'The setting is a plain background with rocks, not Vega-7 or a crater.']
[18:35:20]       retry image 3/5
[18:36:51]     [5/5] image KO : ['Vega-7 is missing its two thin golden rings and specific surface details (purple and teal, glowing craters).', 'The crystal guitar is not translucent pale crystal; it appears opaque and pastel-colored.']
[18:36:51]       retry image 4/5
[18:37:22]     [5/5] image KO : ["Brio's scales are green instead of sky-blue, and horns are spiky instead of rounded.", 'The crystal guitar is not translucent, crystal, or glowing brightly as described.', 'Brio is not touching the guitar.']
[18:37:22]       retry image 5/5
[18:38:47]     [5/5] image KO : ["Brio's scales are green instead of sky-blue", 'The guitar is a standard acoustic guitar, not the crystal guitar', 'The guitar is not glowing as described']
[18:38:47]     [5/5] IMAGE ECHEC apres retries
[18:38:59]   IMAGES bilan : 1 OK, 4 fail
[18:38:59]   AUDIO : 5 MP3s a generer/verifier
[18:39:15]     [1/5] audio OK (100%)
[18:39:34]     [2/5] audio OK (100%)
[18:40:14]     [3/5] audio KO (99%) wrong=['Ma'] missing=['Le']
[18:40:14]       retry audio 2/3
[18:40:30] INTERRUPTION manuelle - sauvegarde checkpoint et exit
