[20:24:09] PREFLIGHT OK : SA + 12 portraits
[20:24:09] 
######################################################################
[20:24:09] # OVERNIGHT GENERATION START
[20:24:09] # Cles a traiter : 243
[20:24:09] # Voix audio par defaut : fr-FR-Neural2-A
[20:24:09] #   override soir -> fr-FR-Studio-A
[20:24:09] # Image verify : OFF (lax=False)
[20:24:09] # Audio verify : ON strict (lax=False)
[20:24:09] # Log file : logs\overnight_20260518_202409.log
[20:24:09] # Checkpoint : logs\checkpoint.json
[20:24:09] ######################################################################

[20:24:09] 
*** [1/243] courte_astronaute_planete_baguette_monstre  (elapsed 0.0h)
[20:24:09]     deja completed selon checkpoint, skip
[20:24:09] 
*** [2/243] courte_astronaute_planete_baguette_robot  (elapsed 0.0h)
[20:24:09]     deja completed selon checkpoint, skip
[20:24:09] 
*** [3/243] courte_astronaute_planete_baguette_fantome  (elapsed 0.0h)
[20:24:09]     deja completed selon checkpoint, skip
[20:24:09] 
*** [4/243] courte_astronaute_planete_skateboard_monstre  (elapsed 0.0h)
[20:24:09]     deja completed selon checkpoint, skip
[20:24:09] 
*** [5/243] courte_astronaute_planete_skateboard_robot  (elapsed 0.0h)
[20:24:09]     deja completed selon checkpoint, skip
[20:24:09] 
*** [6/243] courte_astronaute_planete_skateboard_fantome  (elapsed 0.0h)
[20:24:09]     deja completed selon checkpoint, skip
[20:24:09] 
*** [7/243] courte_astronaute_planete_guitare_monstre  (elapsed 0.0h)
[20:24:09]     deja completed selon checkpoint, skip
[20:24:09] 
*** [8/243] courte_astronaute_planete_guitare_robot  (elapsed 0.0h)
[20:24:09]     deja completed selon checkpoint, skip
[20:24:09] 
*** [9/243] courte_astronaute_planete_guitare_fantome  (elapsed 0.0h)
[20:24:09]     deja completed selon checkpoint, skip
[20:24:09] 
*** [10/243] courte_astronaute_chateau_baguette_monstre  (elapsed 0.0h)
[20:24:09]     deja completed selon checkpoint, skip
[20:24:09] 
*** [11/243] courte_astronaute_chateau_baguette_robot  (elapsed 0.0h)
[20:24:09]     deja completed selon checkpoint, skip
[20:24:09] 
*** [12/243] courte_astronaute_chateau_baguette_fantome  (elapsed 0.0h)
[20:24:09]     deja completed selon checkpoint, skip
[20:24:09] 
*** [13/243] courte_astronaute_chateau_skateboard_monstre  (elapsed 0.0h)
[20:24:09]     deja completed selon checkpoint, skip
[20:24:09] 
*** [14/243] courte_astronaute_chateau_skateboard_robot  (elapsed 0.0h)
[20:24:09]     deja completed selon checkpoint, skip
[20:24:09] 
*** [15/243] courte_astronaute_chateau_skateboard_fantome  (elapsed 0.0h)
[20:24:09]     deja completed selon checkpoint, skip
[20:24:09] 
*** [16/243] courte_astronaute_chateau_guitare_monstre  (elapsed 0.0h)
[20:24:09]     deja completed selon checkpoint, skip
[20:24:09] 
*** [17/243] courte_astronaute_chateau_guitare_robot  (elapsed 0.0h)
[20:24:09]     deja completed selon checkpoint, skip
[20:24:09] 
*** [18/243] courte_astronaute_chateau_guitare_fantome  (elapsed 0.0h)
[20:24:09]     deja completed selon checkpoint, skip
[20:24:09] 
*** [19/243] courte_astronaute_ocean_baguette_monstre  (elapsed 0.0h)
[20:24:09]     deja completed selon checkpoint, skip
[20:24:09] 
*** [20/243] courte_astronaute_ocean_baguette_robot  (elapsed 0.0h)
[20:24:09]     deja completed selon checkpoint, skip
[20:24:09] 
*** [21/243] courte_astronaute_ocean_baguette_fantome  (elapsed 0.0h)
[20:24:09]     deja completed selon checkpoint, skip
[20:24:09] 
*** [22/243] courte_astronaute_ocean_skateboard_monstre  (elapsed 0.0h)
[20:24:09]     deja completed selon checkpoint, skip
[20:24:09] 
*** [23/243] courte_astronaute_ocean_skateboard_robot  (elapsed 0.0h)
[20:24:09]     deja completed selon checkpoint, skip
[20:24:09] 
*** [24/243] courte_astronaute_ocean_skateboard_fantome  (elapsed 0.0h)
[20:24:09]     deja completed selon checkpoint, skip
[20:24:09] 
*** [25/243] courte_astronaute_ocean_guitare_monstre  (elapsed 0.0h)
[20:24:09]     deja completed selon checkpoint, skip
[20:24:09] 
*** [26/243] courte_astronaute_ocean_guitare_robot  (elapsed 0.0h)
[20:24:09]     deja completed selon checkpoint, skip
[20:24:09] 
*** [27/243] courte_astronaute_ocean_guitare_fantome  (elapsed 0.0h)
[20:24:09]     deja completed selon checkpoint, skip
[20:24:09] 
*** [28/243] courte_sorciere_planete_baguette_monstre  (elapsed 0.0h)
[20:24:09]     deja completed selon checkpoint, skip
[20:24:09] 
*** [29/243] courte_sorciere_planete_baguette_robot  (elapsed 0.0h)
[20:24:09]     deja completed selon checkpoint, skip
[20:24:09] 
*** [30/243] courte_sorciere_planete_baguette_fantome  (elapsed 0.0h)
[20:24:09]     deja completed selon checkpoint, skip
[20:24:09] 
*** [31/243] courte_sorciere_planete_skateboard_monstre  (elapsed 0.0h)
[20:24:09]     deja completed selon checkpoint, skip
[20:24:09] 
*** [32/243] courte_sorciere_planete_skateboard_robot  (elapsed 0.0h)
[20:24:09]     deja completed selon checkpoint, skip
[20:24:09] 
*** [33/243] courte_sorciere_planete_skateboard_fantome  (elapsed 0.0h)
[20:24:09]     deja completed selon checkpoint, skip
[20:24:09] 
*** [34/243] courte_sorciere_planete_guitare_monstre  (elapsed 0.0h)
[20:24:09]     deja completed selon checkpoint, skip
[20:24:09] 
*** [35/243] courte_sorciere_planete_guitare_robot  (elapsed 0.0h)
[20:24:09]     deja completed selon checkpoint, skip
[20:24:09] 
*** [36/243] courte_sorciere_planete_guitare_fantome  (elapsed 0.0h)
[20:24:09]     deja completed selon checkpoint, skip
[20:24:09] 
*** [37/243] courte_sorciere_chateau_baguette_monstre  (elapsed 0.0h)
[20:24:09]     deja completed selon checkpoint, skip
[20:24:09] 
*** [38/243] courte_sorciere_chateau_baguette_robot  (elapsed 0.0h)
[20:24:09]     deja completed selon checkpoint, skip
[20:24:09] 
*** [39/243] courte_sorciere_chateau_baguette_fantome  (elapsed 0.0h)
[20:24:09]     deja completed selon checkpoint, skip
[20:24:09] 
*** [40/243] courte_sorciere_chateau_skateboard_monstre  (elapsed 0.0h)
[20:24:09]     deja completed selon checkpoint, skip
[20:24:09] 
*** [41/243] courte_sorciere_chateau_skateboard_robot  (elapsed 0.0h)
[20:24:09]     deja completed selon checkpoint, skip
[20:24:09] 
*** [42/243] courte_sorciere_chateau_skateboard_fantome  (elapsed 0.0h)
[20:24:09]     deja completed selon checkpoint, skip
[20:24:09] 
*** [43/243] courte_sorciere_chateau_guitare_monstre  (elapsed 0.0h)
[20:24:09]     deja completed selon checkpoint, skip
[20:24:09] 
*** [44/243] courte_sorciere_chateau_guitare_robot  (elapsed 0.0h)
[20:24:09]     deja completed selon checkpoint, skip
[20:24:09] 
*** [45/243] courte_sorciere_chateau_guitare_fantome  (elapsed 0.0h)
[20:24:09]     deja completed selon checkpoint, skip
[20:24:09] 
*** [46/243] courte_sorciere_ocean_baguette_monstre  (elapsed 0.0h)
[20:24:09]     deja completed selon checkpoint, skip
[20:24:09] 
*** [47/243] courte_sorciere_ocean_baguette_robot  (elapsed 0.0h)
[20:24:09]     deja completed selon checkpoint, skip
[20:24:09] 
*** [48/243] courte_sorciere_ocean_baguette_fantome  (elapsed 0.0h)
[20:24:09]     deja completed selon checkpoint, skip
[20:24:09] 
*** [49/243] courte_sorciere_ocean_skateboard_monstre  (elapsed 0.0h)
[20:24:09]     deja completed selon checkpoint, skip
[20:24:09] 
*** [50/243] courte_sorciere_ocean_skateboard_robot  (elapsed 0.0h)
[20:24:09]     deja completed selon checkpoint, skip
[20:24:09] 
*** [51/243] courte_sorciere_ocean_skateboard_fantome  (elapsed 0.0h)
[20:24:09]     deja completed selon checkpoint, skip
[20:24:09] 
*** [52/243] courte_sorciere_ocean_guitare_monstre  (elapsed 0.0h)
[20:24:09]     deja completed selon checkpoint, skip
[20:24:09] 
*** [53/243] courte_sorciere_ocean_guitare_robot  (elapsed 0.0h)
[20:24:09]     deja completed selon checkpoint, skip
[20:24:09] 
*** [54/243] courte_sorciere_ocean_guitare_fantome  (elapsed 0.0h)
[20:24:09]     deja completed selon checkpoint, skip
[20:24:09] 
*** [55/243] courte_dragon_planete_baguette_monstre  (elapsed 0.0h)
[20:24:09]     deja completed selon checkpoint, skip
[20:24:09] 
*** [56/243] courte_dragon_planete_baguette_robot  (elapsed 0.0h)
[20:24:09]     deja completed selon checkpoint, skip
[20:24:09] 
*** [57/243] courte_dragon_planete_baguette_fantome  (elapsed 0.0h)
[20:24:09]     deja completed selon checkpoint, skip
[20:24:09] 
*** [58/243] courte_dragon_planete_skateboard_monstre  (elapsed 0.0h)
[20:24:09]     deja completed selon checkpoint, skip
[20:24:09] 
*** [59/243] courte_dragon_planete_skateboard_robot  (elapsed 0.0h)
[20:24:10]     deja completed selon checkpoint, skip
[20:24:10] 
*** [60/243] courte_dragon_planete_skateboard_fantome  (elapsed 0.0h)
[20:24:10]     deja completed selon checkpoint, skip
[20:24:10] 
*** [61/243] courte_dragon_planete_guitare_monstre  (elapsed 0.0h)
[20:24:10]     deja completed selon checkpoint, skip
[20:24:10] 
*** [62/243] courte_dragon_planete_guitare_robot  (elapsed 0.0h)
[20:24:10]     deja completed selon checkpoint, skip
[20:24:10] 
*** [63/243] courte_dragon_planete_guitare_fantome  (elapsed 0.0h)
[20:24:10]     deja completed selon checkpoint, skip
[20:24:10] 
*** [64/243] courte_dragon_chateau_baguette_monstre  (elapsed 0.0h)
[20:24:10]     deja completed selon checkpoint, skip
[20:24:10] 
*** [65/243] courte_dragon_chateau_baguette_robot  (elapsed 0.0h)
[20:24:10]     deja completed selon checkpoint, skip
[20:24:10] 
*** [66/243] courte_dragon_chateau_baguette_fantome  (elapsed 0.0h)
[20:24:10] 
======================================================================
>>> START : courte_dragon_chateau_baguette_fantome
======================================================================
[20:24:10]   voix pour ce niveau (courte) : fr-FR-Neural2-A
[20:24:10]   TEXTE : deja present (story.json)
[20:24:10]   IMAGES : 5 pages a generer/verifier
[20:28:33]   IMAGES bilan : 5 OK, 0 fail
[20:28:33]   AUDIO : 5 MP3s a generer/verifier
[20:28:53]     [1/5] audio OK (100%)
[20:29:10]     [2/5] audio OK (100%)
[20:29:34]     [3/5] audio OK (100%)
[20:29:47]     [4/5] audio OK (100%)
[20:30:22]     [5/5] audio OK (100%)
[20:30:24]   AUDIO bilan : 5 OK, 0 fail
[20:30:24] <<< END : courte_dragon_chateau_baguette_fantome -> {'key': 'courte_dragon_chateau_baguette_fantome', 'text': 'skipped', 'images': '5/5', 'audio': '5/5'}
[20:30:24] 
*** [67/243] courte_dragon_chateau_skateboard_monstre  (elapsed 0.1h)
[20:30:24] 
======================================================================
>>> START : courte_dragon_chateau_skateboard_monstre
======================================================================
[20:30:24]   voix pour ce niveau (courte) : fr-FR-Neural2-A
[20:30:24]   TEXTE : generation Gemini Pro...
[20:31:03]     OK : 'Brio et le monstre aux larmes d'étoiles' (5 pages)
[20:31:03]   IMAGES : 5 pages a generer/verifier
[20:34:50]   IMAGES bilan : 5 OK, 0 fail
[20:34:50]   AUDIO : 5 MP3s a generer/verifier
[20:35:10]     [1/5] audio KO (99%) wrong=['roulette'] missing=['roulettes']
[20:35:10]       retry audio 2/3
[20:35:27]     [1/5] audio KO (99%) wrong=['roulette'] missing=[]
[20:35:27]       retry audio 3/3
[20:35:49]     [1/5] audio KO (99%) wrong=['roulette'] missing=['roulettes']
[20:36:10]     [2/5] audio KO (97%) wrong=['Ma', "d'aventure", 'Mon'] missing=[]
[20:36:10]       retry audio 2/3
[20:36:34]     [2/5] audio KO (97%) wrong=['Ma', "d'aventure", 'Mon'] missing=['Le', "d'aventures", 'Le']
[20:36:34]       retry audio 3/3
[20:36:50]     [2/5] audio KO (97%) wrong=['Ma', "d'aventure", 'Mon'] missing=[]
[20:37:07]     [3/5] audio OK (100%)
[20:37:19]     [4/5] audio OK (100%)
[20:37:36]     [5/5] audio OK (100%)
[20:37:38]   AUDIO bilan : 3 OK, 2 fail
[20:37:38] <<< END : courte_dragon_chateau_skateboard_monstre -> {'key': 'courte_dragon_chateau_skateboard_monstre', 'text': 'OK', 'images': '5/5', 'audio': '3/5'}
[20:37:38] 
*** [68/243] courte_dragon_chateau_skateboard_robot  (elapsed 0.2h)
[20:37:38] 
======================================================================
>>> START : courte_dragon_chateau_skateboard_robot
======================================================================
[20:37:38]   voix pour ce niveau (courte) : fr-FR-Neural2-A
[20:37:38]   TEXTE : generation Gemini Pro...
[20:38:27]     OK : 'Brio et le visiteur de métal' (5 pages)
[20:38:27]   IMAGES : 5 pages a generer/verifier
[20:42:11]     [3/5] echec generation image
[20:42:16]       retry image 2/5
[20:45:20]   IMAGES bilan : 5 OK, 0 fail
[20:45:20]   AUDIO : 5 MP3s a generer/verifier
[20:45:42]     [1/5] audio KO (99%) wrong=['pétillant'] missing=[]
[20:45:42]       retry audio 2/3
[20:46:00]     [1/5] audio KO (99%) wrong=['pétillant'] missing=[]
[20:46:00]       retry audio 3/3
[20:46:18]     [1/5] audio KO (99%) wrong=['pétillant'] missing=[]
[20:46:53]     [2/5] audio KO (98%) wrong=["n'a", 'feutré', 'roulette'] missing=['à']
[20:46:53]       retry audio 2/3
[20:47:31]     [2/5] audio KO (98%) wrong=["n'a", 'feutré', 'œil'] missing=['à', 'feutrés', 'œil-écran']
[20:47:31]       retry audio 3/3
[20:48:04]     [2/5] audio KO (98%) wrong=["n'a", 'feutré'] missing=[]
[20:48:26]     [3/5] audio KO (99%) wrong=['pop'] missing=['«', '»', 'POP']
[20:48:26]       retry audio 2/3
[20:48:46]     [3/5] audio OK (100%)
[20:49:11]     [4/5] audio KO (98%) wrong=['Bipbou', 'Ma'] missing=[]
[20:49:11]       retry audio 2/3
[20:49:32]     [4/5] audio KO (98%) wrong=['Bipbou', 'Ma'] missing=['Bipboup', 'Le']
[20:49:32]       retry audio 3/3
[20:49:52]     [4/5] audio KO (98%) wrong=['Bipbou', 'Ma'] missing=['Bipboup', 'Le']
[20:50:20]     [5/5] audio KO (99%) wrong=['B', 'Z', 'Z'] missing=['Bzzzzt']
[20:50:20]       retry audio 2/3
[20:50:42]     [5/5] audio OK (100%)
[20:50:44]   AUDIO bilan : 2 OK, 3 fail
[20:50:44] <<< END : courte_dragon_chateau_skateboard_robot -> {'key': 'courte_dragon_chateau_skateboard_robot', 'text': 'OK', 'images': '5/5', 'audio': '2/5'}
[20:50:44] 
*** [69/243] courte_dragon_chateau_skateboard_fantome  (elapsed 0.4h)
[20:50:44] 
======================================================================
>>> START : courte_dragon_chateau_skateboard_fantome
======================================================================
[20:50:44]   voix pour ce niveau (courte) : fr-FR-Neural2-A
[20:50:44]   TEXTE : generation Gemini Pro...
[20:51:26]     OK : 'Brio et le Secret de la Tour Oubliée' (5 pages)
[20:51:26]   IMAGES : 5 pages a generer/verifier
[20:56:24]   IMAGES bilan : 5 OK, 0 fail
[20:56:24]   AUDIO : 5 MP3s a generer/verifier
[20:56:48]     [1/5] audio OK (100%)
[20:57:17]     [2/5] audio OK (100%)
[20:57:32]     [3/5] audio OK (100%)
[20:58:01]     [4/5] audio OK (100%)
[20:58:38]     [5/5] audio KO (97%) wrong=['astérisque', 'astérisque', 'Ma'] missing=['Le']
[20:58:38]       retry audio 2/3
[20:59:04]     [5/5] audio KO (99%) wrong=['Ma', 'astérisque', 'astérisque'] missing=['Le']
[20:59:04]       retry audio 3/3
[20:59:32]     [5/5] audio KO (99%) wrong=['astérisque', 'clic', 'astérisque'] missing=['*clic*', 'Le']
[20:59:34]   AUDIO bilan : 4 OK, 1 fail
[20:59:34] <<< END : courte_dragon_chateau_skateboard_fantome -> {'key': 'courte_dragon_chateau_skateboard_fantome', 'text': 'OK', 'images': '5/5', 'audio': '4/5'}
[20:59:34] 
*** [70/243] courte_dragon_chateau_guitare_monstre  (elapsed 0.6h)
[20:59:34] 
======================================================================
>>> START : courte_dragon_chateau_guitare_monstre
======================================================================
[20:59:34]   voix pour ce niveau (courte) : fr-FR-Neural2-A
[20:59:34]   TEXTE : generation Gemini Pro...
[21:00:14]     OK : 'Brio et la Guitare des Sept Silences' (5 pages)
[21:00:14]   IMAGES : 5 pages a generer/verifier
[21:04:15]   IMAGES bilan : 5 OK, 0 fail
[21:04:15]   AUDIO : 5 MP3s a generer/verifier
[21:04:37]     [1/5] audio KO (98%) wrong=['au', 'toit'] missing=['aux', 'toits']
[21:04:37]       retry audio 2/3
[21:04:49]     [1/5] audio OK (100%)
[21:05:04]     [2/5] audio OK (100%)
[21:05:18]     [3/5] audio OK (100%)
[21:05:38]     [4/5] audio OK (100%)
[21:05:52]     [5/5] audio OK (100%)
[21:05:54]   AUDIO bilan : 5 OK, 0 fail
[21:05:54] <<< END : courte_dragon_chateau_guitare_monstre -> {'key': 'courte_dragon_chateau_guitare_monstre', 'text': 'OK', 'images': '5/5', 'audio': '5/5'}
[21:05:54] 
*** [71/243] courte_dragon_chateau_guitare_robot  (elapsed 0.7h)
[21:05:54] 
======================================================================
>>> START : courte_dragon_chateau_guitare_robot
======================================================================
[21:05:54]   voix pour ce niveau (courte) : fr-FR-Neural2-A
[21:05:54]   TEXTE : generation Gemini Pro...
[21:06:32]     OK : 'Brio et la Mélodie Retrouvée' (5 pages)
[21:06:32]   IMAGES : 5 pages a generer/verifier
[21:10:12]   IMAGES bilan : 5 OK, 0 fail
[21:10:12]   AUDIO : 5 MP3s a generer/verifier
[21:10:24]     [1/5] audio OK (100%)
[21:10:42]     [2/5] audio OK (100%)
[21:11:16]     [3/5] audio KO (97%) wrong=['clic', 'guitare', 'Ma'] missing=['CLIC', 'Guitare', 'Le']
[21:11:16]       retry audio 2/3
[21:11:49]     [3/5] audio KO (99%) wrong=['Ma'] missing=[]
[21:11:49]       retry audio 3/3
[21:12:06]     [3/5] audio KO (98%) wrong=['Ma'] missing=['Le']
[21:12:36]     [4/5] audio OK (100%)
[21:12:52]     [5/5] audio OK (100%)
[21:12:54]   AUDIO bilan : 4 OK, 1 fail
[21:12:54] <<< END : courte_dragon_chateau_guitare_robot -> {'key': 'courte_dragon_chateau_guitare_robot', 'text': 'OK', 'images': '5/5', 'audio': '4/5'}
[21:12:54] 
*** [72/243] courte_dragon_chateau_guitare_fantome  (elapsed 0.8h)
[21:12:54] 
======================================================================
>>> START : courte_dragon_chateau_guitare_fantome
======================================================================
[21:12:54]   voix pour ce niveau (courte) : fr-FR-Neural2-A
[21:12:54]   TEXTE : generation Gemini Pro...
[21:13:37]     OK : 'Brio et la Guitare des Sept Silences' (5 pages)
[21:13:37]   IMAGES : 5 pages a generer/verifier
[21:17:24]   IMAGES bilan : 5 OK, 0 fail
[21:17:24]   AUDIO : 5 MP3s a generer/verifier
[21:17:40]     [1/5] audio KO (99%) wrong=['toit'] missing=[]
[21:17:40]       retry audio 2/3
[21:17:50]     [1/5] audio OK (100%)
[21:18:08]     [2/5] audio OK (100%)
[21:18:30]     [3/5] audio KO (98%) wrong=['plein', 'La'] missing=[]
[21:18:30]       retry audio 2/3
[21:18:48]     [3/5] audio KO (99%) wrong=['La'] missing=['Le']
[21:18:48]       retry audio 3/3
[21:19:08]     [3/5] audio KO (98%) wrong=['plein', 'La'] missing=[]
[21:20:56]     [4/5] audio KO (97%) wrong=['Maître Otho', 'Le vieil artisan', 'La Guitare des Sept Silences'] missing=[]
[21:20:56]       retry audio 2/3
[21:21:09]     [4/5] audio OK (100%)
[21:21:30]     [5/5] audio OK (100%)
[21:21:32]   AUDIO bilan : 4 OK, 1 fail
[21:21:32] <<< END : courte_dragon_chateau_guitare_fantome -> {'key': 'courte_dragon_chateau_guitare_fantome', 'text': 'OK', 'images': '5/5', 'audio': '4/5'}
[21:21:32] 
*** [73/243] courte_dragon_ocean_baguette_monstre  (elapsed 1.0h)
[21:21:32] 
======================================================================
>>> START : courte_dragon_ocean_baguette_monstre
======================================================================
[21:21:32]   voix pour ce niveau (courte) : fr-FR-Neural2-A
[21:21:32]   TEXTE : generation Gemini Pro...
[21:22:09]     OK : 'Brio et l'Étoile Égarée' (5 pages)
[21:22:09]   IMAGES : 5 pages a generer/verifier
[21:25:57]   IMAGES bilan : 5 OK, 0 fail
[21:25:57]   AUDIO : 5 MP3s a generer/verifier
[21:26:18]     [1/5] audio OK (100%)
[21:26:38]     [2/5] audio OK (100%)
[21:27:08]     [3/5] audio KO (95%) wrong=["L'encouragement", 'elle', "s'éteignait"] missing=['Le', 'courage', 'elles']
[21:27:08]       retry audio 2/3
[21:27:31]     [3/5] audio KO (95%) wrong=["L'encouragement", 'elle', "s'éteignait"] missing=['Le', 'courage', 'elles']
[21:27:31]       retry audio 3/3
[21:27:55]     [3/5] audio KO (95%) wrong=["L'encouragement", 'elle', "s'éteignait"] missing=['Le', 'courage', 'elles']
[21:28:15]     [4/5] audio KO (99%) wrong=['Ma'] missing=['Le']
[21:28:15]       retry audio 2/3
[21:28:30]     [4/5] audio KO (99%) wrong=['Ma'] missing=['Le']
[21:28:30]       retry audio 3/3
[21:29:03]     [4/5] audio KO (99%) wrong=['Ma'] missing=['Le']
[21:29:23]     [5/5] audio OK (100%)
[21:29:25]   AUDIO bilan : 3 OK, 2 fail
[21:29:25] <<< END : courte_dragon_ocean_baguette_monstre -> {'key': 'courte_dragon_ocean_baguette_monstre', 'text': 'OK', 'images': '5/5', 'audio': '3/5'}
[21:29:25] 
*** [74/243] courte_dragon_ocean_baguette_robot  (elapsed 1.1h)
[21:29:26] 
======================================================================
>>> START : courte_dragon_ocean_baguette_robot
======================================================================
[21:29:26]   voix pour ce niveau (courte) : fr-FR-Neural2-A
[21:29:26]   TEXTE : generation Gemini Pro...
[21:30:08]     OK : 'Brio et l'étoile perdue' (5 pages)
[21:30:08]   IMAGES : 5 pages a generer/verifier
[21:33:53]   IMAGES bilan : 5 OK, 0 fail
[21:33:53]   AUDIO : 5 MP3s a generer/verifier
[21:34:08]     [1/5] audio OK (100%)
[21:34:29]     [2/5] audio OK (100%)
[21:34:50]     [3/5] audio KO (99%) wrong=['La'] missing=[]
[21:34:50]       retry audio 2/3
[21:35:10]     [3/5] audio KO (99%) wrong=['La'] missing=['Le']
[21:35:10]       retry audio 3/3
[21:35:25]     [3/5] audio KO (99%) wrong=['La'] missing=[]
[21:35:55]     [4/5] audio KO (96%) wrong=['Bipbou', 'Bipbou', 'Ma'] missing=['Bipboup', 'Bipboup', 'Le']
[21:35:55]       retry audio 2/3
[21:36:20]     [4/5] audio KO (96%) wrong=['Bipbou', 'Bipbou', 'Ma'] missing=[]
[21:36:20]       retry audio 3/3
[21:36:40]     [4/5] audio KO (97%) wrong=['Bipboup', 'Bipboup', 'Le'] missing=[]
[21:37:01]     [5/5] audio OK (100%)
[21:37:03]   AUDIO bilan : 3 OK, 2 fail
[21:37:03] <<< END : courte_dragon_ocean_baguette_robot -> {'key': 'courte_dragon_ocean_baguette_robot', 'text': 'OK', 'images': '5/5', 'audio': '3/5'}
[21:37:03] 
*** [75/243] courte_dragon_ocean_baguette_fantome  (elapsed 1.2h)
[21:37:03] 
======================================================================
>>> START : courte_dragon_ocean_baguette_fantome
======================================================================
[21:37:03]   voix pour ce niveau (courte) : fr-FR-Neural2-A
[21:37:03]   TEXTE : generation Gemini Pro...
[21:37:47]     OK : 'Brio et l'Artisan des Étoiles' (5 pages)
[21:37:47]   IMAGES : 5 pages a generer/verifier
[21:41:33]   IMAGES bilan : 5 OK, 0 fail
[21:41:33]   AUDIO : 5 MP3s a generer/verifier
[21:42:08]     [1/5] audio KO (95%) wrong=["qu'un", "d'un", 'mer'] missing=[]
[21:42:08]       retry audio 2/3
[21:42:20]     [1/5] audio OK (100%)
[21:42:36]     [2/5] audio OK (100%)
[21:43:00]     [3/5] audio KO (98%) wrong=['Ma', 'Ma'] missing=[]
[21:43:00]       retry audio 2/3
[21:43:18]     [3/5] audio KO (98%) wrong=['Ma', 'Ma'] missing=[]
[21:43:18]       retry audio 3/3
[21:43:36]     [3/5] audio KO (98%) wrong=['Ma', 'Ma'] missing=[]
[21:43:51]     [4/5] audio OK (100%)
[21:44:16]     [5/5] audio KO (99%) wrong=['mer'] missing=[]
[21:44:16]       retry audio 2/3
[21:44:47]     [5/5] audio OK (100%)
[21:44:49]   AUDIO bilan : 4 OK, 1 fail
[21:44:49] <<< END : courte_dragon_ocean_baguette_fantome -> {'key': 'courte_dragon_ocean_baguette_fantome', 'text': 'OK', 'images': '5/5', 'audio': '4/5'}
[21:44:49] 
*** [76/243] courte_dragon_ocean_skateboard_monstre  (elapsed 1.3h)
[21:44:49] 
======================================================================
>>> START : courte_dragon_ocean_skateboard_monstre
======================================================================
[21:44:49]   voix pour ce niveau (courte) : fr-FR-Neural2-A
[21:44:49]   TEXTE : generation Gemini Pro...
[21:45:20]     OK : 'Brio et le Gardien des Lumières' (5 pages)
[21:45:20]   IMAGES : 5 pages a generer/verifier
[21:49:03]   IMAGES bilan : 5 OK, 0 fail
[21:49:03]   AUDIO : 5 MP3s a generer/verifier
[21:49:26]     [1/5] audio KO (99%) wrong=['mer'] missing=['Mer']
[21:49:26]       retry audio 2/3
[21:49:37]     [1/5] audio OK (100%)
[21:49:53]     [2/5] audio OK (100%)
[21:50:13]     [3/5] audio OK (100%)
[21:50:32]     [4/5] audio KO (99%) wrong=['Ma'] missing=['Le']
[21:50:32]       retry audio 2/3
[21:50:44]     [4/5] audio KO (99%) wrong=['Ma'] missing=[]
[21:50:44]       retry audio 3/3
[21:51:02]     [4/5] audio KO (98%) wrong=['Ma', 'un'] missing=['Le', 'Un']
[21:52:42]     [5/5] audio OK (100%)
[21:52:44]   AUDIO bilan : 4 OK, 1 fail
[21:52:44] <<< END : courte_dragon_ocean_skateboard_monstre -> {'key': 'courte_dragon_ocean_skateboard_monstre', 'text': 'OK', 'images': '5/5', 'audio': '4/5'}
[21:52:44] 
*** [77/243] courte_dragon_ocean_skateboard_robot  (elapsed 1.5h)
[21:52:44] 
======================================================================
>>> START : courte_dragon_ocean_skateboard_robot
======================================================================
[21:52:44]   voix pour ce niveau (courte) : fr-FR-Neural2-A
[21:52:44]   TEXTE : generation Gemini Pro...
[21:53:13]     OK : 'Brio et le Voleur de Lumière' (5 pages)
[21:53:13]   IMAGES : 5 pages a generer/verifier
[21:57:00]   IMAGES bilan : 5 OK, 0 fail
[21:57:00]   AUDIO : 5 MP3s a generer/verifier
[21:57:20]     [1/5] audio KO (98%) wrong=['Mer', 'd’Aural'] missing=[]
[21:57:20]       retry audio 2/3
[21:57:39]     [1/5] audio KO (99%) wrong=['d’Aural'] missing=[]
[21:57:39]       retry audio 3/3
[21:57:59]     [1/5] audio KO (98%) wrong=['mer', "d'oral"] missing=[]
[21:58:13]     [2/5] audio OK (100%)
[21:58:46]     [3/5] audio KO (99%) wrong=['Mon'] missing=['Le']
[21:58:46]       retry audio 2/3
[21:59:05]     [3/5] audio KO (98%) wrong=['Mon', 'oral'] missing=['Le', 'Aural']
[21:59:05]       retry audio 3/3
[21:59:32]     [3/5] audio KO (99%) wrong=['Mon'] missing=['Le']
[22:00:02]     [4/5] audio KO (97%) wrong=['fusée', 'Bip...', 'Boup...'] missing=[]
[22:00:02]       retry audio 2/3
[22:01:10]     [4/5] audio KO (96%) wrong=['Fusée', 'Bipboup', 'Bipboup'] missing=['œil-écran']
[22:01:10]       retry audio 3/3
[22:01:44]     [4/5] audio KO (96%) wrong=['Me', 'Bipbou', 'boup'] missing=['Le', 'Bipboup', 'Boup']
[22:02:08]     [5/5] audio OK (100%)
[22:02:10]   AUDIO bilan : 2 OK, 3 fail
[22:02:10] <<< END : courte_dragon_ocean_skateboard_robot -> {'key': 'courte_dragon_ocean_skateboard_robot', 'text': 'OK', 'images': '5/5', 'audio': '2/5'}
[22:02:10] 
*** [78/243] courte_dragon_ocean_skateboard_fantome  (elapsed 1.6h)
[22:02:10] 
======================================================================
>>> START : courte_dragon_ocean_skateboard_fantome
======================================================================
[22:02:10]   voix pour ce niveau (courte) : fr-FR-Neural2-A
[22:02:10]   TEXTE : generation Gemini Pro...
[22:02:52]     OK : 'Brio et l'Artisan des Étoiles' (5 pages)
[22:02:52]   IMAGES : 5 pages a generer/verifier
[22:06:36]   IMAGES bilan : 5 OK, 0 fail
[22:06:36]   AUDIO : 5 MP3s a generer/verifier
[22:06:55]     [1/5] audio OK (100%)
[22:07:10]     [2/5] audio OK (100%)
[22:07:33]     [3/5] audio KO (99%) wrong=['Mon'] missing=['Le']
[22:07:33]       retry audio 2/3
[22:07:55]     [3/5] audio KO (99%) wrong=['Mon'] missing=['Le']
[22:07:55]       retry audio 3/3
[22:08:13]     [3/5] audio KO (99%) wrong=['Mon'] missing=['Le']
[22:08:46]     [4/5] audio KO (98%) wrong=['Ma', "s'aluma"] missing=['Le', "s'alluma"]
[22:08:46]       retry audio 2/3
[22:09:13]     [4/5] audio KO (99%) wrong=['Ma'] missing=[]
[22:09:13]       retry audio 3/3
[22:09:29]     [4/5] audio OK (100%)
[22:09:46]     [5/5] audio OK (100%)
[22:09:48]   AUDIO bilan : 4 OK, 1 fail
[22:09:48] <<< END : courte_dragon_ocean_skateboard_fantome -> {'key': 'courte_dragon_ocean_skateboard_fantome', 'text': 'OK', 'images': '5/5', 'audio': '4/5'}
[22:09:48] 
*** [79/243] courte_dragon_ocean_guitare_monstre  (elapsed 1.8h)
[22:09:48] 
======================================================================
>>> START : courte_dragon_ocean_guitare_monstre
======================================================================
[22:09:48]   voix pour ce niveau (courte) : fr-FR-Neural2-A
[22:09:48]   TEXTE : generation Gemini Pro...
[22:10:26]     OK : 'Brio et la Chanson Perdue' (5 pages)
[22:10:26]   IMAGES : 5 pages a generer/verifier
[22:14:11]   IMAGES bilan : 5 OK, 0 fail
[22:14:11]   AUDIO : 5 MP3s a generer/verifier
[22:14:33]     [1/5] audio OK (100%)
[22:14:51]     [2/5] audio OK (100%)
[22:15:08]     [3/5] audio KO (99%) wrong=['Ma'] missing=['Le']
[22:15:08]       retry audio 2/3
[22:15:31]     [3/5] audio KO (98%) wrong=["d'oral", 'Ma'] missing=["d'Aural", 'Le']
[22:15:31]       retry audio 3/3
[22:15:50]     [3/5] audio KO (98%) wrong=['Mer', "d'Aural"] missing=[]
[22:16:05]     [4/5] audio OK (100%)
[22:16:33]     [5/5] audio OK (100%)
[22:16:35]   AUDIO bilan : 4 OK, 1 fail
[22:16:36] <<< END : courte_dragon_ocean_guitare_monstre -> {'key': 'courte_dragon_ocean_guitare_monstre', 'text': 'OK', 'images': '5/5', 'audio': '4/5'}
[22:16:36] 
*** [80/243] courte_dragon_ocean_guitare_robot  (elapsed 1.9h)
[22:16:36] 
======================================================================
>>> START : courte_dragon_ocean_guitare_robot
======================================================================
[22:16:36]   voix pour ce niveau (courte) : fr-FR-Neural2-A
[22:16:36]   TEXTE : generation Gemini Pro...
[22:17:11]     OK : 'Brio et la Mélodie du Silence' (5 pages)
[22:17:11]   IMAGES : 5 pages a generer/verifier
[22:21:00] !!! EXCEPTION : ('Connection aborted.', ConnectionResetError(10054, 'Une connexion existante a dû être fermée par l’hôte distant', None, 10054, None))
[22:21:02] Traceback (most recent call last):
  File "C:\Users\Dell\AppData\Local\Programs\Python\Python314\Lib\site-packages\urllib3\connectionpool.py", line 787, in urlopen
    response = self._make_request(
        conn,
    ...<10 lines>...
        **response_kw,
    )
  File "C:\Users\Dell\AppData\Local\Programs\Python\Python314\Lib\site-packages\urllib3\connectionpool.py", line 534, in _make_request
    response = conn.getresponse()
  File "C:\Users\Dell\AppData\Local\Programs\Python\Python314\Lib\site-packages\urllib3\connection.py", line 571, in getresponse
    httplib_response = super().getresponse()
  File "C:\Users\Dell\AppData\Local\Programs\Python\Python314\Lib\http\client.py", line 1450, in getresponse
    response.begin()
    ~~~~~~~~~~~~~~^^
  File "C:\Users\Dell\AppData\Local\Programs\Python\Python314\Lib\http\client.py", line 336, in begin
    version, status, reason = self._read_status()
                              ~~~~~~~~~~~~~~~~~^^
  File "C:\Users\Dell\AppData\Local\Programs\Python\Python314\Lib\http\client.py", line 297, in _read_status
    line = str(self.fp.readline(_MAXLINE + 1), "iso-8859-1")
               ~~~~~~~~~~~~~~~~^^^^^^^^^^^^^^
  File "C:\Users\Dell\AppData\Local\Programs\Python\Python314\Lib\socket.py", line 725, in readinto
    return self._sock.recv_into(b)
           ~~~~~~~~~~~~~~~~~~~~^^^
  File "C:\Users\Dell\AppData\Local\Programs\Python\Python314\Lib\ssl.py", line 1304, in recv_into
    return self.read(nbytes, buffer)
           ~~~~~~~~~^^^^^^^^^^^^^^^^
  File "C:\Users\Dell\AppData\Local\Programs\Python\Python314\Lib\ssl.py", line 1138, in read
    return self._sslobj.read(len, buffer)
           ~~~~~~~~~~~~~~~~~^^^^^^^^^^^^^
ConnectionResetError: [WinError 10054] Une connexion existante a dû être fermée par l’hôte distant

During handling of the above exception, another exception occurred:

Traceback (most recent call last):
  File "C:\Users\Dell\AppData\Local\Programs\Python\Python314\Lib\site-packages\requests\adapters.py", line 645, in send
    resp = conn.urlopen(
        method=request.method,
    ...<9 lines>...
        chunked=chunked,
    )
  File "C:\Users\Dell\AppData\Local\Programs\Python\Python314\Lib\site-packages\urllib3\connectionpool.py", line 841, in urlopen
    retries = retries.increment(
        method, url, error=new_e, _pool=self, _stacktrace=sys.exc_info()[2]
    )
  File "C:\Users\Dell\AppData\Local\Programs\Python\Python314\Lib\site-packages\urllib3\util\retry.py", line 490, in increment
    raise reraise(type(error), error, _stacktrace)
          ~~~~~~~^^^^^^^^^^^^^^^^^^^^^^^^^^^^^^^^^
  File "C:\Users\Dell\AppData\Local\Programs\Python\Python314\Lib\site-packages\urllib3\util\util.py", line 38, in reraise
    raise value.with_traceback(tb)
  File "C:\Users\Dell\AppData\Local\Programs\Python\Python314\Lib\site-packages\urllib3\connectionpool.py", line 787, in urlopen
    response = self._make_request(
        conn,
    ...<10 lines>...
        **response_kw,
    )
  File "C:\Users\Dell\AppData\Local\Programs\Python\Python314\Lib\site-packages\urllib3\connectionpool.py", line 534, in _make_request
    response = conn.getresponse()
  File "C:\Users\Dell\AppData\Local\Programs\Python\Python314\Lib\site-packages\urllib3\connection.py", line 571, in getresponse
    httplib_response = super().getresponse()
  File "C:\Users\Dell\AppData\Local\Programs\Python\Python314\Lib\http\client.py", line 1450, in getresponse
    response.begin()
    ~~~~~~~~~~~~~~^^
  File "C:\Users\Dell\AppData\Local\Programs\Python\Python314\Lib\http\client.py", line 336, in begin
    version, status, reason = self._read_status()
                              ~~~~~~~~~~~~~~~~~^^
  File "C:\Users\Dell\AppData\Local\Programs\Python\Python314\Lib\http\client.py", line 297, in _read_status
    line = str(self.fp.readline(_MAXLINE + 1), "iso-8859-1")
               ~~~~~~~~~~~~~~~~^^^^^^^^^^^^^^
  File "C:\Users\Dell\AppData\Local\Programs\Python\Python314\Lib\socket.py", line 725, in readinto
    return self._sock.recv_into(b)
           ~~~~~~~~~~~~~~~~~~~~^^^
  File "C:\Users\Dell\AppData\Local\Programs\Python\Python314\Lib\ssl.py", line 1304, in recv_into
    return self.read(nbytes, buffer)
           ~~~~~~~~~^^^^^^^^^^^^^^^^
  File "C:\Users\Dell\AppData\Local\Programs\Python\Python314\Lib\ssl.py", line 1138, in read
    return self._sslobj.read(len, buffer)
           ~~~~~~~~~~~~~~~~~^^^^^^^^^^^^^
urllib3.exceptions.ProtocolError: ('Connection aborted.', ConnectionResetError(10054, 'Une connexion existante a dû être fermée par l’hôte distant', None, 10054, None))

During handling of the above exception, another exception occurred:

Traceback (most recent call last):
  File "C:\Users\Dell\Downloads\projetappIA\generate_all_stories.py", line 391, in main
    stats = process_one_story(key, args, ckpt)
  File "C:\Users\Dell\Downloads\projetappIA\generate_all_stories.py", line 198, in process_one_story
    ok = gen_image_gemini(full_prompt, dest, ref_images=ref_images,
                          extra_instruction=extra_instruction)
  File "C:\Users\Dell\Downloads\projetappIA\generate_story_gemini.py", line 270, in gen_image_gemini
    r = _api_call(API_URL_TPL, mdl, payload, timeout=180)
  File "C:\Users\Dell\Downloads\projetappIA\generate_story_gemini.py", line 96, in _api_call
    return requests.post(url, json=payload, headers=headers, timeout=timeout)
           ~~~~~~~~~~~~~^^^^^^^^^^^^^^^^^^^^^^^^^^^^^^^^^^^^^^^^^^^^^^^^^^^^^
  File "C:\Users\Dell\AppData\Local\Programs\Python\Python314\Lib\site-packages\requests\api.py", line 115, in post
    return request("post", url, data=data, json=json, **kwargs)
  File "C:\Users\Dell\AppData\Local\Programs\Python\Python314\Lib\site-packages\requests\api.py", line 59, in request
    return session.request(method=method, url=url, **kwargs)
           ~~~~~~~~~~~~~~~^^^^^^^^^^^^^^^^^^^^^^^^^^^^^^^^^^
  File "C:\Users\Dell\AppData\Local\Programs\Python\Python314\Lib\site-packages\requests\sessions.py", line 592, in request
    resp = self.send(prep, **send_kwargs)
  File "C:\Users\Dell\AppData\Local\Programs\Python\Python314\Lib\site-packages\requests\sessions.py", line 706, in send
    r = adapter.send(request, **kwargs)
  File "C:\Users\Dell\AppData\Local\Programs\Python\Python314\Lib\site-packages\requests\adapters.py", line 660, in send
    raise ConnectionError(err, request=request)
requests.exceptions.ConnectionError: ('Connection aborted.', ConnectionResetError(10054, 'Une connexion existante a dû être fermée par l’hôte distant', None, 10054, None))

[22:21:02] 
*** [81/243] courte_dragon_ocean_guitare_fantome  (elapsed 1.9h)
[22:21:02] 
======================================================================
>>> START : courte_dragon_ocean_guitare_fantome
======================================================================
[22:21:02]   voix pour ce niveau (courte) : fr-FR-Neural2-A
[22:21:02]   TEXTE : generation Gemini Pro...
[22:21:32]     OK : 'Brio et la Guitare des Sept Silences' (5 pages)
[22:21:32]   IMAGES : 5 pages a generer/verifier
[22:25:17]   IMAGES bilan : 5 OK, 0 fail
[22:25:17]   AUDIO : 5 MP3s a generer/verifier
[22:25:39]     [1/5] audio OK (100%)
[22:25:53]     [2/5] audio OK (100%)
[22:26:18]     [3/5] audio KO (98%) wrong=['maître', 'Ma'] missing=[]
[22:26:18]       retry audio 2/3
[22:26:34]     [3/5] audio KO (99%) wrong=['Ma'] missing=[]
[22:26:34]       retry audio 3/3
[22:26:54]     [3/5] audio KO (99%) wrong=['La'] missing=[]
[22:27:20]     [4/5] audio OK (100%)
[22:27:35]     [5/5] audio OK (100%)
[22:27:37]   AUDIO bilan : 4 OK, 1 fail
[22:27:37] <<< END : courte_dragon_ocean_guitare_fantome -> {'key': 'courte_dragon_ocean_guitare_fantome', 'text': 'OK', 'images': '5/5', 'audio': '4/5'}
[22:27:37] 
*** [82/243] soir_astronaute_planete_baguette_monstre  (elapsed 2.1h)
[22:27:37] 
======================================================================
>>> START : soir_astronaute_planete_baguette_monstre
======================================================================
[22:27:37]   voix pour ce niveau (soir) : fr-FR-Studio-A
[22:27:37]   TEXTE : generation Gemini Pro...
[22:28:16]     OK : 'Léa et le Gardien des Poussières d'Étoiles' (7 pages)
[22:28:16]   IMAGES : 7 pages a generer/verifier
[22:34:12]   IMAGES bilan : 7 OK, 0 fail
[22:34:12]   AUDIO : 7 MP3s a generer/verifier
[22:34:27]     [1/7] audio OK (100%)
[22:34:47]     [2/7] audio OK (100%)
[22:35:02]     [3/7] audio OK (100%)
[22:35:22]     [4/7] audio OK (100%)
[22:35:48]     [5/7] audio KO (100%) wrong=['ça'] missing=[]
[22:35:48]       retry audio 2/3
[22:36:20]     [5/7] audio KO (100%) wrong=['ça'] missing=[]
[22:36:20]       retry audio 3/3
[22:36:42]     [5/7] audio KO (99%) wrong=['ça'] missing=[]
[22:36:56]     [6/7] audio OK (100%)
[22:37:13]     [7/7] audio OK (100%)
[22:37:15]   AUDIO bilan : 6 OK, 1 fail
[22:37:15] <<< END : soir_astronaute_planete_baguette_monstre -> {'key': 'soir_astronaute_planete_baguette_monstre', 'text': 'OK', 'images': '7/7', 'audio': '6/7'}
[22:37:15] 
*** [83/243] soir_astronaute_planete_baguette_robot  (elapsed 2.2h)
[22:37:15] 
======================================================================
>>> START : soir_astronaute_planete_baguette_robot
======================================================================
[22:37:15]   voix pour ce niveau (soir) : fr-FR-Studio-A
[22:37:15]   TEXTE : generation Gemini Pro...
[22:38:02]     OK : 'Léa et le Gardien des Étoiles Perdues' (7 pages)
[22:38:02]   IMAGES : 7 pages a generer/verifier
[22:43:53]   IMAGES bilan : 7 OK, 0 fail
[22:43:53]   AUDIO : 7 MP3s a generer/verifier
[22:44:10]     [1/7] audio OK (100%)
[22:44:28]     [2/7] audio OK (100%)
[22:44:51]     [3/7] audio OK (100%)
[22:45:17]     [4/7] audio OK (100%)
[22:56:59]     [5/7] audio OK (100%)
[22:57:24]     [6/7] audio OK (100%)
[22:57:39]     [7/7] audio OK (100%)
[22:57:41]   AUDIO bilan : 7 OK, 0 fail
[22:57:41] <<< END : soir_astronaute_planete_baguette_robot -> {'key': 'soir_astronaute_planete_baguette_robot', 'text': 'OK', 'images': '7/7', 'audio': '7/7'}
[22:57:41] 
*** [84/243] soir_astronaute_planete_baguette_fantome  (elapsed 2.6h)
[22:57:41] 
======================================================================
>>> START : soir_astronaute_planete_baguette_fantome
======================================================================
[22:57:42]   voix pour ce niveau (soir) : fr-FR-Studio-A
[22:57:42]   TEXTE : generation Gemini Pro...
[22:58:33]     OK : 'Léa et l'Artisan des Étoiles' (7 pages)
[22:58:33]   IMAGES : 7 pages a generer/verifier
[23:04:29]   IMAGES bilan : 7 OK, 0 fail
[23:04:29]   AUDIO : 7 MP3s a generer/verifier
[23:04:41]     [1/7] audio OK (100%)
[23:04:57]     [2/7] audio OK (100%)
[23:05:12]     [3/7] audio OK (100%)
[23:05:47]     [4/7] audio KO (96%) wrong=[] missing=['«', '»', '«']
[23:05:47]       retry audio 2/3
[23:06:01]     [4/7] audio OK (100%)
[23:06:22]     [5/7] audio OK (100%)
[23:06:41]     [6/7] audio OK (100%)
[23:06:57]     [7/7] audio OK (100%)
[23:06:59]   AUDIO bilan : 7 OK, 0 fail
[23:06:59] <<< END : soir_astronaute_planete_baguette_fantome -> {'key': 'soir_astronaute_planete_baguette_fantome', 'text': 'OK', 'images': '7/7', 'audio': '7/7'}
[23:06:59] 
*** [85/243] soir_astronaute_planete_skateboard_monstre  (elapsed 2.7h)
[23:06:59] 
======================================================================
>>> START : soir_astronaute_planete_skateboard_monstre
======================================================================
[23:06:59]   voix pour ce niveau (soir) : fr-FR-Studio-A
[23:06:59]   TEXTE : generation Gemini Pro...
[23:07:38]     OK : 'Léa et le Gardien des Lumières' (7 pages)
[23:07:38]   IMAGES : 7 pages a generer/verifier
[23:12:44]   IMAGES bilan : 7 OK, 0 fail
[23:12:45]   AUDIO : 7 MP3s a generer/verifier
[23:12:58]     [1/7] audio OK (100%)
[23:13:17]     [2/7] audio OK (100%)
[23:13:48]     [3/7] audio KO (99%) wrong=['Véga-7'] missing=[]
[23:13:48]       retry audio 2/3
[23:14:02]     [3/7] audio OK (100%)
[23:14:16]     [4/7] audio OK (100%)
[23:14:35]     [5/7] audio OK (100%)
[23:14:52]     [6/7] audio OK (100%)
[23:15:12]     [7/7] audio OK (100%)
[23:15:14]   AUDIO bilan : 7 OK, 0 fail
[23:15:14] <<< END : soir_astronaute_planete_skateboard_monstre -> {'key': 'soir_astronaute_planete_skateboard_monstre', 'text': 'OK', 'images': '7/7', 'audio': '7/7'}
[23:15:14] 
*** [86/243] soir_astronaute_planete_skateboard_robot  (elapsed 2.9h)
[23:15:14] 
======================================================================
>>> START : soir_astronaute_planete_skateboard_robot
======================================================================
[23:15:14]   voix pour ce niveau (soir) : fr-FR-Studio-A
[23:15:14]   TEXTE : generation Gemini Pro...
[23:15:54]     OK : 'Léa et le Voleur de Lumière' (7 pages)
[23:15:54]   IMAGES : 7 pages a generer/verifier
[23:20:10]     [6/7] echec generation image
[23:20:15]       retry image 2/5
[23:21:17]     [6/7] echec generation image
[23:21:22]       retry image 3/5
[23:22:23]     [6/7] echec generation image
[23:22:28]       retry image 4/5
[23:22:58]     [6/7] echec generation image
[23:23:03]       retry image 5/5
[23:24:05]     [6/7] echec generation image
[23:24:10]     [6/7] IMAGE ECHEC apres retries
[23:25:47]   IMAGES bilan : 6 OK, 1 fail
[23:25:47]   AUDIO : 7 MP3s a generer/verifier
[23:26:04]     [1/7] audio OK (100%)
[23:26:22]     [2/7] audio KO (99%) wrong=['vague'] missing=['vagues']
[23:26:22]       retry audio 2/3
[23:26:33]     [2/7] audio KO (99%) wrong=['vague'] missing=[]
[23:26:33]       retry audio 3/3
[23:26:41]     [2/7] audio OK (100%)
[23:26:56]     [3/7] audio OK (100%)
[23:27:19]     [4/7] audio OK (100%)
[23:27:33]     [5/7] audio OK (100%)
[23:27:51]     [6/7] audio OK (100%)
[23:28:08]     [7/7] audio OK (100%)
[23:28:10]   AUDIO bilan : 7 OK, 0 fail
[23:28:10] <<< END : soir_astronaute_planete_skateboard_robot -> {'key': 'soir_astronaute_planete_skateboard_robot', 'text': 'OK', 'images': '6/7', 'audio': '7/7'}
[23:28:10] 
*** [87/243] soir_astronaute_planete_skateboard_fantome  (elapsed 3.1h)
[23:28:10] 
======================================================================
>>> START : soir_astronaute_planete_skateboard_fantome
======================================================================
[23:28:10]   voix pour ce niveau (soir) : fr-FR-Studio-A
[23:28:10]   TEXTE : generation Gemini Pro...
[23:28:53]     OK : 'Léa et le Gardien des Cratères Lumineux' (7 pages)
[23:28:53]   IMAGES : 7 pages a generer/verifier
[23:34:48]   IMAGES bilan : 7 OK, 0 fail
[23:34:48]   AUDIO : 7 MP3s a generer/verifier
[23:35:03]     [1/7] audio OK (100%)
[23:35:20]     [2/7] audio OK (100%)
[23:35:35]     [3/7] audio OK (100%)
[23:35:54]     [4/7] audio OK (100%)
[23:36:25]     [5/7] audio OK (100%)
[23:36:44]     [6/7] audio OK (100%)
[23:37:03]     [7/7] audio OK (100%)
[23:37:05]   AUDIO bilan : 7 OK, 0 fail
[23:37:05] <<< END : soir_astronaute_planete_skateboard_fantome -> {'key': 'soir_astronaute_planete_skateboard_fantome', 'text': 'OK', 'images': '7/7', 'audio': '7/7'}
[23:37:05] 
*** [88/243] soir_astronaute_planete_guitare_monstre  (elapsed 3.2h)
[23:37:05] 
======================================================================
>>> START : soir_astronaute_planete_guitare_monstre
======================================================================
[23:37:05]   voix pour ce niveau (soir) : fr-FR-Studio-A
[23:37:05]   TEXTE : generation Gemini Pro...
[23:37:56]     OK : 'Léa et la Guitare des Sept Silences' (7 pages)
[23:37:56]   IMAGES : 7 pages a generer/verifier
[23:43:48]   IMAGES bilan : 7 OK, 0 fail
[23:43:48]   AUDIO : 7 MP3s a generer/verifier
[23:44:03]     [1/7] audio OK (100%)
[23:44:15]     [2/7] audio OK (100%)
[23:44:33]     [3/7] audio OK (100%)
[23:44:51]     [4/7] audio OK (100%)
[23:45:08]     [5/7] audio OK (100%)
[23:45:28]     [6/7] audio KO (99%) wrong=['Silences'] missing=[]
[23:45:28]       retry audio 2/3
[23:45:49]     [6/7] audio OK (100%)
[23:46:03]     [7/7] audio OK (100%)
[23:46:05]   AUDIO bilan : 7 OK, 0 fail
[23:46:05] <<< END : soir_astronaute_planete_guitare_monstre -> {'key': 'soir_astronaute_planete_guitare_monstre', 'text': 'OK', 'images': '7/7', 'audio': '7/7'}
[23:46:05] 
*** [89/243] soir_astronaute_planete_guitare_robot  (elapsed 3.4h)
[23:46:05] 
======================================================================
>>> START : soir_astronaute_planete_guitare_robot
======================================================================
[23:46:05]   voix pour ce niveau (soir) : fr-FR-Studio-A
[23:46:05]   TEXTE : generation Gemini Pro...
[23:46:47]     OK : 'Léa et le Silence Étoilé' (7 pages)
[23:46:47]   IMAGES : 7 pages a generer/verifier
[23:52:41]   IMAGES bilan : 7 OK, 0 fail
[23:52:41]   AUDIO : 7 MP3s a generer/verifier
[23:52:56]     [1/7] audio OK (100%)
[23:53:12]     [2/7] audio OK (100%)
[23:53:28]     [3/7] audio OK (100%)
[23:53:45]     [4/7] audio OK (100%)
[23:54:00]     [5/7] audio OK (100%)
[23:54:15]     [6/7] audio OK (100%)
[23:54:55]     [7/7] audio OK (100%)
[23:54:57]   AUDIO bilan : 7 OK, 0 fail
[23:54:57] <<< END : soir_astronaute_planete_guitare_robot -> {'key': 'soir_astronaute_planete_guitare_robot', 'text': 'OK', 'images': '7/7', 'audio': '7/7'}
[23:54:57] 
*** [90/243] soir_astronaute_planete_guitare_fantome  (elapsed 3.5h)
[23:54:57] 
======================================================================
>>> START : soir_astronaute_planete_guitare_fantome
======================================================================
[23:54:57]   voix pour ce niveau (soir) : fr-FR-Studio-A
[23:54:57]   TEXTE : generation Gemini Pro...
[23:55:41]     OK : 'Léa et la Guitare des Sept Silences' (7 pages)
[23:55:41]   IMAGES : 7 pages a generer/verifier
[00:01:38]   IMAGES bilan : 7 OK, 0 fail
[00:01:38]   AUDIO : 7 MP3s a generer/verifier
[00:01:51]     [1/7] audio OK (100%)
[00:02:07]     [2/7] audio OK (100%)
[00:02:29]     [3/7] audio KO (97%) wrong=['guitare', 'sept', 'silences'] missing=['Guitare', 'Sept', 'Silences']
[00:02:29]       retry audio 2/3
[00:02:51]     [3/7] audio OK (100%)
[00:03:09]     [4/7] audio OK (100%)
[00:03:32]     [5/7] audio OK (100%)
[00:03:53]     [6/7] audio OK (100%)
[00:04:16]     [7/7] audio OK (100%)
[00:04:18]   AUDIO bilan : 7 OK, 0 fail
[00:04:18] <<< END : soir_astronaute_planete_guitare_fantome -> {'key': 'soir_astronaute_planete_guitare_fantome', 'text': 'OK', 'images': '7/7', 'audio': '7/7'}
[00:04:18] 
*** [91/243] soir_astronaute_chateau_baguette_monstre  (elapsed 3.7h)
[00:04:18] 
======================================================================
>>> START : soir_astronaute_chateau_baguette_monstre
======================================================================
[00:04:18]   voix pour ce niveau (soir) : fr-FR-Studio-A
[00:04:18]   TEXTE : generation Gemini Pro...
[00:05:16]     OK : 'Léa et le Gardien des Étoiles' (7 pages)
[00:05:16]   IMAGES : 7 pages a generer/verifier
[00:11:15]   IMAGES bilan : 7 OK, 0 fail
[00:11:15]   AUDIO : 7 MP3s a generer/verifier
[00:11:34]     [1/7] audio OK (100%)
[00:11:53]     [2/7] audio OK (100%)
[00:13:33]     [3/7] audio KO (99%) wrong=["Brio n'était"] missing=[]
[00:13:33]       retry audio 2/3
[00:13:55]     [3/7] audio OK (100%)
[00:14:15]     [4/7] audio OK (100%)
[00:14:35]     [5/7] audio OK (100%)
[00:15:01]     [6/7] audio OK (100%)
[00:15:35]     [7/7] audio KO (99%) wrong=['astérisque', 'astérisque'] missing=['*clic*']
[00:15:35]       retry audio 2/3
[00:16:06]     [7/7] audio KO (98%) wrong=['astérisque', 'astérisque'] missing=[]
[00:16:06]       retry audio 3/3
[00:16:23]     [7/7] audio KO (98%) wrong=['astérisque', 'astérisque'] missing=[]
[00:16:25]   AUDIO bilan : 6 OK, 1 fail
[00:16:25] <<< END : soir_astronaute_chateau_baguette_monstre -> {'key': 'soir_astronaute_chateau_baguette_monstre', 'text': 'OK', 'images': '7/7', 'audio': '6/7'}
[00:16:25] 
*** [92/243] soir_astronaute_chateau_baguette_robot  (elapsed 3.9h)
[00:16:25] 
======================================================================
>>> START : soir_astronaute_chateau_baguette_robot
======================================================================
[00:16:25]   voix pour ce niveau (soir) : fr-FR-Studio-A
[00:16:25]   TEXTE : generation Gemini Pro...
[00:17:21]     OK : 'Léa et le Voleur de Lumière' (7 pages)
[00:17:21]   IMAGES : 7 pages a generer/verifier
[00:22:20]   IMAGES bilan : 7 OK, 0 fail
[00:22:20]   AUDIO : 7 MP3s a generer/verifier
[00:22:33]     [1/7] audio OK (100%)
[00:22:49]     [2/7] audio OK (100%)
[00:23:12]     [3/7] audio KO (99%) wrong=['Tin'] missing=['Tiiiinnng']
[00:23:12]       retry audio 2/3
[00:23:31]     [3/7] audio KO (99%) wrong=['Tin'] missing=['Tiiiinnng']
[00:23:31]       retry audio 3/3
[00:23:52]     [3/7] audio KO (99%) wrong=['Tin'] missing=['Tiiiinnng']
[00:24:06]     [4/7] audio OK (100%)
[00:24:34]     [5/7] audio OK (100%)
[00:24:49]     [6/7] audio OK (100%)
[00:25:19]     [7/7] audio KO (99%) wrong=['Bip-bip-boup'] missing=['Bip-bip-BOUP']
[00:25:19]       retry audio 2/3
[00:25:37]     [7/7] audio KO (99%) wrong=['BOUP'] missing=[]
[00:25:37]       retry audio 3/3
[00:25:54]     [7/7] audio KO (99%) wrong=['boup'] missing=[]
[00:25:56]   AUDIO bilan : 5 OK, 2 fail
[00:25:56] <<< END : soir_astronaute_chateau_baguette_robot -> {'key': 'soir_astronaute_chateau_baguette_robot', 'text': 'OK', 'images': '7/7', 'audio': '5/7'}
[00:25:56] 
*** [93/243] soir_astronaute_chateau_baguette_fantome  (elapsed 4.0h)
[00:25:56] 
======================================================================
>>> START : soir_astronaute_chateau_baguette_fantome
======================================================================
[00:25:56]   voix pour ce niveau (soir) : fr-FR-Studio-A
[00:25:56]   TEXTE : generation Gemini Pro...
[00:26:43]     OK : 'Léa et le fantôme de Belmondrie' (7 pages)
[00:26:43]   IMAGES : 7 pages a generer/verifier
[00:32:32]   IMAGES bilan : 7 OK, 0 fail
[00:32:32]   AUDIO : 7 MP3s a generer/verifier
[00:32:48]     [1/7] audio OK (100%)
[00:33:01]     [2/7] audio OK (100%)
[00:33:16]     [3/7] audio OK (100%)
[00:33:28]     [4/7] audio OK (100%)
[00:33:40]     [5/7] audio OK (100%)
[00:34:02]     [6/7] audio OK (100%)
[00:34:22]     [7/7] audio OK (100%)
[00:34:24]   AUDIO bilan : 7 OK, 0 fail
[00:34:24] <<< END : soir_astronaute_chateau_baguette_fantome -> {'key': 'soir_astronaute_chateau_baguette_fantome', 'text': 'OK', 'images': '7/7', 'audio': '7/7'}
[00:34:24] 
*** [94/243] soir_astronaute_chateau_skateboard_monstre  (elapsed 4.2h)
[00:34:24] 
======================================================================
>>> START : soir_astronaute_chateau_skateboard_monstre
======================================================================
[00:34:24]   voix pour ce niveau (soir) : fr-FR-Studio-A
[00:34:24]   TEXTE : generation Gemini Pro...
[00:35:15]     OK : 'Léa et le Château sans Chatoiement' (7 pages)
[00:35:15]   IMAGES : 7 pages a generer/verifier
[00:41:07]   IMAGES bilan : 7 OK, 0 fail
[00:41:07]   AUDIO : 7 MP3s a generer/verifier
[00:41:18]     [1/7] audio OK (100%)
[00:41:31]     [2/7] audio OK (100%)
[00:41:52]     [3/7] audio OK (100%)
[00:42:07]     [4/7] audio OK (100%)
[00:42:34]     [5/7] audio OK (100%)
[00:42:55]     [6/7] audio KO (99%) wrong=['roulette'] missing=[]
[00:42:55]       retry audio 2/3
[00:43:30]     [6/7] audio KO (99%) wrong=['roulette'] missing=[]
[00:43:30]       retry audio 3/3
[00:43:52]     [6/7] audio KO (99%) wrong=['roulette'] missing=['roulettes']
[00:44:41]     [7/7] audio OK (100%)
[00:44:43]   AUDIO bilan : 6 OK, 1 fail
[00:44:43] <<< END : soir_astronaute_chateau_skateboard_monstre -> {'key': 'soir_astronaute_chateau_skateboard_monstre', 'text': 'OK', 'images': '7/7', 'audio': '6/7'}
[00:44:43] 
*** [95/243] soir_astronaute_chateau_skateboard_robot  (elapsed 4.3h)
[00:44:43] 
======================================================================
>>> START : soir_astronaute_chateau_skateboard_robot
======================================================================
[00:44:43]   voix pour ce niveau (soir) : fr-FR-Studio-A
[00:44:43]   TEXTE : generation Gemini Pro...
[00:45:33]     OK : 'Léa et le Gardien des Étoiles Brisées' (7 pages)
[00:45:33]   IMAGES : 7 pages a generer/verifier
[00:51:25]   IMAGES bilan : 7 OK, 0 fail
[00:51:25]   AUDIO : 7 MP3s a generer/verifier
[00:51:37]     [1/7] audio OK (100%)
[00:51:59]     [2/7] audio KO (98%) wrong=['sas', 'tel'] missing=[]
[00:51:59]       retry audio 2/3
[00:52:22]     [2/7] audio KO (98%) wrong=['sas', 'tel'] missing=[]
[00:52:22]       retry audio 3/3
[00:52:38]     [2/7] audio KO (98%) wrong=['SS', 'elle'] missing=['sas', 'tel']
[00:52:58]     [3/7] audio OK (100%)
[00:53:24]     [4/7] audio OK (100%)
[00:53:40]     [5/7] audio OK (100%)
[00:53:52]     [6/7] audio OK (100%)
[00:54:16]     [7/7] audio KO (99%) wrong=["l'éviter"] missing=[]
[00:54:16]       retry audio 2/3
[00:54:33]     [7/7] audio KO (99%) wrong=['léviter'] missing=[]
[00:54:33]       retry audio 3/3
[00:54:54]     [7/7] audio KO (99%) wrong=["l'éviter"] missing=[]
[00:54:56]   AUDIO bilan : 5 OK, 2 fail
[00:54:56] <<< END : soir_astronaute_chateau_skateboard_robot -> {'key': 'soir_astronaute_chateau_skateboard_robot', 'text': 'OK', 'images': '7/7', 'audio': '5/7'}
[00:54:56] 
*** [96/243] soir_astronaute_chateau_skateboard_fantome  (elapsed 4.5h)
[00:54:56] 
======================================================================
>>> START : soir_astronaute_chateau_skateboard_fantome
======================================================================
[00:54:56]   voix pour ce niveau (soir) : fr-FR-Studio-A
[00:54:56]   TEXTE : generation Gemini Pro...
[00:55:45]     OK : 'Léa et l'Artisan des Étoiles' (7 pages)
[00:55:45]   IMAGES : 7 pages a generer/verifier
[01:01:19]   IMAGES bilan : 7 OK, 0 fail
[01:01:19]   AUDIO : 7 MP3s a generer/verifier
[01:01:37]     [1/7] audio KO (99%) wrong=['roulette'] missing=[]
[01:01:37]       retry audio 2/3
[01:01:53]     [1/7] audio KO (98%) wrong=['8', 'roulette', 'elle'] missing=[]
[01:01:53]       retry audio 3/3
[01:02:09]     [1/7] audio KO (99%) wrong=['roulette'] missing=[]
[01:02:30]     [2/7] audio OK (100%)
[01:02:53]     [3/7] audio KO (99%) wrong=['pleins'] missing=[]
[01:02:53]       retry audio 2/3
[01:03:08]     [3/7] audio KO (99%) wrong=['pleins'] missing=[]
[01:03:08]       retry audio 3/3
[01:03:22]     [3/7] audio KO (99%) wrong=['plein'] missing=['pleins']
[01:03:44]     [4/7] audio OK (100%)
[01:04:10]     [5/7] audio KO (99%) wrong=['pouvait'] missing=[]
[01:04:10]       retry audio 2/3
[01:04:57]     [5/7] audio KO (98%) wrong=[] missing=['Et', 'si']
[01:04:57]       retry audio 3/3
[01:05:11]     [5/7] audio OK (100%)
[01:05:25]     [6/7] audio OK (100%)
[01:05:41]     [7/7] audio OK (100%)
[01:05:43]   AUDIO bilan : 5 OK, 2 fail
[01:05:43] <<< END : soir_astronaute_chateau_skateboard_fantome -> {'key': 'soir_astronaute_chateau_skateboard_fantome', 'text': 'OK', 'images': '7/7', 'audio': '5/7'}
[01:05:43] 
*** [97/243] soir_astronaute_chateau_guitare_monstre  (elapsed 4.7h)
[01:05:43] 
======================================================================
>>> START : soir_astronaute_chateau_guitare_monstre
======================================================================
[01:05:43]   voix pour ce niveau (soir) : fr-FR-Studio-A
[01:05:43]   TEXTE : generation Gemini Pro...
[01:06:25]     OK : 'Léa et la Guitare des Sept Silences' (7 pages)
[01:06:25]   IMAGES : 7 pages a generer/verifier
[01:12:15]   IMAGES bilan : 7 OK, 0 fail
[01:12:15]   AUDIO : 7 MP3s a generer/verifier
[01:12:38]     [1/7] audio KO (99%) wrong=["c'était"] missing=["c'étaient"]
[01:12:38]       retry audio 2/3
[01:12:57]     [1/7] audio KO (99%) wrong=["c'était"] missing=["c'étaient"]
[01:12:57]       retry audio 3/3
[01:13:12]     [1/7] audio KO (99%) wrong=["c'était"] missing=[]
[01:13:33]     [2/7] audio KO (98%) wrong=['endormi'] missing=['endormis']
[01:13:33]       retry audio 2/3
[01:13:52]     [2/7] audio KO (99%) wrong=['endormi'] missing=[]
[01:13:52]       retry audio 3/3
[01:14:08]     [2/7] audio KO (99%) wrong=['endormi'] missing=[]
[01:14:29]     [3/7] audio KO (99%) wrong=[] missing=['et']
[01:14:29]       retry audio 2/3
[01:14:40]     [3/7] audio OK (100%)
[01:14:55]     [4/7] audio OK (100%)
[01:15:08]     [5/7] audio OK (100%)
[01:15:23]     [6/7] audio OK (100%)
[01:15:41]     [7/7] audio OK (100%)
[01:15:43]   AUDIO bilan : 5 OK, 2 fail
[01:15:43] <<< END : soir_astronaute_chateau_guitare_monstre -> {'key': 'soir_astronaute_chateau_guitare_monstre', 'text': 'OK', 'images': '7/7', 'audio': '5/7'}
[01:15:44] 
*** [98/243] soir_astronaute_chateau_guitare_robot  (elapsed 4.9h)
[01:15:44] 
======================================================================
>>> START : soir_astronaute_chateau_guitare_robot
======================================================================
[01:15:44]   voix pour ce niveau (soir) : fr-FR-Studio-A
[01:15:44]   TEXTE : generation Gemini Pro...
[01:16:29]     OK : 'Léa et la Guitare des Sept Silences' (7 pages)
[01:16:29]   IMAGES : 7 pages a generer/verifier
[01:22:26]   IMAGES bilan : 7 OK, 0 fail
[01:22:26]   AUDIO : 7 MP3s a generer/verifier
[01:22:46]     [1/7] audio KO (99%) wrong=["d'un"] missing=['un']
[01:22:46]       retry audio 2/3
[01:23:00]     [1/7] audio KO (99%) wrong=["d'un"] missing=['un']
[01:23:00]       retry audio 3/3
[01:23:24]     [1/7] audio KO (98%) wrong=["d'un"] missing=['un']
[01:23:45]     [2/7] audio OK (100%)
[01:23:58]     [3/7] audio OK (100%)
[01:24:27]     [4/7] audio KO (99%) wrong=['œil-écran'] missing=[]
[01:24:27]       retry audio 2/3
[01:24:55]     [4/7] audio KO (99%) wrong=['œil', 'écran'] missing=['œil-écran']
[01:24:55]       retry audio 3/3
[01:25:16]     [4/7] audio KO (99%) wrong=['œil-écran'] missing=[]
[01:25:29]     [5/7] audio OK (100%)
[01:25:40]     [6/7] audio OK (100%)
[01:26:03]     [7/7] audio OK (100%)
[01:26:05]   AUDIO bilan : 5 OK, 2 fail
[01:26:05] <<< END : soir_astronaute_chateau_guitare_robot -> {'key': 'soir_astronaute_chateau_guitare_robot', 'text': 'OK', 'images': '7/7', 'audio': '5/7'}
[01:26:05] 
*** [99/243] soir_astronaute_chateau_guitare_fantome  (elapsed 5.0h)
[01:26:05] 
======================================================================
>>> START : soir_astronaute_chateau_guitare_fantome
======================================================================
[01:26:05]   voix pour ce niveau (soir) : fr-FR-Studio-A
[01:26:05]   TEXTE : generation Gemini Pro...
[01:26:45]     OK : 'Léa et la Guitare des Sept Silences' (7 pages)
[01:26:45]   IMAGES : 7 pages a generer/verifier
[01:31:53]   IMAGES bilan : 7 OK, 0 fail
[01:31:53]   AUDIO : 7 MP3s a generer/verifier
[01:32:20]     [1/7] audio KO (98%) wrong=['au', 'toit'] missing=['aux', 'toits']
[01:32:20]       retry audio 2/3
[01:32:40]     [1/7] audio KO (98%) wrong=['toit'] missing=['aux']
[01:32:40]       retry audio 3/3
[01:33:04]     [1/7] audio KO (98%) wrong=['au', 'toit'] missing=['aux', 'toits']
[01:33:23]     [2/7] audio OK (100%)
[01:33:42]     [3/7] audio KO (97%) wrong=['guitare', 'sept', 'silences'] missing=[]
[01:33:42]       retry audio 2/3
[01:33:55]     [3/7] audio OK (100%)
[01:34:11]     [4/7] audio OK (100%)
[01:34:27]     [5/7] audio OK (100%)
[01:34:42]     [6/7] audio OK (100%)
[01:34:57]     [7/7] audio OK (100%)
[01:34:59]   AUDIO bilan : 6 OK, 1 fail
[01:34:59] <<< END : soir_astronaute_chateau_guitare_fantome -> {'key': 'soir_astronaute_chateau_guitare_fantome', 'text': 'OK', 'images': '7/7', 'audio': '6/7'}
[01:34:59] 
*** [100/243] soir_astronaute_ocean_baguette_monstre  (elapsed 5.2h)
[01:34:59] 
======================================================================
>>> START : soir_astronaute_ocean_baguette_monstre
======================================================================
[01:34:59]   voix pour ce niveau (soir) : fr-FR-Studio-A
[01:34:59]   TEXTE : generation Gemini Pro...
[01:35:43]     OK : 'Léa et le Chuchotement des Étoiles' (7 pages)
[01:35:43]   IMAGES : 7 pages a generer/verifier
[01:41:28]   IMAGES bilan : 7 OK, 0 fail
[01:41:28]   AUDIO : 7 MP3s a generer/verifier
[01:41:42]     [1/7] audio OK (100%)
[01:42:01]     [2/7] audio OK (100%)
[01:42:17]     [3/7] audio OK (100%)
[01:42:34]     [4/7] audio OK (100%)
[01:43:01]     [5/7] audio OK (100%)
[01:43:37]     [6/7] audio KO (99%) wrong=["N'ai"] missing=["N'aie"]
[01:43:37]       retry audio 2/3
[01:43:57]     [6/7] audio KO (99%) wrong=["N'ai"] missing=[]
[01:43:57]       retry audio 3/3
[01:44:12]     [6/7] audio KO (99%) wrong=["N'est"] missing=[]
[01:44:30]     [7/7] audio OK (100%)
[01:44:32]   AUDIO bilan : 6 OK, 1 fail
[01:44:32] <<< END : soir_astronaute_ocean_baguette_monstre -> {'key': 'soir_astronaute_ocean_baguette_monstre', 'text': 'OK', 'images': '7/7', 'audio': '6/7'}
[01:44:32] 
*** [101/243] soir_astronaute_ocean_baguette_robot  (elapsed 5.3h)
[01:44:32] 
======================================================================
>>> START : soir_astronaute_ocean_baguette_robot
======================================================================
[01:44:32]   voix pour ce niveau (soir) : fr-FR-Studio-A
[01:44:32]   TEXTE : generation Gemini Pro...
[01:45:15]     OK : 'Léa et le Cœur d'Étoile' (7 pages)
[01:45:15]   IMAGES : 7 pages a generer/verifier
[01:51:12]   IMAGES bilan : 7 OK, 0 fail
[01:51:12]   AUDIO : 7 MP3s a generer/verifier
[01:51:30]     [1/7] audio OK (100%)
[01:51:46]     [2/7] audio OK (100%)
[01:52:41]     [3/7] audio KO (93%) wrong=['Astérisque', 'zouip', 'astérisque'] missing=['*', '!', '*']
[01:52:41]       retry audio 2/3
[01:53:15]     [3/7] audio KO (95%) wrong=['Astérisque', 'zouip', 'astérisque'] missing=['*', 'zouiiip', '!']
[01:53:15]       retry audio 3/3
[01:53:53]     [3/7] audio KO (98%) wrong=['Astérisque', 'zouip', 'astérisque'] missing=['zouiiip', 'roulettes']
[01:54:16]     [4/7] audio OK (100%)
[01:54:55]     [5/7] audio KO (95%) wrong=['astérisque', 'astérisque', 'que'] missing=['*clic*', 'bwoop']
[01:54:55]       retry audio 2/3
[01:55:33]     [5/7] audio KO (95%) wrong=['astérisque', 'astérisque', 'que'] missing=['bwoop']
[01:55:33]       retry audio 3/3
[01:56:08]     [5/7] audio KO (99%) wrong=['astérisque', 'astérisque', 'que'] missing=['bwoop']
[01:56:37]     [6/7] audio KO (99%) wrong=['étoile'] missing=['Étoile']
[01:56:37]       retry audio 2/3
[01:56:56]     [6/7] audio KO (99%) wrong=['étoile'] missing=[]
[01:56:56]       retry audio 3/3
[01:57:11]     [6/7] audio KO (99%) wrong=['étoile'] missing=[]
[01:58:51]     [7/7] audio OK (100%)
[01:58:53]   AUDIO bilan : 4 OK, 3 fail
[01:58:53] <<< END : soir_astronaute_ocean_baguette_robot -> {'key': 'soir_astronaute_ocean_baguette_robot', 'text': 'OK', 'images': '7/7', 'audio': '4/7'}
[01:58:53] 
*** [102/243] soir_astronaute_ocean_baguette_fantome  (elapsed 5.6h)
[01:58:53] 
======================================================================
>>> START : soir_astronaute_ocean_baguette_fantome
======================================================================
[01:58:53]   voix pour ce niveau (soir) : fr-FR-Studio-A
[01:58:53]   TEXTE : generation Gemini Pro...
[01:59:40]     OK : 'Léa et le Gardien de la Mer d'Aural' (7 pages)
[01:59:40]   IMAGES : 7 pages a generer/verifier
[02:04:54]   IMAGES bilan : 7 OK, 0 fail
[02:04:54]   AUDIO : 7 MP3s a generer/verifier
[02:05:08]     [1/7] audio OK (100%)
[02:05:21]     [2/7] audio OK (100%)
[02:05:42]     [3/7] audio OK (100%)
[02:06:07]     [4/7] audio KO (99%) wrong=['un'] missing=[]
[02:06:07]       retry audio 2/3
[02:06:33]     [4/7] audio OK (100%)
[02:06:54]     [5/7] audio OK (100%)
[02:07:19]     [6/7] audio OK (100%)
[02:08:01]     [7/7] audio KO (98%) wrong=['liquide', 'mer'] missing=[]
[02:08:01]       retry audio 2/3
[02:08:33]     [7/7] audio KO (99%) wrong=['liquide'] missing=['liquides']
[02:08:33]       retry audio 3/3
[02:08:49]     [7/7] audio KO (98%) wrong=['liquide', 'mer'] missing=[]
[02:08:51]   AUDIO bilan : 6 OK, 1 fail
[02:08:51] <<< END : soir_astronaute_ocean_baguette_fantome -> {'key': 'soir_astronaute_ocean_baguette_fantome', 'text': 'OK', 'images': '7/7', 'audio': '6/7'}
[02:08:51] 
*** [103/243] soir_astronaute_ocean_skateboard_monstre  (elapsed 5.7h)
[02:08:51] 
======================================================================
>>> START : soir_astronaute_ocean_skateboard_monstre
======================================================================
[02:08:51]   voix pour ce niveau (soir) : fr-FR-Studio-A
[02:08:51]   TEXTE : generation Gemini Pro...
[02:09:30]     OK : 'Léa et la Mer des Étoiles Perdues' (7 pages)
[02:09:30]   IMAGES : 7 pages a generer/verifier
[02:14:40]   IMAGES bilan : 7 OK, 0 fail
[02:14:40]   AUDIO : 7 MP3s a generer/verifier
[02:15:25]     [1/7] audio KO (96%) wrong=['fusée', 'skateboard', "d'oral"] missing=['fusée-skateboard', "d'Aural"]
[02:15:25]       retry audio 2/3
[02:15:37]     [1/7] audio OK (100%)
[02:16:01]     [2/7] audio OK (100%)
[02:16:16]     [3/7] audio OK (100%)
[02:17:03]     [4/7] audio KO (97%) wrong=['Bonjour,'] missing=['«', '»,']
[02:17:03]       retry audio 2/3
[02:17:18]     [4/7] audio OK (100%)
[02:17:35]     [5/7] audio OK (100%)
[02:17:49]     [6/7] audio OK (100%)
[02:18:07]     [7/7] audio OK (100%)
[02:18:09]   AUDIO bilan : 7 OK, 0 fail
[02:18:09] <<< END : soir_astronaute_ocean_skateboard_monstre -> {'key': 'soir_astronaute_ocean_skateboard_monstre', 'text': 'OK', 'images': '7/7', 'audio': '7/7'}
[02:18:09] 
*** [104/243] soir_astronaute_ocean_skateboard_robot  (elapsed 5.9h)
[02:18:09] 
======================================================================
>>> START : soir_astronaute_ocean_skateboard_robot
======================================================================
[02:18:09]   voix pour ce niveau (soir) : fr-FR-Studio-A
[02:18:09]   TEXTE : generation Gemini Pro...
[02:19:01]     OK : 'Léa et le Robot Étoile' (7 pages)
[02:19:01]   IMAGES : 7 pages a generer/verifier
[02:24:46]   IMAGES bilan : 7 OK, 0 fail
[02:24:46]   AUDIO : 7 MP3s a generer/verifier
[02:25:04]     [1/7] audio OK (100%)
[02:25:34]     [2/7] audio KO (99%) wrong=['S', 'P', 'L'] missing=['SPLAAAAASH']
[02:25:34]       retry audio 2/3
[02:26:07]     [2/7] audio KO (99%) wrong=['S P L A A A A S H'] missing=[]
[02:26:07]       retry audio 3/3
[02:26:35]     [2/7] audio KO (99%) wrong=['S', 'P', 'L'] missing=['SPLAAAAASH']
[02:26:50]     [3/7] audio OK (100%)
[02:27:14]     [4/7] audio OK (100%)
[02:27:33]     [5/7] audio OK (100%)
[02:27:56]     [6/7] audio OK (100%)
[02:28:25]     [7/7] audio OK (100%)
[02:28:27]   AUDIO bilan : 6 OK, 1 fail
[02:28:27] <<< END : soir_astronaute_ocean_skateboard_robot -> {'key': 'soir_astronaute_ocean_skateboard_robot', 'text': 'OK', 'images': '7/7', 'audio': '6/7'}
[02:28:27] 
*** [105/243] soir_astronaute_ocean_skateboard_fantome  (elapsed 6.1h)
[02:28:27] 
======================================================================
>>> START : soir_astronaute_ocean_skateboard_fantome
======================================================================
[02:28:27]   voix pour ce niveau (soir) : fr-FR-Studio-A
[02:28:27]   TEXTE : generation Gemini Pro...
[02:29:08]     OK : 'Léa et le Gardien des Lumières' (7 pages)
[02:29:08]   IMAGES : 7 pages a generer/verifier
[02:34:59]   IMAGES bilan : 7 OK, 0 fail
[02:34:59]   AUDIO : 7 MP3s a generer/verifier
[02:35:23]     [1/7] audio KO (97%) wrong=['8', 'casque'] missing=['huit']
[02:35:23]       retry audio 2/3
[02:35:51]     [1/7] audio KO (98%) wrong=['jungle', 'roulette'] missing=['jungles', 'roulettes']
[02:35:51]       retry audio 3/3
[02:36:15]     [1/7] audio KO (99%) wrong=['8'] missing=['huit']
[02:36:34]     [2/7] audio OK (100%)
[02:36:49]     [3/7] audio OK (100%)
[02:37:04]     [4/7] audio OK (100%)
[02:37:29]     [5/7] audio OK (100%)
[02:38:14]     [6/7] audio KO (97%) wrong=[','] missing=['«', '!', '»']
[02:38:14]       retry audio 2/3
[02:38:33]     [6/7] audio OK (100%)
[02:39:11]     [7/7] audio OK (100%)
[02:39:13]   AUDIO bilan : 6 OK, 1 fail
[02:39:13] <<< END : soir_astronaute_ocean_skateboard_fantome -> {'key': 'soir_astronaute_ocean_skateboard_fantome', 'text': 'OK', 'images': '7/7', 'audio': '6/7'}
[02:39:13] 
*** [106/243] soir_astronaute_ocean_guitare_monstre  (elapsed 6.3h)
[02:39:13] 
======================================================================
>>> START : soir_astronaute_ocean_guitare_monstre
======================================================================
[02:39:13]   voix pour ce niveau (soir) : fr-FR-Studio-A
[02:39:13]   TEXTE : generation Gemini Pro...
[02:40:05]     OK : 'Léa et le Chant des Silences' (7 pages)
[02:40:05]   IMAGES : 7 pages a generer/verifier
[02:46:06]   IMAGES bilan : 7 OK, 0 fail
[02:46:06]   AUDIO : 7 MP3s a generer/verifier
[02:46:49]     [1/7] audio OK (100%)
[02:47:06]     [2/7] audio OK (100%)
[02:47:32]     [3/7] audio KO (99%) wrong=['guitare'] missing=[]
[02:47:32]       retry audio 2/3
[02:47:50]     [3/7] audio OK (100%)
[02:48:18]     [4/7] audio KO (98%) wrong=['le', 'violet'] missing=["l'eau"]
[02:48:18]       retry audio 2/3
[02:48:34]     [4/7] audio KO (99%) wrong=['violets'] missing=[]
[02:48:34]       retry audio 3/3
[02:49:09]     [4/7] audio KO (98%) wrong=['le', 'violet'] missing=['l’eau', 'violets']
[02:49:47]     [5/7] audio OK (100%)
[02:50:05]     [6/7] audio OK (100%)
[02:50:23]     [7/7] audio OK (100%)
[02:50:25]   AUDIO bilan : 6 OK, 1 fail
[02:50:25] <<< END : soir_astronaute_ocean_guitare_monstre -> {'key': 'soir_astronaute_ocean_guitare_monstre', 'text': 'OK', 'images': '7/7', 'audio': '6/7'}
[02:50:25] 
*** [107/243] soir_astronaute_ocean_guitare_robot  (elapsed 6.4h)
[02:50:25] 
======================================================================
>>> START : soir_astronaute_ocean_guitare_robot
======================================================================
[02:50:25]   voix pour ce niveau (soir) : fr-FR-Studio-A
[02:50:25]   TEXTE : generation Gemini Pro...
[02:51:07]     OK : 'Léa et le silence de Bipboup' (7 pages)
[02:51:07]   IMAGES : 7 pages a generer/verifier
[02:57:08]   IMAGES bilan : 7 OK, 0 fail
[02:57:08]   AUDIO : 7 MP3s a generer/verifier
[02:57:19]     [1/7] audio OK (100%)
[02:57:48]     [2/7] audio OK (100%)
[02:58:07]     [3/7] audio OK (100%)
[02:58:23]     [4/7] audio OK (100%)
[02:58:38]     [5/7] audio OK (100%)
[02:58:54]     [6/7] audio OK (100%)
[02:59:08]     [7/7] audio OK (100%)
[02:59:10]   AUDIO bilan : 7 OK, 0 fail
[02:59:10] <<< END : soir_astronaute_ocean_guitare_robot -> {'key': 'soir_astronaute_ocean_guitare_robot', 'text': 'OK', 'images': '7/7', 'audio': '7/7'}
[02:59:10] 
*** [108/243] soir_astronaute_ocean_guitare_fantome  (elapsed 6.6h)
[02:59:10] 
======================================================================
>>> START : soir_astronaute_ocean_guitare_fantome
======================================================================
[02:59:10]   voix pour ce niveau (soir) : fr-FR-Studio-A
[02:59:10]   TEXTE : generation Gemini Pro...
[03:00:05]     OK : 'Léa et la Guitare des Sept Silences' (7 pages)
[03:00:05]   IMAGES : 7 pages a generer/verifier
[03:05:49]   IMAGES bilan : 7 OK, 0 fail
[03:05:49]   AUDIO : 7 MP3s a generer/verifier
[03:05:59]     [1/7] audio OK (100%)
[03:06:14]     [2/7] audio OK (100%)
[03:06:47]     [3/7] audio OK (100%)
[03:07:18]     [4/7] audio OK (100%)
[03:07:31]     [5/7] audio OK (100%)
[03:07:44]     [6/7] audio OK (100%)
[03:08:01]     [7/7] audio OK (100%)
[03:08:03]   AUDIO bilan : 7 OK, 0 fail
[03:08:03] <<< END : soir_astronaute_ocean_guitare_fantome -> {'key': 'soir_astronaute_ocean_guitare_fantome', 'text': 'OK', 'images': '7/7', 'audio': '7/7'}
[03:08:03] 
*** [109/243] soir_sorciere_planete_baguette_monstre  (elapsed 6.7h)
[03:08:03] 
======================================================================
>>> START : soir_sorciere_planete_baguette_monstre
======================================================================
[03:08:03]   voix pour ce niveau (soir) : fr-FR-Studio-A
[03:08:03]   TEXTE : generation Gemini Pro...
[03:08:48]     OK : 'Pimprenelle et la Planète aux Murmures' (7 pages)
[03:08:48]   IMAGES : 7 pages a generer/verifier
[03:14:46]   IMAGES bilan : 7 OK, 0 fail
[03:14:46]   AUDIO : 7 MP3s a generer/verifier
[03:14:59]     [1/7] audio OK (100%)
[03:15:39]     [2/7] audio KO (99%) wrong=['Véga', 'sept'] missing=['Véga-7']
[03:15:39]       retry audio 2/3
[03:15:51]     [2/7] audio OK (100%)
[03:16:08]     [3/7] audio OK (100%)
[03:16:25]     [4/7] audio OK (100%)
[03:16:35]     [5/7] audio OK (100%)
[03:16:55]     [6/7] audio OK (100%)
[03:17:13]     [7/7] audio OK (100%)
[03:17:15]   AUDIO bilan : 7 OK, 0 fail
[03:17:15] <<< END : soir_sorciere_planete_baguette_monstre -> {'key': 'soir_sorciere_planete_baguette_monstre', 'text': 'OK', 'images': '7/7', 'audio': '7/7'}
[03:17:15] 
*** [110/243] soir_sorciere_planete_baguette_robot  (elapsed 6.9h)
[03:17:15] 
======================================================================
>>> START : soir_sorciere_planete_baguette_robot
======================================================================
[03:17:15]   voix pour ce niveau (soir) : fr-FR-Studio-A
[03:17:15]   TEXTE : generation Gemini Pro...
[03:17:56]     OK : 'Pimprenelle et le Visiteur d'Étoiles' (7 pages)
[03:17:56]   IMAGES : 7 pages a generer/verifier
[03:23:50]   IMAGES bilan : 7 OK, 0 fail
[03:23:50]   AUDIO : 7 MP3s a generer/verifier
[03:24:06]     [1/7] audio OK (100%)
[03:24:22]     [2/7] audio OK (100%)
[03:24:39]     [3/7] audio OK (100%)
[03:25:28]     [4/7] audio KO (99%) wrong=[] missing=['?']
[03:25:28]       retry audio 2/3
[03:25:44]     [4/7] audio OK (100%)
[03:26:11]     [5/7] audio OK (100%)
[03:26:26]     [6/7] audio OK (100%)
[03:26:48]     [7/7] audio KO (99%) wrong=['Véga', '7'] missing=['Véga-7']
[03:26:48]       retry audio 2/3
[03:27:04]     [7/7] audio KO (99%) wrong=['Véga-7'] missing=[]
[03:27:04]       retry audio 3/3
[03:27:14]     [7/7] audio OK (100%)
[03:27:16]   AUDIO bilan : 7 OK, 0 fail
[03:27:16] <<< END : soir_sorciere_planete_baguette_robot -> {'key': 'soir_sorciere_planete_baguette_robot', 'text': 'OK', 'images': '7/7', 'audio': '7/7'}
[03:27:16] 
*** [111/243] soir_sorciere_planete_baguette_fantome  (elapsed 7.1h)
[03:27:16] 
======================================================================
>>> START : soir_sorciere_planete_baguette_fantome
======================================================================
[03:27:16]   voix pour ce niveau (soir) : fr-FR-Studio-A
[03:27:16]   TEXTE : generation Gemini Pro...
[03:28:07]     OK : 'Pimprenelle et le Fantôme-Artisan' (7 pages)
[03:28:07]   IMAGES : 7 pages a generer/verifier
[03:33:53]   IMAGES bilan : 7 OK, 0 fail
[03:33:53]   AUDIO : 7 MP3s a generer/verifier
[03:34:19]     [1/7] audio KO (98%) wrong=['V', 'E', 'accent'] missing=['Vég-7', 'Vég-7']
[03:34:19]       retry audio 2/3
[03:34:48]     [1/7] audio KO (98%) wrong=['V', 'E', 'accent'] missing=['Vég-7', 'Vég-7']
[03:34:48]       retry audio 3/3
[03:35:05]     [1/7] audio KO (98%) wrong=['Vég-7', 'Vég-7'] missing=[]
[03:35:19]     [2/7] audio OK (100%)
[03:35:41]     [3/7] audio KO (99%) wrong=['V', 'E', 'accent'] missing=['Vég-7']
[03:35:41]       retry audio 2/3
[03:36:05]     [3/7] audio KO (99%) wrong=['V E accent aigu G moins sept'] missing=['Vég-7']
[03:36:05]       retry audio 3/3
[03:36:27]     [3/7] audio KO (97%) wrong=['V E accent aigu G - 7', 'noyau', 'scintillant'] missing=['Vég-7', 'Noyau', 'Scintillant']
[03:36:45]     [4/7] audio OK (100%)
[03:37:23]     [5/7] audio OK (100%)
[03:37:40]     [6/7] audio KO (99%) wrong=[] missing=['de']
[03:37:40]       retry audio 2/3
[03:37:52]     [6/7] audio KO (99%) wrong=[] missing=['de']
[03:37:52]       retry audio 3/3
[03:38:04]     [6/7] audio KO (99%) wrong=[] missing=['de']
[03:38:30]     [7/7] audio KO (98%) wrong=['Noyau', 'Scintillant', 'Noyau'] missing=[]
[03:38:30]       retry audio 2/3
[03:38:58]     [7/7] audio KO (98%) wrong=['noyau', 'scintillant', 'noyau'] missing=[]
[03:38:58]       retry audio 3/3
[03:39:20]     [7/7] audio KO (98%) wrong=['noyau', 'scintillant', 'noyau'] missing=[]
[03:39:22]   AUDIO bilan : 3 OK, 4 fail
[03:39:22] <<< END : soir_sorciere_planete_baguette_fantome -> {'key': 'soir_sorciere_planete_baguette_fantome', 'text': 'OK', 'images': '7/7', 'audio': '3/7'}
[03:39:22] 
*** [112/243] soir_sorciere_planete_skateboard_monstre  (elapsed 7.3h)
[03:39:22] 
======================================================================
>>> START : soir_sorciere_planete_skateboard_monstre
======================================================================
[03:39:22]   voix pour ce niveau (soir) : fr-FR-Studio-A
[03:39:22]   TEXTE : generation Gemini Pro...
[03:40:05]     OK : 'Pimprenelle et le Voleur de Lumière' (7 pages)
[03:40:05]   IMAGES : 7 pages a generer/verifier
[03:46:00]   IMAGES bilan : 7 OK, 0 fail
[03:46:00]   AUDIO : 7 MP3s a generer/verifier
[03:46:16]     [1/7] audio OK (100%)
[03:46:33]     [2/7] audio KO (99%) wrong=['elle'] missing=[]
[03:46:33]       retry audio 2/3
[03:46:50]     [2/7] audio KO (99%) wrong=['elle'] missing=['elles']
[03:46:50]       retry audio 3/3
[03:47:04]     [2/7] audio OK (100%)
[03:47:19]     [3/7] audio OK (100%)
[03:47:31]     [4/7] audio OK (100%)
[03:48:03]     [5/7] audio OK (100%)
[03:48:14]     [6/7] audio OK (100%)
[03:48:31]     [7/7] audio OK (100%)
[03:48:33]   AUDIO bilan : 7 OK, 0 fail
[03:48:33] <<< END : soir_sorciere_planete_skateboard_monstre -> {'key': 'soir_sorciere_planete_skateboard_monstre', 'text': 'OK', 'images': '7/7', 'audio': '7/7'}
[03:48:33] 
*** [113/243] soir_sorciere_planete_skateboard_robot  (elapsed 7.4h)
[03:48:33] 
======================================================================
>>> START : soir_sorciere_planete_skateboard_robot
======================================================================
[03:48:33]   voix pour ce niveau (soir) : fr-FR-Studio-A
[03:48:33]   TEXTE : generation Gemini Pro...
[03:49:21]     OK : 'Pimprenelle et le Visiteur d'Étoiles' (7 pages)
[03:49:21]   IMAGES : 7 pages a generer/verifier
[03:55:18]   IMAGES bilan : 7 OK, 0 fail
[03:55:18]   AUDIO : 7 MP3s a generer/verifier
[03:55:43]     [1/7] audio KO (98%) wrong=['ceinture', 'roulette'] missing=[]
[03:55:43]       retry audio 2/3
[03:56:02]     [1/7] audio KO (98%) wrong=['ceinture', 'roulette'] missing=[]
[03:56:02]       retry audio 3/3
[03:56:20]     [1/7] audio KO (98%) wrong=['ceinture', 'roulette'] missing=[]
[03:58:00]     [2/7] audio KO (97%) wrong=['Pimprenelle', 'Fusée', 'plonk'] missing=[]
[03:58:00]       retry audio 2/3
[03:58:28]     [2/7] audio KO (98%) wrong=['astérisque', 'astérisque', 'au'] missing=['aux', 'reflets']
[03:58:28]       retry audio 3/3
[03:58:47]     [2/7] audio KO (98%) wrong=['astérisque', 'astérisque'] missing=[]
[03:59:21]     [3/7] audio KO (98%) wrong=['Astérisque', 'Astérisque'] missing=[]
[03:59:21]       retry audio 2/3
[03:59:54]     [3/7] audio KO (98%) wrong=['Astérisque', 'bip', 'astérisque'] missing=['Bip', '!']
[03:59:54]       retry audio 3/3
[04:00:22]     [3/7] audio KO (98%) wrong=['Astérisque', 'bip', 'astérisque'] missing=['Bip', '!']
[04:01:21]     [4/7] audio KO (95%) wrong=['Astérisque', 'Astérisque', ','] missing=['*', '!', '*']
[04:01:21]       retry audio 2/3
[04:01:58]     [4/7] audio KO (94%) wrong=['Astérisque', 'Astérisque'] missing=['!', '«', '»']
[04:01:58]       retry audio 3/3
[04:02:33]     [4/7] audio KO (100%) wrong=['Astérisque', 'Astérisque'] missing=[]
[04:02:50]     [5/7] audio OK (100%)
[04:03:26]     [6/7] audio OK (100%)
[04:03:48]     [7/7] audio KO (99%) wrong=['astérisque', 'bipastérisque'] missing=['bip']
[04:03:48]       retry audio 2/3
[04:04:03]     [7/7] audio KO (99%) wrong=['astérisque', 'bipastérisque'] missing=['bip']
[04:04:03]       retry audio 3/3
[04:04:34]     [7/7] audio KO (98%) wrong=['astérisque', 'astérisque'] missing=[]
[04:04:36]   AUDIO bilan : 2 OK, 5 fail
[04:04:36] <<< END : soir_sorciere_planete_skateboard_robot -> {'key': 'soir_sorciere_planete_skateboard_robot', 'text': 'OK', 'images': '7/7', 'audio': '2/7'}
[04:04:36] 
*** [114/243] soir_sorciere_planete_skateboard_fantome  (elapsed 7.7h)
[04:04:36] 
======================================================================
>>> START : soir_sorciere_planete_skateboard_fantome
======================================================================
[04:04:36]   voix pour ce niveau (soir) : fr-FR-Studio-A
[04:04:36]   TEXTE : generation Gemini Pro...
[04:05:29]     OK : 'Pimprenelle et le Façonneur d'Étoiles' (7 pages)
[04:05:29]   IMAGES : 7 pages a generer/verifier
[04:11:26]   IMAGES bilan : 7 OK, 0 fail
[04:11:26]   AUDIO : 7 MP3s a generer/verifier
[04:11:46]     [1/7] audio OK (100%)
[04:12:05]     [2/7] audio KO (99%) wrong=['fusée'] missing=[]
[04:12:05]       retry audio 2/3
[04:12:21]     [2/7] audio OK (100%)
[04:12:37]     [3/7] audio OK (100%)
[04:13:10]     [4/7] audio KO (100%) wrong=[','] missing=['…', ',', '«']
[04:13:10]       retry audio 2/3
[04:13:31]     [4/7] audio OK (100%)
[04:13:55]     [5/7] audio OK (100%)
[04:14:20]     [6/7] audio OK (100%)
[04:14:45]     [7/7] audio KO (99%) wrong=['mouvement'] missing=[]
[04:14:45]       retry audio 2/3
[04:14:58]     [7/7] audio OK (100%)
[04:15:00]   AUDIO bilan : 7 OK, 0 fail
[04:15:00] <<< END : soir_sorciere_planete_skateboard_fantome -> {'key': 'soir_sorciere_planete_skateboard_fantome', 'text': 'OK', 'images': '7/7', 'audio': '7/7'}
[04:15:00] 
*** [115/243] soir_sorciere_planete_guitare_monstre  (elapsed 7.8h)
[04:15:00] 
======================================================================
>>> START : soir_sorciere_planete_guitare_monstre
======================================================================
[04:15:00]   voix pour ce niveau (soir) : fr-FR-Studio-A
[04:15:00]   TEXTE : generation Gemini Pro...
[04:15:50]     OK : 'Pimprenelle et la mélodie perdue' (7 pages)
[04:15:50]   IMAGES : 7 pages a generer/verifier
[04:21:39]   IMAGES bilan : 7 OK, 0 fail
[04:21:39]   AUDIO : 7 MP3s a generer/verifier
[04:21:55]     [1/7] audio OK (100%)
[04:22:12]     [2/7] audio OK (100%)
[04:22:31]     [3/7] audio OK (100%)
[04:22:47]     [4/7] audio OK (100%)
[04:23:11]     [5/7] audio KO (99%) wrong=['Vega 7'] missing=['Vega-7']
[04:23:11]       retry audio 2/3
[04:23:41]     [5/7] audio KO (99%) wrong=['Vega-7'] missing=[]
[04:23:41]       retry audio 3/3
[04:23:58]     [5/7] audio OK (100%)
[04:24:16]     [6/7] audio OK (100%)
[04:24:31]     [7/7] audio OK (100%)
[04:24:33]   AUDIO bilan : 7 OK, 0 fail
[04:24:33] <<< END : soir_sorciere_planete_guitare_monstre -> {'key': 'soir_sorciere_planete_guitare_monstre', 'text': 'OK', 'images': '7/7', 'audio': '7/7'}
[04:24:33] 
*** [116/243] soir_sorciere_planete_guitare_robot  (elapsed 8.0h)
[04:24:33] 
======================================================================
>>> START : soir_sorciere_planete_guitare_robot
======================================================================
[04:24:33]   voix pour ce niveau (soir) : fr-FR-Studio-A
[04:24:33]   TEXTE : generation Gemini Pro...
[04:25:31]     OK : 'Pimprenelle et le Robot au Cœur Silencieux' (7 pages)
[04:25:31]   IMAGES : 7 pages a generer/verifier
[04:31:27]   IMAGES bilan : 7 OK, 0 fail
[04:31:27]   AUDIO : 7 MP3s a generer/verifier
[04:31:46]     [1/7] audio OK (100%)
[04:32:36]     [2/7] audio KO (97%) wrong=['Clang', 'Broum', 'vu'] missing=['CLANG', 'BROUM', 'vue']
[04:32:36]       retry audio 2/3
[04:33:01]     [2/7] audio OK (100%)
[04:33:17]     [3/7] audio OK (100%)
[04:33:37]     [4/7] audio OK (100%)
[04:33:49]     [5/7] audio OK (100%)
[04:34:05]     [6/7] audio OK (100%)
[04:34:20]     [7/7] audio OK (100%)
[04:34:22]   AUDIO bilan : 7 OK, 0 fail
[04:34:22] <<< END : soir_sorciere_planete_guitare_robot -> {'key': 'soir_sorciere_planete_guitare_robot', 'text': 'OK', 'images': '7/7', 'audio': '7/7'}
[04:34:22] 
*** [117/243] soir_sorciere_planete_guitare_fantome  (elapsed 8.2h)
[04:34:22] 
======================================================================
>>> START : soir_sorciere_planete_guitare_fantome
======================================================================
[04:34:22]   voix pour ce niveau (soir) : fr-FR-Studio-A
[04:34:22]   TEXTE : generation Gemini Pro...
[04:35:09]     OK : 'Pimprenelle et la Guitare des Sept Silences' (7 pages)
[04:35:09]   IMAGES : 7 pages a generer/verifier
[04:40:34]   IMAGES bilan : 7 OK, 0 fail
[04:40:34]   AUDIO : 7 MP3s a generer/verifier
[04:40:55]     [1/7] audio KO (98%) wrong=['Véga sept', 'Véga sept'] missing=['Véga-7', 'Véga-7']
[04:40:55]       retry audio 2/3
[04:41:06]     [1/7] audio OK (100%)
[04:41:26]     [2/7] audio OK (100%)
[04:41:45]     [3/7] audio OK (100%)
[04:42:11]     [4/7] audio KO (99%) wrong=['Ni'] missing=["N'y"]
[04:42:11]       retry audio 2/3
[04:42:39]     [4/7] audio KO (99%) wrong=['Ni'] missing=["N'y"]
[04:42:39]       retry audio 3/3
[04:43:06]     [4/7] audio KO (99%) wrong=['Ni'] missing=["N'y"]
[04:43:24]     [5/7] audio OK (100%)
[04:43:39]     [6/7] audio OK (100%)
[04:43:57]     [7/7] audio OK (100%)
[04:43:59]   AUDIO bilan : 6 OK, 1 fail
[04:43:59] <<< END : soir_sorciere_planete_guitare_fantome -> {'key': 'soir_sorciere_planete_guitare_fantome', 'text': 'OK', 'images': '7/7', 'audio': '6/7'}
[04:43:59] 
*** [118/243] soir_sorciere_chateau_baguette_monstre  (elapsed 8.3h)
[04:43:59] 
======================================================================
>>> START : soir_sorciere_chateau_baguette_monstre
======================================================================
[04:43:59]   voix pour ce niveau (soir) : fr-FR-Studio-A
[04:43:59]   TEXTE : generation Gemini Pro...
[04:44:46]     OK : 'Pimprenelle et le Gronde-Chagrin' (7 pages)
[04:44:46]   IMAGES : 7 pages a generer/verifier
[04:50:48]   IMAGES bilan : 7 OK, 0 fail
[04:50:48]   AUDIO : 7 MP3s a generer/verifier
[04:51:02]     [1/7] audio OK (100%)
[04:51:29]     [2/7] audio KO (97%) wrong=['Rou', 'R', 'R'] missing=['Rooo', 'rrrr', 'rooo']
[04:51:29]       retry audio 2/3
[04:51:48]     [2/7] audio KO (98%) wrong=['Rooo', 'rooo'] missing=[]
[04:51:48]       retry audio 3/3
[04:52:14]     [2/7] audio KO (97%) wrong=['Rou', 'R', 'R'] missing=['Rooo', 'rrrr', 'rooo']
[04:52:27]     [3/7] audio OK (100%)
[04:52:44]     [4/7] audio OK (100%)
[04:52:58]     [5/7] audio OK (100%)
[04:53:13]     [6/7] audio OK (100%)
[04:53:25]     [7/7] audio OK (100%)
[04:53:27]   AUDIO bilan : 6 OK, 1 fail
[04:53:27] <<< END : soir_sorciere_chateau_baguette_monstre -> {'key': 'soir_sorciere_chateau_baguette_monstre', 'text': 'OK', 'images': '7/7', 'audio': '6/7'}
[04:53:27] 
*** [119/243] soir_sorciere_chateau_baguette_robot  (elapsed 8.5h)
[04:53:27] 
======================================================================
>>> START : soir_sorciere_chateau_baguette_robot
======================================================================
[04:53:27]   voix pour ce niveau (soir) : fr-FR-Studio-A
[04:53:27]   TEXTE : generation Gemini Pro...
[04:54:08]     OK : 'Pimprenelle et le Visiteur des Étoiles' (7 pages)
[04:54:08]   IMAGES : 7 pages a generer/verifier
[05:00:02]   IMAGES bilan : 7 OK, 0 fail
[05:00:02]   AUDIO : 7 MP3s a generer/verifier
[05:00:17]     [1/7] audio OK (100%)
[05:00:33]     [2/7] audio OK (100%)
[05:00:46]     [3/7] audio OK (100%)
[05:01:06]     [4/7] audio KO (99%) wrong=['constellation'] missing=[]
[05:01:06]       retry audio 2/3
[05:01:27]     [4/7] audio KO (98%) wrong=['constellation', 'œil écran'] missing=['constellations', 'œil-écran']
[05:01:27]       retry audio 3/3
[05:01:45]     [4/7] audio KO (99%) wrong=['constellation'] missing=['constellations']
[05:01:58]     [5/7] audio OK (100%)
[05:02:16]     [6/7] audio OK (100%)
[05:02:33]     [7/7] audio OK (100%)
[05:02:35]   AUDIO bilan : 6 OK, 1 fail
[05:02:35] <<< END : soir_sorciere_chateau_baguette_robot -> {'key': 'soir_sorciere_chateau_baguette_robot', 'text': 'OK', 'images': '7/7', 'audio': '6/7'}
[05:02:35] 
*** [120/243] soir_sorciere_chateau_baguette_fantome  (elapsed 8.6h)
[05:02:35] 
======================================================================
>>> START : soir_sorciere_chateau_baguette_fantome
======================================================================
[05:02:35]   voix pour ce niveau (soir) : fr-FR-Studio-A
[05:02:35]   TEXTE : generation Gemini Pro...
[05:03:17]     OK : 'Pimprenelle et le Fantôme Bâtisseur' (7 pages)
[05:03:17]   IMAGES : 7 pages a generer/verifier
[05:09:08]   IMAGES bilan : 7 OK, 0 fail
[05:09:08]   AUDIO : 7 MP3s a generer/verifier
[05:09:20]     [1/7] audio OK (100%)
[05:09:33]     [2/7] audio OK (100%)
[05:09:47]     [3/7] audio OK (100%)
[05:10:05]     [4/7] audio OK (100%)
[05:10:26]     [5/7] audio OK (100%)
[05:10:42]     [6/7] audio OK (100%)
[05:11:05]     [7/7] audio OK (100%)
[05:11:07]   AUDIO bilan : 7 OK, 0 fail
[05:11:07] <<< END : soir_sorciere_chateau_baguette_fantome -> {'key': 'soir_sorciere_chateau_baguette_fantome', 'text': 'OK', 'images': '7/7', 'audio': '7/7'}
[05:11:07] 
*** [121/243] soir_sorciere_chateau_skateboard_monstre  (elapsed 8.8h)
[05:11:07] 
======================================================================
>>> START : soir_sorciere_chateau_skateboard_monstre
======================================================================
[05:11:07]   voix pour ce niveau (soir) : fr-FR-Studio-A
[05:11:07]   TEXTE : generation Gemini Pro...
[05:11:49]     OK : 'Pimprenelle et le Voleur de Lumière' (7 pages)
[05:11:49]   IMAGES : 7 pages a generer/verifier
[05:17:42]   IMAGES bilan : 7 OK, 0 fail
[05:17:42]   AUDIO : 7 MP3s a generer/verifier
[05:17:55]     [1/7] audio OK (100%)
[05:18:11]     [2/7] audio KO (99%) wrong=['prête'] missing=[]
[05:18:11]       retry audio 2/3
[05:18:27]     [2/7] audio KO (99%) wrong=['prête'] missing=[]
[05:18:27]       retry audio 3/3
[05:18:45]     [2/7] audio KO (99%) wrong=['prête'] missing=[]
[05:19:03]     [3/7] audio OK (100%)
[05:19:25]     [4/7] audio OK (100%)
[05:19:44]     [5/7] audio OK (100%)
[05:20:14]     [6/7] audio KO (99%) wrong=["N'est"] missing=["N'aie"]
[05:20:14]       retry audio 2/3
[05:20:37]     [6/7] audio KO (99%) wrong=["N'est"] missing=[]
[05:20:37]       retry audio 3/3
[05:20:52]     [6/7] audio KO (99%) wrong=["N'est"] missing=[]
[05:21:10]     [7/7] audio OK (100%)
[05:21:12]   AUDIO bilan : 5 OK, 2 fail
[05:21:12] <<< END : soir_sorciere_chateau_skateboard_monstre -> {'key': 'soir_sorciere_chateau_skateboard_monstre', 'text': 'OK', 'images': '7/7', 'audio': '5/7'}
[05:21:12] 
*** [122/243] soir_sorciere_chateau_skateboard_robot  (elapsed 9.0h)
[05:21:12] 
======================================================================
>>> START : soir_sorciere_chateau_skateboard_robot
======================================================================
[05:21:12]   voix pour ce niveau (soir) : fr-FR-Studio-A
[05:21:12]   TEXTE : generation Gemini Pro...
[05:21:57]     OK : 'Pimprenelle et le visiteur des étoiles' (7 pages)
[05:21:57]   IMAGES : 7 pages a generer/verifier
[05:27:41]   IMAGES bilan : 7 OK, 0 fail
[05:27:41]   AUDIO : 7 MP3s a generer/verifier
[05:27:55]     [1/7] audio OK (100%)
[05:28:17]     [2/7] audio KO (99%) wrong=['Pimprenel'] missing=[]
[05:28:17]       retry audio 2/3
[05:28:44]     [2/7] audio KO (97%) wrong=['bip', 'boup', 'tiing'] missing=[]
[05:28:44]       retry audio 3/3
[05:29:06]     [2/7] audio OK (100%)
[05:29:34]     [3/7] audio KO (97%) wrong=['auquel', 'page'] missing=['hauts', "qu'elle", 'pages']
[05:29:34]       retry audio 2/3
[05:29:44]     [3/7] audio OK (100%)
[05:30:05]     [4/7] audio OK (100%)
[05:30:24]     [5/7] audio OK (100%)
[05:30:39]     [6/7] audio OK (100%)
[05:30:53]     [7/7] audio OK (100%)
[05:30:55]   AUDIO bilan : 7 OK, 0 fail
[05:30:55] <<< END : soir_sorciere_chateau_skateboard_robot -> {'key': 'soir_sorciere_chateau_skateboard_robot', 'text': 'OK', 'images': '7/7', 'audio': '7/7'}
[05:30:55] 
*** [123/243] soir_sorciere_chateau_skateboard_fantome  (elapsed 9.1h)
[05:30:55] 
======================================================================
>>> START : soir_sorciere_chateau_skateboard_fantome
======================================================================
[05:30:55]   voix pour ce niveau (soir) : fr-FR-Studio-A
[05:30:55]   TEXTE : generation Gemini Pro...
[05:31:41]     OK : 'Pimprenelle et le Secret de Belmondrie' (7 pages)
[05:31:41]   IMAGES : 7 pages a generer/verifier
[05:37:35]   IMAGES bilan : 7 OK, 0 fail
[05:37:35]   AUDIO : 7 MP3s a generer/verifier
[05:37:45]     [1/7] audio OK (100%)
[05:38:02]     [2/7] audio OK (100%)
[05:38:21]     [3/7] audio OK (100%)
[05:38:39]     [4/7] audio OK (100%)
[05:39:01]     [5/7] audio OK (100%)
[05:39:20]     [6/7] audio OK (100%)
[05:39:42]     [7/7] audio OK (100%)
[05:39:44]   AUDIO bilan : 7 OK, 0 fail
[05:39:45] <<< END : soir_sorciere_chateau_skateboard_fantome -> {'key': 'soir_sorciere_chateau_skateboard_fantome', 'text': 'OK', 'images': '7/7', 'audio': '7/7'}
[05:39:45] 
*** [124/243] soir_sorciere_chateau_guitare_monstre  (elapsed 9.3h)
[05:39:45] 
======================================================================
>>> START : soir_sorciere_chateau_guitare_monstre
======================================================================
[05:39:45]   voix pour ce niveau (soir) : fr-FR-Studio-A
[05:39:45]   TEXTE : generation Gemini Pro...
[05:40:29]     OK : 'Pimprenelle et la Guitare des Sept Silences' (7 pages)
[05:40:29]   IMAGES : 7 pages a generer/verifier
[05:46:31]   IMAGES bilan : 7 OK, 0 fail
[05:46:31]   AUDIO : 7 MP3s a generer/verifier
[05:46:46]     [1/7] audio OK (100%)
[05:47:05]     [2/7] audio OK (100%)
[05:47:25]     [3/7] audio OK (100%)
[05:47:39]     [4/7] audio OK (100%)
[05:47:53]     [5/7] audio OK (100%)
[05:48:06]     [6/7] audio OK (100%)
[05:48:28]     [7/7] audio OK (100%)
[05:48:30]   AUDIO bilan : 7 OK, 0 fail
[05:48:30] <<< END : soir_sorciere_chateau_guitare_monstre -> {'key': 'soir_sorciere_chateau_guitare_monstre', 'text': 'OK', 'images': '7/7', 'audio': '7/7'}
[05:48:30] 
*** [125/243] soir_sorciere_chateau_guitare_robot  (elapsed 9.4h)
[05:48:30] 
======================================================================
>>> START : soir_sorciere_chateau_guitare_robot
======================================================================
[05:48:30]   voix pour ce niveau (soir) : fr-FR-Studio-A
[05:48:30]   TEXTE : generation Gemini Pro...
[05:49:16]     OK : 'Pimprenelle et le chant du silence' (7 pages)
[05:49:16]   IMAGES : 7 pages a generer/verifier
[05:55:04]   IMAGES bilan : 7 OK, 0 fail
[05:55:04]   AUDIO : 7 MP3s a generer/verifier
[05:55:17]     [1/7] audio OK (100%)
[05:55:41]     [2/7] audio KO (99%) wrong=['bip-bip-clic-whrrr'] missing=[]
[05:55:41]       retry audio 2/3
[05:55:53]     [2/7] audio OK (100%)
[05:56:10]     [3/7] audio KO (99%) wrong=['parchemin'] missing=['parchemins']
[05:56:10]       retry audio 2/3
[05:56:20]     [3/7] audio KO (99%) wrong=['parchemins'] missing=[]
[05:56:20]       retry audio 3/3
[05:56:35]     [3/7] audio KO (99%) wrong=['parchemins'] missing=[]
[05:56:54]     [4/7] audio OK (100%)
[05:57:12]     [5/7] audio OK (100%)
[05:57:34]     [6/7] audio OK (100%)
[05:57:49]     [7/7] audio OK (100%)
[05:57:51]   AUDIO bilan : 6 OK, 1 fail
[05:57:51] <<< END : soir_sorciere_chateau_guitare_robot -> {'key': 'soir_sorciere_chateau_guitare_robot', 'text': 'OK', 'images': '7/7', 'audio': '6/7'}
[05:57:51] 
*** [126/243] soir_sorciere_chateau_guitare_fantome  (elapsed 9.6h)
[05:57:51] 
======================================================================
>>> START : soir_sorciere_chateau_guitare_fantome
======================================================================
[05:57:51]   voix pour ce niveau (soir) : fr-FR-Studio-A
[05:57:51]   TEXTE : generation Gemini Pro...
[05:58:32]     OK : 'Pimprenelle et la Guitare des Sept Silences' (7 pages)
[05:58:32]   IMAGES : 7 pages a generer/verifier
[06:04:22]   IMAGES bilan : 7 OK, 0 fail
[06:04:22]   AUDIO : 7 MP3s a generer/verifier
[06:04:35]     [1/7] audio OK (100%)
[06:04:55]     [2/7] audio OK (100%)
[06:05:13]     [3/7] audio OK (100%)
[06:05:41]     [4/7] audio OK (100%)
[06:05:55]     [5/7] audio OK (100%)
[06:06:15]     [6/7] audio OK (100%)
[06:06:36]     [7/7] audio KO (99%) wrong=['vers'] missing=[]
[06:06:36]       retry audio 2/3
[06:06:53]     [7/7] audio KO (99%) wrong=['vers'] missing=['vinrent']
[06:06:53]       retry audio 3/3
[06:08:29]     [7/7] audio OK (100%)
[06:08:31]   AUDIO bilan : 7 OK, 0 fail
[06:08:31] <<< END : soir_sorciere_chateau_guitare_fantome -> {'key': 'soir_sorciere_chateau_guitare_fantome', 'text': 'OK', 'images': '7/7', 'audio': '7/7'}
[06:08:31] 
*** [127/243] soir_sorciere_ocean_baguette_monstre  (elapsed 9.7h)
[06:08:31] 
======================================================================
>>> START : soir_sorciere_ocean_baguette_monstre
======================================================================
[06:08:31]   voix pour ce niveau (soir) : fr-FR-Studio-A
[06:08:31]   TEXTE : generation Gemini Pro...
[06:09:10]     OK : 'Pimprenelle et la Lumière Partagée' (7 pages)
[06:09:10]   IMAGES : 7 pages a generer/verifier
[06:15:03]   IMAGES bilan : 7 OK, 0 fail
[06:15:03]   AUDIO : 7 MP3s a generer/verifier
[06:15:19]     [1/7] audio OK (100%)
[06:15:39]     [2/7] audio OK (100%)
[06:15:53]     [3/7] audio OK (100%)
[06:16:13]     [4/7] audio KO (99%) wrong=['était'] missing=[]
[06:16:13]       retry audio 2/3
[06:16:28]     [4/7] audio KO (99%) wrong=['était'] missing=[]
[06:16:28]       retry audio 3/3
[06:16:42]     [4/7] audio KO (99%) wrong=['était'] missing=[]
[06:17:06]     [5/7] audio OK (100%)
[06:17:27]     [6/7] audio OK (100%)
[06:17:43]     [7/7] audio OK (100%)
[06:17:45]   AUDIO bilan : 6 OK, 1 fail
[06:17:45] <<< END : soir_sorciere_ocean_baguette_monstre -> {'key': 'soir_sorciere_ocean_baguette_monstre', 'text': 'OK', 'images': '7/7', 'audio': '6/7'}
[06:17:45] 
*** [128/243] soir_sorciere_ocean_baguette_robot  (elapsed 9.9h)
[06:17:45] 
======================================================================
>>> START : soir_sorciere_ocean_baguette_robot
======================================================================
[06:17:45]   voix pour ce niveau (soir) : fr-FR-Studio-A
[06:17:45]   TEXTE : generation Gemini Pro...
[06:18:35]     OK : 'Pimprenelle et la Lumière Partagée' (7 pages)
[06:18:35]   IMAGES : 7 pages a generer/verifier
[06:24:31]   IMAGES bilan : 7 OK, 0 fail
[06:24:31]   AUDIO : 7 MP3s a generer/verifier
[06:24:43]     [1/7] audio OK (100%)
[06:25:23]     [2/7] audio KO (98%) wrong=['zède', 'zède', 'zède'] missing=['ZZZT', 'BIP-BOUP']
[06:25:23]       retry audio 2/3
[06:25:45]     [2/7] audio KO (96%) wrong=['Clang,', 'Z Z Z T,', 'B I P B O U P.'] missing=[]
[06:25:45]       retry audio 3/3
[06:26:21]     [2/7] audio KO (98%) wrong=['Z', 'Z', 'Z'] missing=['ZZZT', 'BIP-BOUP']
[06:26:35]     [3/7] audio OK (100%)
[06:26:50]     [4/7] audio OK (100%)
[06:27:06]     [5/7] audio OK (100%)
[06:27:24]     [6/7] audio OK (100%)
[06:27:39]     [7/7] audio OK (100%)
[06:27:41]   AUDIO bilan : 6 OK, 1 fail
[06:27:41] <<< END : soir_sorciere_ocean_baguette_robot -> {'key': 'soir_sorciere_ocean_baguette_robot', 'text': 'OK', 'images': '7/7', 'audio': '6/7'}
[06:27:41] 
*** [129/243] soir_sorciere_ocean_baguette_fantome  (elapsed 10.1h)
[06:27:41] 
======================================================================
>>> START : soir_sorciere_ocean_baguette_fantome
======================================================================
[06:27:41]   voix pour ce niveau (soir) : fr-FR-Studio-A
[06:27:41]   TEXTE : generation Gemini Pro...
[06:28:38]     OK : 'Pimprenelle et le Silence de la Mer d'Aural' (7 pages)
[06:28:38]   IMAGES : 7 pages a generer/verifier
[06:34:32]   IMAGES bilan : 7 OK, 0 fail
[06:34:32]   AUDIO : 7 MP3s a generer/verifier
[06:34:55]     [1/7] audio OK (100%)
[06:35:07]     [2/7] audio OK (100%)
[06:35:31]     [3/7] audio OK (100%)
[06:35:47]     [4/7] audio OK (100%)
[06:36:05]     [5/7] audio OK (100%)
[06:36:29]     [6/7] audio KO (98%) wrong=['courants', 'capturés'] missing=[]
[06:36:29]       retry audio 2/3
[06:38:05]     [6/7] audio OK (100%)
[06:38:26]     [7/7] audio KO (99%) wrong=["d'Aural"] missing=[]
[06:38:26]       retry audio 2/3
[06:39:00]     [7/7] audio OK (100%)
[06:39:02]   AUDIO bilan : 7 OK, 0 fail
[06:39:02] <<< END : soir_sorciere_ocean_baguette_fantome -> {'key': 'soir_sorciere_ocean_baguette_fantome', 'text': 'OK', 'images': '7/7', 'audio': '7/7'}
[06:39:02] 
*** [130/243] soir_sorciere_ocean_skateboard_monstre  (elapsed 10.2h)
[06:39:02] 
======================================================================
>>> START : soir_sorciere_ocean_skateboard_monstre
======================================================================
[06:39:02]   voix pour ce niveau (soir) : fr-FR-Studio-A
[06:39:02]   TEXTE : generation Gemini Pro...
[06:39:52]     OK : 'Pimprenelle et le Mange-Lumière' (7 pages)
[06:39:53]   IMAGES : 7 pages a generer/verifier
[06:45:54]   IMAGES bilan : 7 OK, 0 fail
[06:45:54]   AUDIO : 7 MP3s a generer/verifier
[06:46:08]     [1/7] audio OK (100%)
[06:46:23]     [2/7] audio OK (100%)
[06:46:43]     [3/7] audio KO (99%) wrong=['prudents'] missing=[]
[06:46:43]       retry audio 2/3
[06:47:00]     [3/7] audio KO (99%) wrong=['prudent'] missing=[]
[06:47:00]       retry audio 3/3
[06:47:17]     [3/7] audio KO (99%) wrong=['prudents'] missing=[]
[06:47:32]     [4/7] audio OK (100%)
[06:47:55]     [5/7] audio OK (100%)
[06:48:20]     [6/7] audio KO (99%) wrong=['inacquise'] missing=['y', 'naquit']
[06:48:20]       retry audio 2/3
[06:48:54]     [6/7] audio KO (98%) wrong=['inacquise'] missing=['y', 'naquit']
[06:48:54]       retry audio 3/3
[06:49:17]     [6/7] audio KO (98%) wrong=['innaqui'] missing=['y', 'naquit']
[06:50:58]     [7/7] audio KO (98%) wrong=['Accroche-toi bien', 'Fusee', "la mer d'Aural"] missing=[]
[06:50:58]       retry audio 2/3
[06:51:11]     [7/7] audio OK (100%)
[06:51:14]   AUDIO bilan : 5 OK, 2 fail
[06:51:14] <<< END : soir_sorciere_ocean_skateboard_monstre -> {'key': 'soir_sorciere_ocean_skateboard_monstre', 'text': 'OK', 'images': '7/7', 'audio': '5/7'}
[06:51:14] 
*** [131/243] soir_sorciere_ocean_skateboard_robot  (elapsed 10.5h)
[06:51:14] 
======================================================================
>>> START : soir_sorciere_ocean_skateboard_robot
======================================================================
[06:51:14]   voix pour ce niveau (soir) : fr-FR-Studio-A
[06:51:14]   TEXTE : generation Gemini Pro...
[06:51:57]     OK : 'Pimprenelle et le Cœur qui Faisait 'Bip'' (7 pages)
[06:51:57]   IMAGES : 7 pages a generer/verifier
[06:57:54]   IMAGES bilan : 7 OK, 0 fail
[06:57:54]   AUDIO : 7 MP3s a generer/verifier
[06:58:08]     [1/7] audio OK (100%)
[06:58:35]     [2/7] audio KO (99%) wrong=['baleine', 'lune'] missing=['baleine-lune']
[06:58:35]       retry audio 2/3
[06:59:05]     [2/7] audio KO (99%) wrong=['baleine', 'lune'] missing=['baleine-lune']
[06:59:05]       retry audio 3/3
[06:59:20]     [2/7] audio OK (100%)
[06:59:34]     [3/7] audio OK (100%)
[06:59:49]     [4/7] audio OK (100%)
[07:00:02]     [5/7] audio OK (100%)
[07:00:25]     [6/7] audio OK (100%)
[07:00:49]     [7/7] audio OK (100%)
[07:00:51]   AUDIO bilan : 7 OK, 0 fail
[07:00:51] <<< END : soir_sorciere_ocean_skateboard_robot -> {'key': 'soir_sorciere_ocean_skateboard_robot', 'text': 'OK', 'images': '7/7', 'audio': '7/7'}
[07:00:51] 
*** [132/243] soir_sorciere_ocean_skateboard_fantome  (elapsed 10.6h)
[07:00:51] 
======================================================================
>>> START : soir_sorciere_ocean_skateboard_fantome
======================================================================
[07:00:51]   voix pour ce niveau (soir) : fr-FR-Studio-A
[07:00:51]   TEXTE : generation Gemini Pro...
[07:01:34]     OK : 'Pimprenelle et le Gardien des Lueurs' (7 pages)
[07:01:34]   IMAGES : 7 pages a generer/verifier
[07:07:23]   IMAGES bilan : 7 OK, 0 fail
[07:07:23]   AUDIO : 7 MP3s a generer/verifier
[07:07:47]     [1/7] audio KO (99%) wrong=['poissons', 'lueurs'] missing=['Poissons-Lueurs']
[07:07:47]       retry audio 2/3
[07:08:18]     [1/7] audio KO (99%) wrong=['Poissons', 'Lueurs'] missing=['Poissons-Lueurs']
[07:08:18]       retry audio 3/3
[07:08:34]     [1/7] audio KO (99%) wrong=['poissons lueurs'] missing=[]
[07:08:53]     [2/7] audio OK (100%)
[07:09:11]     [3/7] audio OK (100%)
[07:09:29]     [4/7] audio OK (100%)
[07:09:56]     [5/7] audio KO (99%) wrong=['lanterne'] missing=[]
[07:09:56]       retry audio 2/3
[07:10:06]     [5/7] audio OK (100%)
[07:10:36]     [6/7] audio OK (100%)
[07:10:55]     [7/7] audio OK (100%)
[07:10:57]   AUDIO bilan : 6 OK, 1 fail
[07:10:57] <<< END : soir_sorciere_ocean_skateboard_fantome -> {'key': 'soir_sorciere_ocean_skateboard_fantome', 'text': 'OK', 'images': '7/7', 'audio': '6/7'}
[07:10:57] 
*** [133/243] soir_sorciere_ocean_guitare_monstre  (elapsed 10.8h)
[07:10:57] 
======================================================================
>>> START : soir_sorciere_ocean_guitare_monstre
======================================================================
[07:10:57]   voix pour ce niveau (soir) : fr-FR-Studio-A
[07:10:57]   TEXTE : generation Gemini Pro...
[07:11:49]     OK : 'Pimprenelle et la Mer Silencieuse' (7 pages)
[07:11:49]   IMAGES : 7 pages a generer/verifier
[07:17:46]   IMAGES bilan : 7 OK, 0 fail
[07:17:46]   AUDIO : 7 MP3s a generer/verifier
[07:18:12]     [1/7] audio OK (100%)
[07:18:30]     [2/7] audio OK (100%)
[07:18:49]     [3/7] audio OK (100%)
[07:19:17]     [4/7] audio OK (100%)
[07:19:38]     [5/7] audio OK (100%)
[07:20:02]     [6/7] audio OK (100%)
[07:20:28]     [7/7] audio OK (100%)
[07:20:30]   AUDIO bilan : 7 OK, 0 fail
[07:20:30] <<< END : soir_sorciere_ocean_guitare_monstre -> {'key': 'soir_sorciere_ocean_guitare_monstre', 'text': 'OK', 'images': '7/7', 'audio': '7/7'}
[07:20:30] 
*** [134/243] soir_sorciere_ocean_guitare_robot  (elapsed 10.9h)
[07:20:30] 
======================================================================
>>> START : soir_sorciere_ocean_guitare_robot
======================================================================
[07:20:30]   voix pour ce niveau (soir) : fr-FR-Studio-A
[07:20:30]   TEXTE : generation Gemini Pro...
[07:21:26]     OK : 'Pimprenelle et la Mélodie du Silence' (7 pages)
[07:21:26]   IMAGES : 7 pages a generer/verifier
[07:27:14]   IMAGES bilan : 7 OK, 0 fail
[07:27:14]   AUDIO : 7 MP3s a generer/verifier
[07:27:32]     [1/7] audio OK (100%)
[07:27:49]     [2/7] audio OK (100%)
[07:28:16]     [3/7] audio OK (100%)
[07:28:45]     [4/7] audio OK (100%)
[07:29:05]     [5/7] audio OK (100%)
[07:29:28]     [6/7] audio KO (98%) wrong=['bute', 'Cette'] missing=[]
[07:29:28]       retry audio 2/3
[07:31:04]     [6/7] audio KO (97%) wrong=['Sept fois, son doigt se posa.', 'Sept couches de bruit furent recueillies par la guitare.', 'Bipboup'] missing=[]
[07:31:04]       retry audio 3/3
[07:31:16]     [6/7] audio OK (100%)
[07:31:48]     [7/7] audio KO (99%) wrong=['astérisque', 'bloop', 'astérisque'] missing=['*bloop*']
[07:31:48]       retry audio 2/3
[07:32:11]     [7/7] audio KO (98%) wrong=['astérisque', 'astérisque'] missing=[]
[07:32:11]       retry audio 3/3
[07:32:35]     [7/7] audio KO (98%) wrong=['astérisque', 'astérisque'] missing=[]
[07:32:37]   AUDIO bilan : 6 OK, 1 fail
[07:32:37] <<< END : soir_sorciere_ocean_guitare_robot -> {'key': 'soir_sorciere_ocean_guitare_robot', 'text': 'OK', 'images': '7/7', 'audio': '6/7'}
[07:32:37] 
*** [135/243] soir_sorciere_ocean_guitare_fantome  (elapsed 11.1h)
[07:32:37] 
======================================================================
>>> START : soir_sorciere_ocean_guitare_fantome
======================================================================
[07:32:37]   voix pour ce niveau (soir) : fr-FR-Studio-A
[07:32:37]   TEXTE : generation Gemini Pro...
[07:33:26]     OK : 'Pimprenelle et le Luthier des Murmures' (7 pages)
[07:33:26]   IMAGES : 7 pages a generer/verifier
[07:39:12]   IMAGES bilan : 7 OK, 0 fail
[07:39:12]   AUDIO : 7 MP3s a generer/verifier
[07:39:30]     [1/7] audio KO (99%) wrong=['entendu'] missing=[]
[07:39:30]       retry audio 2/3
[07:39:49]     [1/7] audio OK (100%)
[07:40:08]     [2/7] audio OK (100%)
[07:40:31]     [3/7] audio OK (100%)
[07:40:52]     [4/7] audio OK (100%)
[07:41:14]     [5/7] audio OK (100%)
[07:41:29]     [6/7] audio OK (100%)
[07:41:42]     [7/7] audio OK (100%)
[07:41:44]   AUDIO bilan : 7 OK, 0 fail
[07:41:44] <<< END : soir_sorciere_ocean_guitare_fantome -> {'key': 'soir_sorciere_ocean_guitare_fantome', 'text': 'OK', 'images': '7/7', 'audio': '7/7'}
[07:41:44] 
*** [136/243] soir_dragon_planete_baguette_monstre  (elapsed 11.3h)
[07:41:44] 
======================================================================
>>> START : soir_dragon_planete_baguette_monstre
======================================================================
[07:41:44]   voix pour ce niveau (soir) : fr-FR-Studio-A
[07:41:44]   TEXTE : generation Gemini Pro...
[07:42:37]     OK : 'Brio et la lumière du cœur' (7 pages)
[07:42:37]   IMAGES : 7 pages a generer/verifier
[07:48:24]   IMAGES bilan : 7 OK, 0 fail
[07:48:24]   AUDIO : 7 MP3s a generer/verifier
[07:48:46]     [1/7] audio OK (100%)
[07:49:35]     [2/7] audio KO (96%) wrong=['7', 'tout', 'leur'] missing=['Vega-7', 'tous', 'leurs']
[07:49:35]       retry audio 2/3
[07:50:42]     [2/7] audio KO (95%) wrong=['Vega', '7', 'tout'] missing=['Vega-7', 'tous', 'leurs']
[07:50:42]       retry audio 3/3
[07:51:17]     [2/7] audio KO (96%) wrong=['7', 'tout', 'leur'] missing=['Vega-7', 'tous', 'leurs']
[07:51:38]     [3/7] audio OK (100%)
[07:52:12]     [4/7] audio KO (98%) wrong=['peine,', 'il'] missing=['peine.', 'Il']
[07:52:12]       retry audio 2/3
[07:52:38]     [4/7] audio OK (100%)
[07:53:03]     [5/7] audio KO (99%) wrong=['étoile'] missing=['Étoile']
[07:53:03]       retry audio 2/3
[07:53:17]     [5/7] audio OK (100%)
[07:53:37]     [6/7] audio OK (100%)
[07:54:06]     [7/7] audio KO (99%) wrong=[] missing=['eux']
[07:54:06]       retry audio 2/3
[07:54:25]     [7/7] audio KO (99%) wrong=[] missing=['eux']
[07:54:25]       retry audio 3/3
[07:54:46]     [7/7] audio KO (99%) wrong=[] missing=['eux']
[07:54:48]   AUDIO bilan : 5 OK, 2 fail
[07:54:48] <<< END : soir_dragon_planete_baguette_monstre -> {'key': 'soir_dragon_planete_baguette_monstre', 'text': 'OK', 'images': '7/7', 'audio': '5/7'}
[07:54:48] 
*** [137/243] soir_dragon_planete_baguette_robot  (elapsed 11.5h)
[07:54:48] 
======================================================================
>>> START : soir_dragon_planete_baguette_robot
======================================================================
[07:54:48]   voix pour ce niveau (soir) : fr-FR-Studio-A
[07:54:48]   TEXTE : generation Gemini Pro...
[07:55:33]     OK : 'Brio et le Robot aux Étoiles' (7 pages)
[07:55:33]   IMAGES : 7 pages a generer/verifier
[08:01:30]   IMAGES bilan : 7 OK, 0 fail
[08:01:30]   AUDIO : 7 MP3s a generer/verifier
[08:01:42]     [1/7] audio OK (100%)
[08:02:04]     [2/7] audio KO (99%) wrong=['BOUM'] missing=[]
[08:02:04]       retry audio 2/3
[08:02:13]     [2/7] audio OK (100%)
[08:02:39]     [3/7] audio KO (99%) wrong=['spirale'] missing=['spirales']
[08:02:39]       retry audio 2/3
[08:02:58]     [3/7] audio KO (99%) wrong=['spirale'] missing=['spirales']
[08:02:58]       retry audio 3/3
[08:03:18]     [3/7] audio KO (99%) wrong=['spirales'] missing=[]
[08:03:34]     [4/7] audio OK (100%)
[08:03:50]     [5/7] audio OK (100%)
[08:04:09]     [6/7] audio OK (100%)
[08:04:24]     [7/7] audio OK (100%)
[08:04:26]   AUDIO bilan : 6 OK, 1 fail
[08:04:26] <<< END : soir_dragon_planete_baguette_robot -> {'key': 'soir_dragon_planete_baguette_robot', 'text': 'OK', 'images': '7/7', 'audio': '6/7'}
[08:04:26] 
*** [138/243] soir_dragon_planete_baguette_fantome  (elapsed 11.7h)
[08:04:26] 
======================================================================
>>> START : soir_dragon_planete_baguette_fantome
======================================================================
[08:04:26]   voix pour ce niveau (soir) : fr-FR-Studio-A
[08:04:26]   TEXTE : generation Gemini Pro...
[08:05:02]     OK : 'Brio et le Faiseur d'Étoiles Oublié' (7 pages)
[08:05:02]   IMAGES : 7 pages a generer/verifier
[08:10:56]   IMAGES bilan : 7 OK, 0 fail
[08:10:56]   AUDIO : 7 MP3s a generer/verifier
[08:11:08]     [1/7] audio OK (100%)
[08:12:49]     [2/7] audio KO (99%) wrong=['cinq'] missing=[]
[08:12:49]       retry audio 2/3
[08:13:01]     [2/7] audio OK (100%)
[08:13:29]     [3/7] audio OK (100%)
[08:13:53]     [4/7] audio KO (99%) wrong=['empreint'] missing=['empreints']
[08:13:53]       retry audio 2/3
[08:14:20]     [4/7] audio KO (99%) wrong=['empreint'] missing=[]
[08:14:20]       retry audio 3/3
[08:14:37]     [4/7] audio KO (99%) wrong=['empreints'] missing=[]
[08:14:50]     [5/7] audio OK (100%)
[08:15:05]     [6/7] audio OK (100%)
[08:15:23]     [7/7] audio OK (100%)
[08:15:25]   AUDIO bilan : 6 OK, 1 fail
[08:15:25] <<< END : soir_dragon_planete_baguette_fantome -> {'key': 'soir_dragon_planete_baguette_fantome', 'text': 'OK', 'images': '7/7', 'audio': '6/7'}
[08:15:25] 
*** [139/243] soir_dragon_planete_skateboard_monstre  (elapsed 11.9h)
[08:15:25] 
======================================================================
>>> START : soir_dragon_planete_skateboard_monstre
======================================================================
[08:15:25]   voix pour ce niveau (soir) : fr-FR-Studio-A
[08:15:25]   TEXTE : generation Gemini Pro...
[08:16:13]     OK : 'Brio et l'ami des étoiles' (7 pages)
[08:16:13]   IMAGES : 7 pages a generer/verifier
[08:21:59]   IMAGES bilan : 7 OK, 0 fail
[08:21:59]   AUDIO : 7 MP3s a generer/verifier
[08:22:12]     [1/7] audio OK (100%)
[08:22:30]     [2/7] audio OK (100%)
[08:22:42]     [3/7] audio OK (100%)
[08:23:10]     [4/7] audio KO (99%) wrong=['squeezy', 'ca'] missing=['SQUIIICK']
[08:23:10]       retry audio 2/3
[08:23:34]     [4/7] audio KO (99%) wrong=['squeezy', 'ca'] missing=['SQUIIICK']
[08:23:34]       retry audio 3/3
[08:24:09]     [4/7] audio KO (99%) wrong=['SQUIIICK'] missing=[]
[08:24:23]     [5/7] audio OK (100%)
[08:25:02]     [6/7] audio KO (97%) wrong=['twing'] missing=['«', 'twiiiing', '»']
[08:25:02]       retry audio 2/3
[08:25:14]     [6/7] audio KO (99%) wrong=['twing'] missing=[]
[08:25:14]       retry audio 3/3
[08:25:39]     [6/7] audio KO (99%) wrong=['twing'] missing=['twiiiing']
[08:25:51]     [7/7] audio OK (100%)
[08:25:53]   AUDIO bilan : 5 OK, 2 fail
[08:25:53] <<< END : soir_dragon_planete_skateboard_monstre -> {'key': 'soir_dragon_planete_skateboard_monstre', 'text': 'OK', 'images': '7/7', 'audio': '5/7'}
[08:25:53] 
*** [140/243] soir_dragon_planete_skateboard_robot  (elapsed 12.0h)
[08:25:53] 
======================================================================
>>> START : soir_dragon_planete_skateboard_robot
======================================================================
[08:25:53]   voix pour ce niveau (soir) : fr-FR-Studio-A
[08:25:53]   TEXTE : generation Gemini Pro...
[08:26:41]     OK : 'Brio et l'Étoile de Fer-Blanc' (7 pages)
[08:26:41]   IMAGES : 7 pages a generer/verifier
[08:32:40]   IMAGES bilan : 7 OK, 0 fail
[08:32:40]   AUDIO : 7 MP3s a generer/verifier
[08:32:51]     [1/7] audio OK (100%)
[08:33:09]     [2/7] audio OK (100%)
[08:33:23]     [3/7] audio OK (100%)
[08:33:41]     [4/7] audio OK (100%)
[08:33:56]     [5/7] audio OK (100%)
[08:34:38]     [6/7] audio KO (99%) wrong=['astérisque', 'B', 'Z'] missing=['bzzzzt']
[08:34:38]       retry audio 2/3
[08:35:00]     [6/7] audio KO (99%) wrong=['astérisque', 'B', 'Z'] missing=['bzzzzt']
[08:35:00]       retry audio 3/3
[08:35:32]     [6/7] audio KO (89%) wrong=['astérisque', 'B', 'Z'] missing=['bzzzzt']
[08:35:54]     [7/7] audio OK (100%)
[08:35:56]   AUDIO bilan : 6 OK, 1 fail
[08:35:56] <<< END : soir_dragon_planete_skateboard_robot -> {'key': 'soir_dragon_planete_skateboard_robot', 'text': 'OK', 'images': '7/7', 'audio': '6/7'}
[08:35:56] 
*** [141/243] soir_dragon_planete_skateboard_fantome  (elapsed 12.2h)
[08:35:56] 
======================================================================
>>> START : soir_dragon_planete_skateboard_fantome
======================================================================
[08:35:56]   voix pour ce niveau (soir) : fr-FR-Studio-A
[08:35:56]   TEXTE : generation Gemini Pro...
[08:36:35]     OK : 'Brio et l'Artisan des Étoiles' (7 pages)
[08:36:35]   IMAGES : 7 pages a generer/verifier
[08:42:29]   IMAGES bilan : 7 OK, 0 fail
[08:42:29]   AUDIO : 7 MP3s a generer/verifier
[08:42:40]     [1/7] audio OK (100%)
[08:42:54]     [2/7] audio OK (100%)
[08:43:08]     [3/7] audio OK (100%)
[08:43:20]     [4/7] audio OK (100%)
[08:44:08]     [5/7] audio OK (100%)
[08:44:23]     [6/7] audio OK (100%)
[08:44:45]     [7/7] audio OK (100%)
[08:44:48]   AUDIO bilan : 7 OK, 0 fail
[08:44:48] <<< END : soir_dragon_planete_skateboard_fantome -> {'key': 'soir_dragon_planete_skateboard_fantome', 'text': 'OK', 'images': '7/7', 'audio': '7/7'}
[08:44:48] 
*** [142/243] soir_dragon_planete_guitare_monstre  (elapsed 12.3h)
[08:44:48] 
======================================================================
>>> START : soir_dragon_planete_guitare_monstre
======================================================================
[08:44:48]   voix pour ce niveau (soir) : fr-FR-Studio-A
[08:44:48]   TEXTE : generation Gemini Pro...
[08:45:27]     OK : 'Brio et la Mélodie du Silence' (7 pages)
[08:45:27]   IMAGES : 7 pages a generer/verifier
[08:51:41]   IMAGES bilan : 7 OK, 0 fail
[08:51:41]   AUDIO : 7 MP3s a generer/verifier
[08:51:56]     [1/7] audio OK (100%)
[08:52:28]     [2/7] audio OK (100%)
[08:52:43]     [3/7] audio OK (100%)
[08:53:13]     [4/7] audio KO (97%) wrong=['guitare', 'sept', 'silences'] missing=[]
[08:53:13]       retry audio 2/3
[08:53:27]     [4/7] audio OK (100%)
[08:54:22]     [5/7] audio KO (96%) wrong=['crat', 'qui', 'chuchote'] missing=['Crates-qui-chuchote', 'Guitare', 'Sept']
[08:54:22]       retry audio 2/3
[08:54:57]     [5/7] audio KO (99%) wrong=['crat', 'qui', 'chuchote'] missing=['Crates-qui-chuchote']
[08:54:57]       retry audio 3/3
[08:55:32]     [5/7] audio KO (99%) wrong=["crat'", 'qui', 'chuchote'] missing=['Crates-qui-chuchote']
[08:56:00]     [6/7] audio KO (99%) wrong=['G', 'R', 'O'] missing=['GRONK']
[08:56:00]       retry audio 2/3
[08:56:36]     [6/7] audio KO (98%) wrong=['G', 'R', 'O'] missing=["'GRONK'."]
[08:56:36]       retry audio 3/3
[08:56:55]     [6/7] audio KO (99%) wrong=['G', 'R', 'O'] missing=['GRONK']
[08:57:13]     [7/7] audio OK (100%)
[08:57:15]   AUDIO bilan : 5 OK, 2 fail
[08:57:15] <<< END : soir_dragon_planete_guitare_monstre -> {'key': 'soir_dragon_planete_guitare_monstre', 'text': 'OK', 'images': '7/7', 'audio': '5/7'}
[08:57:15] 
*** [143/243] soir_dragon_planete_guitare_robot  (elapsed 12.6h)
[08:57:15] 
======================================================================
>>> START : soir_dragon_planete_guitare_robot
======================================================================
[08:57:15]   voix pour ce niveau (soir) : fr-FR-Studio-A
[08:57:15]   TEXTE : generation Gemini Pro...
[08:58:05]     OK : 'Brio et la Guitare des Sept Silences' (7 pages)
[08:58:05]   IMAGES : 7 pages a generer/verifier
[09:04:01]   IMAGES bilan : 7 OK, 0 fail
[09:04:01]   AUDIO : 7 MP3s a generer/verifier
[09:04:16]     [1/7] audio OK (100%)
[09:04:37]     [2/7] audio OK (100%)
[09:04:53]     [3/7] audio OK (100%)
[09:05:07]     [4/7] audio OK (100%)
[09:05:24]     [5/7] audio KO (99%) wrong=['furent'] missing=[]
[09:05:24]       retry audio 2/3
[09:05:41]     [5/7] audio KO (99%) wrong=['furent'] missing=['fut']
[09:05:41]       retry audio 3/3
[09:05:54]     [5/7] audio KO (99%) wrong=['furent'] missing=[]
[09:06:13]     [6/7] audio OK (100%)
[09:06:29]     [7/7] audio OK (100%)
[09:06:31]   AUDIO bilan : 6 OK, 1 fail
[09:06:31] <<< END : soir_dragon_planete_guitare_robot -> {'key': 'soir_dragon_planete_guitare_robot', 'text': 'OK', 'images': '7/7', 'audio': '6/7'}
[09:06:31] 
*** [144/243] soir_dragon_planete_guitare_fantome  (elapsed 12.7h)
[09:06:31] 
======================================================================
>>> START : soir_dragon_planete_guitare_fantome
======================================================================
[09:06:31]   voix pour ce niveau (soir) : fr-FR-Studio-A
[09:06:31]   TEXTE : generation Gemini Pro...
[09:07:17]     OK : 'Brio et la Guitare des Sept Silences' (7 pages)
[09:07:17]   IMAGES : 7 pages a generer/verifier
[09:13:14]   IMAGES bilan : 7 OK, 0 fail
[09:13:14]   AUDIO : 7 MP3s a generer/verifier
[09:13:32]     [1/7] audio OK (100%)
[09:13:48]     [2/7] audio OK (100%)
[09:14:10]     [3/7] audio KO (99%) wrong=[] missing=['...']
[09:14:10]       retry audio 2/3
[09:14:33]     [3/7] audio OK (100%)
[09:14:59]     [4/7] audio KO (98%) wrong=['là'] missing=['las']
[09:14:59]       retry audio 2/3
[09:15:21]     [4/7] audio KO (95%) wrong=['guitare', 'sept', 'silences'] missing=[]
[09:15:21]       retry audio 3/3
[09:15:37]     [4/7] audio OK (100%)
[09:16:00]     [5/7] audio OK (100%)
[09:16:32]     [6/7] audio KO (99%) wrong=['moi'] missing=['moi…']
[09:16:32]       retry audio 2/3
[09:17:02]     [6/7] audio KO (99%) wrong=['moi'] missing=['moi…']
[09:17:02]       retry audio 3/3
[09:17:27]     [6/7] audio KO (99%) wrong=[] missing=['…']
[09:17:42]     [7/7] audio OK (100%)
[09:17:44]   AUDIO bilan : 6 OK, 1 fail
[09:17:44] <<< END : soir_dragon_planete_guitare_fantome -> {'key': 'soir_dragon_planete_guitare_fantome', 'text': 'OK', 'images': '7/7', 'audio': '6/7'}
[09:17:45] 
*** [145/243] soir_dragon_chateau_baguette_monstre  (elapsed 12.9h)
[09:17:45] 
======================================================================
>>> START : soir_dragon_chateau_baguette_monstre
======================================================================
[09:17:45]   voix pour ce niveau (soir) : fr-FR-Studio-A
[09:17:45]   TEXTE : generation Gemini Pro...
[09:18:20]     OK : 'Brio et la Mélodie Oubliée' (7 pages)
[09:18:20]   IMAGES : 7 pages a generer/verifier
[09:24:14]   IMAGES bilan : 7 OK, 0 fail
[09:24:14]   AUDIO : 7 MP3s a generer/verifier
[09:24:30]     [1/7] audio KO (99%) wrong=['pétillant'] missing=[]
[09:24:30]       retry audio 2/3
[09:24:46]     [1/7] audio OK (100%)
[09:25:02]     [2/7] audio OK (100%)
[09:25:18]     [3/7] audio OK (100%)
[09:25:32]     [4/7] audio OK (100%)
[09:25:48]     [5/7] audio OK (100%)
[09:26:07]     [6/7] audio OK (100%)
[09:26:19]     [7/7] audio OK (100%)
[09:26:21]   AUDIO bilan : 7 OK, 0 fail
[09:26:21] <<< END : soir_dragon_chateau_baguette_monstre -> {'key': 'soir_dragon_chateau_baguette_monstre', 'text': 'OK', 'images': '7/7', 'audio': '7/7'}
[09:26:21] 
*** [146/243] soir_dragon_chateau_baguette_robot  (elapsed 13.0h)
[09:26:21] 
======================================================================
>>> START : soir_dragon_chateau_baguette_robot
======================================================================
[09:26:21]   voix pour ce niveau (soir) : fr-FR-Studio-A
[09:26:21]   TEXTE : generation Gemini Pro...
[09:27:12]     OK : 'Brio et la lumière oubliée' (7 pages)
[09:27:12]   IMAGES : 7 pages a generer/verifier
[09:33:06]   IMAGES bilan : 7 OK, 0 fail
[09:33:06]   AUDIO : 7 MP3s a generer/verifier
[09:33:21]     [1/7] audio OK (100%)
[09:33:36]     [2/7] audio OK (100%)
[09:33:58]     [3/7] audio KO (99%) wrong=['B.I.P.', 'B.O.U.P.'] missing=['BIP-BOUP']
[09:33:58]       retry audio 2/3
[09:34:20]     [3/7] audio KO (99%) wrong=['BIP-BOUP'] missing=[]
[09:34:20]       retry audio 3/3
[09:34:39]     [3/7] audio KO (99%) wrong=['B.I.P.', 'B.O.U.P.'] missing=['BIP-BOUP']
[09:35:19]     [4/7] audio KO (94%) wrong=["d'étoile", ',', ','] missing=['«', '»', ',']
[09:35:19]       retry audio 2/3
[09:35:49]     [4/7] audio KO (97%) wrong=["d'étoile", 'juste'] missing=[]
[09:35:49]       retry audio 3/3
[09:36:39]     [4/7] audio KO (87%) wrong=["d'étoile", 'bip,', 'boup,'] missing=["d'Étoile", '«', 'bip...']
[09:37:52]     [5/7] audio KO (98%) wrong=['œil', "d'écran", 'bip'] missing=['œil-écran', '« biiiiiip... »']
[09:37:52]       retry audio 2/3
[09:38:20]     [5/7] audio KO (97%) wrong=['bip,'] missing=['«', 'biiiiip...', '»']
[09:38:20]       retry audio 3/3
[09:39:02]     [5/7] audio KO (98%) wrong=['œil', "d'écran", 'bip'] missing=['œil-écran', 'biiiiip...']
[09:39:18]     [6/7] audio OK (100%)
[09:39:52]     [7/7] audio KO (99%) wrong=['Bipbou'] missing=[]
[09:39:52]       retry audio 2/3
[09:40:18]     [7/7] audio KO (99%) wrong=['Bipbou'] missing=[]
[09:40:18]       retry audio 3/3
[09:40:51]     [7/7] audio KO (95%) wrong=['bipboup', 'alarme', 'Bipbou'] missing=['la']
[09:40:53]   AUDIO bilan : 3 OK, 4 fail
[09:40:53] <<< END : soir_dragon_chateau_baguette_robot -> {'key': 'soir_dragon_chateau_baguette_robot', 'text': 'OK', 'images': '7/7', 'audio': '3/7'}
[09:40:53] 
*** [147/243] soir_dragon_chateau_baguette_fantome  (elapsed 13.3h)
[09:40:53] 
======================================================================
>>> START : soir_dragon_chateau_baguette_fantome
======================================================================
[09:40:53]   voix pour ce niveau (soir) : fr-FR-Studio-A
[09:40:53]   TEXTE : generation Gemini Pro...
[09:41:45]     OK : 'Brio et l'Artisan Oublié' (7 pages)
[09:41:45]   IMAGES : 7 pages a generer/verifier
[09:47:35]   IMAGES bilan : 7 OK, 0 fail
[09:47:35]   AUDIO : 7 MP3s a generer/verifier
[09:47:46]     [1/7] audio OK (100%)
[09:48:01]     [2/7] audio OK (100%)
[09:48:14]     [3/7] audio OK (100%)
[09:48:39]     [4/7] audio KO (97%) wrong=['étaient', 'repassés', "d'au"] missing=['éthérés', 'passaient', 'au']
[09:48:39]       retry audio 2/3
[09:48:47]     [4/7] audio OK (100%)
[09:49:00]     [5/7] audio OK (100%)
[09:49:13]     [6/7] audio OK (100%)
[09:49:29]     [7/7] audio OK (100%)
[09:49:31]   AUDIO bilan : 7 OK, 0 fail
[09:49:31] <<< END : soir_dragon_chateau_baguette_fantome -> {'key': 'soir_dragon_chateau_baguette_fantome', 'text': 'OK', 'images': '7/7', 'audio': '7/7'}
[09:49:31] 
*** [148/243] soir_dragon_chateau_skateboard_monstre  (elapsed 13.4h)
[09:49:31] 
======================================================================
>>> START : soir_dragon_chateau_skateboard_monstre
======================================================================
[09:49:31]   voix pour ce niveau (soir) : fr-FR-Studio-A
[09:49:31]   TEXTE : generation Gemini Pro...
[09:50:13]     OK : 'Brio et le visiteur de la tour' (7 pages)
[09:50:13]   IMAGES : 7 pages a generer/verifier
[09:56:10]   IMAGES bilan : 7 OK, 0 fail
[09:56:10]   AUDIO : 7 MP3s a generer/verifier
[09:56:26]     [1/7] audio OK (100%)
[09:56:56]     [2/7] audio KO (94%) wrong=['réveillaient', 'n était', 'très'] missing=['un', 'Rien', 'bien']
[09:56:56]       retry audio 2/3
[09:57:49]     [2/7] audio KO (98%) wrong=['n était', 'chato', 'étrange'] missing=["n'était", 'château']
[09:57:49]       retry audio 3/3
[09:58:01]     [2/7] audio OK (100%)
[09:58:18]     [3/7] audio OK (100%)
[09:58:33]     [4/7] audio OK (100%)
[09:58:51]     [5/7] audio OK (100%)
[09:59:14]     [6/7] audio KO (98%) wrong=['astérisque', 'clic', 'astérisque'] missing=['clic', 'bornes']
[09:59:14]       retry audio 2/3
[09:59:46]     [6/7] audio KO (99%) wrong=['astérisque', 'astérisque', 'borne'] missing=[]
[09:59:46]       retry audio 3/3
[10:00:20]     [6/7] audio KO (98%) wrong=['astérisque', 'astérisque'] missing=[]
[10:00:33]     [7/7] audio OK (100%)
[10:00:35]   AUDIO bilan : 6 OK, 1 fail
[10:00:35] <<< END : soir_dragon_chateau_skateboard_monstre -> {'key': 'soir_dragon_chateau_skateboard_monstre', 'text': 'OK', 'images': '7/7', 'audio': '6/7'}
[10:00:35] 
*** [149/243] soir_dragon_chateau_skateboard_robot  (elapsed 13.6h)
[10:00:35] 
======================================================================
>>> START : soir_dragon_chateau_skateboard_robot
======================================================================
[10:00:35]   voix pour ce niveau (soir) : fr-FR-Studio-A
[10:00:35]   TEXTE : generation Gemini Pro...
[10:01:26]     OK : 'Brio et le visiteur de fer-blanc' (7 pages)
[10:01:26]   IMAGES : 7 pages a generer/verifier
[10:07:14]   IMAGES bilan : 7 OK, 0 fail
[10:07:14]   AUDIO : 7 MP3s a generer/verifier
[10:07:39]     [1/7] audio KO (98%) wrong=['roulette'] missing=['et', 'roulettes']
[10:07:39]       retry audio 2/3
[10:08:01]     [1/7] audio KO (98%) wrong=['roulette'] missing=['et']
[10:08:01]       retry audio 3/3
[10:08:10]     [1/7] audio OK (100%)
[10:08:24]     [2/7] audio OK (100%)
[10:08:42]     [3/7] audio OK (100%)
[10:08:57]     [4/7] audio OK (100%)
[10:09:10]     [5/7] audio OK (100%)
[10:09:27]     [6/7] audio OK (100%)
[10:09:41]     [7/7] audio OK (100%)
[10:09:43]   AUDIO bilan : 7 OK, 0 fail
[10:09:43] <<< END : soir_dragon_chateau_skateboard_robot -> {'key': 'soir_dragon_chateau_skateboard_robot', 'text': 'OK', 'images': '7/7', 'audio': '7/7'}
[10:09:43] 
*** [150/243] soir_dragon_chateau_skateboard_fantome  (elapsed 13.8h)
[10:09:43] 
======================================================================
>>> START : soir_dragon_chateau_skateboard_fantome
======================================================================
[10:09:43]   voix pour ce niveau (soir) : fr-FR-Studio-A
[10:09:43]   TEXTE : generation Gemini Pro...
[10:10:21]     OK : 'Brio et l'Artisan des Murmures' (7 pages)
[10:10:21]   IMAGES : 7 pages a generer/verifier
[10:16:12]   IMAGES bilan : 7 OK, 0 fail
[10:16:12]   AUDIO : 7 MP3s a generer/verifier
[10:16:28]     [1/7] audio OK (100%)
[10:16:45]     [2/7] audio OK (100%)
[10:16:58]     [3/7] audio OK (100%)
[10:17:13]     [4/7] audio OK (100%)
[10:17:33]     [5/7] audio OK (100%)
[10:17:54]     [6/7] audio OK (100%)
[10:18:12]     [7/7] audio OK (100%)
[10:18:14]   AUDIO bilan : 7 OK, 0 fail
[10:18:14] <<< END : soir_dragon_chateau_skateboard_fantome -> {'key': 'soir_dragon_chateau_skateboard_fantome', 'text': 'OK', 'images': '7/7', 'audio': '7/7'}
[10:18:14] 
*** [151/243] soir_dragon_chateau_guitare_monstre  (elapsed 13.9h)
[10:18:14] 
======================================================================
>>> START : soir_dragon_chateau_guitare_monstre
======================================================================
[10:18:14]   voix pour ce niveau (soir) : fr-FR-Studio-A
[10:18:14]   TEXTE : generation Gemini Pro...
[10:18:56]     OK : 'Brio et la Guitare des Sept Silences' (7 pages)
[10:18:56]   IMAGES : 7 pages a generer/verifier
[10:24:52]   IMAGES bilan : 7 OK, 0 fail
[10:24:52]   AUDIO : 7 MP3s a generer/verifier
[10:25:04]     [1/7] audio OK (100%)
[10:25:24]     [2/7] audio OK (100%)
[10:25:39]     [3/7] audio OK (100%)
[10:25:53]     [4/7] audio OK (100%)
[10:26:07]     [5/7] audio OK (100%)
[10:26:31]     [6/7] audio OK (100%)
[10:26:49]     [7/7] audio OK (100%)
[10:26:51]   AUDIO bilan : 7 OK, 0 fail
[10:26:51] <<< END : soir_dragon_chateau_guitare_monstre -> {'key': 'soir_dragon_chateau_guitare_monstre', 'text': 'OK', 'images': '7/7', 'audio': '7/7'}
[10:26:51] 
*** [152/243] soir_dragon_chateau_guitare_robot  (elapsed 14.0h)
[10:26:51] 
======================================================================
>>> START : soir_dragon_chateau_guitare_robot
======================================================================
[10:26:51]   voix pour ce niveau (soir) : fr-FR-Studio-A
[10:26:51]   TEXTE : generation Gemini Pro...
[10:27:43]     OK : 'Brio et la Guitare des Sept Silences' (7 pages)
[10:27:43]   IMAGES : 7 pages a generer/verifier
[10:33:38]   IMAGES bilan : 7 OK, 0 fail
[10:33:38]   AUDIO : 7 MP3s a generer/verifier
[10:33:54]     [1/7] audio OK (100%)
[10:34:24]     [2/7] audio KO (98%) wrong=['guitare', 'sept'] missing=[]
[10:34:24]       retry audio 2/3
[10:34:44]     [2/7] audio KO (97%) wrong=['guitare', 'sept', 'silences'] missing=[]
[10:34:44]       retry audio 3/3
[10:34:57]     [2/7] audio OK (100%)
[10:35:16]     [3/7] audio OK (100%)
[10:35:31]     [4/7] audio OK (100%)
[10:35:48]     [5/7] audio KO (99%) wrong=['bruit'] missing=['bruits']
[10:35:48]       retry audio 2/3
[10:36:14]     [5/7] audio KO (99%) wrong=['bruit'] missing=['bruits']
[10:36:14]       retry audio 3/3
[10:36:30]     [5/7] audio KO (99%) wrong=['bruit'] missing=['bruits']
[10:36:48]     [6/7] audio OK (100%)
[10:37:05]     [7/7] audio OK (100%)
[10:37:07]   AUDIO bilan : 6 OK, 1 fail
[10:37:07] <<< END : soir_dragon_chateau_guitare_robot -> {'key': 'soir_dragon_chateau_guitare_robot', 'text': 'OK', 'images': '7/7', 'audio': '6/7'}
[10:37:07] 
*** [153/243] soir_dragon_chateau_guitare_fantome  (elapsed 14.2h)
[10:37:07] 
======================================================================
>>> START : soir_dragon_chateau_guitare_fantome
======================================================================
[10:37:07]   voix pour ce niveau (soir) : fr-FR-Studio-A
[10:37:07]   TEXTE : generation Gemini Pro...
[10:37:44]     OK : 'Brio et la Guitare des Sept Silences' (7 pages)
[10:37:44]   IMAGES : 7 pages a generer/verifier
[10:42:57]   IMAGES bilan : 7 OK, 0 fail
[10:42:57]   AUDIO : 7 MP3s a generer/verifier
[10:43:12]     [1/7] audio OK (100%)
[10:43:31]     [2/7] audio OK (100%)
[10:43:48]     [3/7] audio OK (100%)
[10:44:07]     [4/7] audio OK (100%)
[10:44:30]     [5/7] audio OK (100%)
[10:44:44]     [6/7] audio OK (100%)
[10:45:05]     [7/7] audio KO (99%) wrong=['histoire'] missing=[]
[10:45:05]       retry audio 2/3
[10:45:29]     [7/7] audio KO (99%) wrong=['histoire'] missing=['histoires']
[10:45:29]       retry audio 3/3
[10:45:47]     [7/7] audio KO (99%) wrong=['histoire'] missing=[]
[10:45:50]   AUDIO bilan : 6 OK, 1 fail
[10:45:50] <<< END : soir_dragon_chateau_guitare_fantome -> {'key': 'soir_dragon_chateau_guitare_fantome', 'text': 'OK', 'images': '7/7', 'audio': '6/7'}
[10:45:50] 
*** [154/243] soir_dragon_ocean_baguette_monstre  (elapsed 14.4h)
[10:45:50] 
======================================================================
>>> START : soir_dragon_ocean_baguette_monstre
======================================================================
[10:45:50]   voix pour ce niveau (soir) : fr-FR-Studio-A
[10:45:50]   TEXTE : generation Gemini Pro...
[10:46:30]     OK : 'Brio et le Chemin des Étoiles' (7 pages)
[10:46:30]   IMAGES : 7 pages a generer/verifier
[10:52:28]   IMAGES bilan : 7 OK, 0 fail
[10:52:28]   AUDIO : 7 MP3s a generer/verifier
[10:54:06]     [1/7] audio OK (100%)
[10:54:22]     [2/7] audio OK (100%)
[10:54:40]     [3/7] audio OK (100%)
[10:54:53]     [4/7] audio OK (100%)
[10:55:08]     [5/7] audio OK (100%)
[10:55:28]     [6/7] audio KO (99%) wrong=['étoile'] missing=[]
[10:55:28]       retry audio 2/3
[10:55:45]     [6/7] audio KO (99%) wrong=['étoile,'] missing=[]
[10:55:45]       retry audio 3/3
[10:56:00]     [6/7] audio KO (99%) wrong=['Étoile'] missing=[]
[10:56:16]     [7/7] audio OK (100%)
[10:56:18]   AUDIO bilan : 6 OK, 1 fail
[10:56:18] <<< END : soir_dragon_ocean_baguette_monstre -> {'key': 'soir_dragon_ocean_baguette_monstre', 'text': 'OK', 'images': '7/7', 'audio': '6/7'}
[10:56:18] 
*** [155/243] soir_dragon_ocean_baguette_robot  (elapsed 14.5h)
[10:56:18] 
======================================================================
>>> START : soir_dragon_ocean_baguette_robot
======================================================================
[10:56:18]   voix pour ce niveau (soir) : fr-FR-Studio-A
[10:56:18]   TEXTE : generation Gemini Pro...
[10:57:08]     OK : 'Brio et la Mélodie des Étoiles' (7 pages)
[10:57:08]   IMAGES : 7 pages a generer/verifier
[11:03:08]   IMAGES bilan : 7 OK, 0 fail
[11:03:08]   AUDIO : 7 MP3s a generer/verifier
[11:03:24]     [1/7] audio OK (100%)
[11:03:46]     [2/7] audio OK (100%)
[11:04:02]     [3/7] audio OK (100%)
[11:04:19]     [4/7] audio OK (100%)
[11:05:05]     [5/7] audio KO (95%) wrong=['voleur,', 'il', 'perdu'] missing=['voleur.', 'Il', 'perdu,']
[11:05:05]       retry audio 2/3
[11:05:24]     [5/7] audio OK (100%)
[11:05:39]     [6/7] audio OK (100%)
[11:05:53]     [7/7] audio OK (100%)
[11:05:55]   AUDIO bilan : 7 OK, 0 fail
[11:05:55] <<< END : soir_dragon_ocean_baguette_robot -> {'key': 'soir_dragon_ocean_baguette_robot', 'text': 'OK', 'images': '7/7', 'audio': '7/7'}
[11:05:55] 
*** [156/243] soir_dragon_ocean_baguette_fantome  (elapsed 14.7h)
[11:05:55] 
======================================================================
>>> START : soir_dragon_ocean_baguette_fantome
======================================================================
[11:05:55]   voix pour ce niveau (soir) : fr-FR-Studio-A
[11:05:55]   TEXTE : generation Gemini Pro...
[11:06:41]     OK : 'Brio et le Sculpteur d'Étoiles' (7 pages)
[11:06:41]   IMAGES : 7 pages a generer/verifier
[11:12:30]   IMAGES bilan : 7 OK, 0 fail
[11:12:30]   AUDIO : 7 MP3s a generer/verifier
[11:12:46]     [1/7] audio OK (100%)
[11:13:02]     [2/7] audio OK (100%)
[11:13:17]     [3/7] audio OK (100%)
[11:13:36]     [4/7] audio OK (100%)
[11:13:54]     [5/7] audio KO (99%) wrong=["d'étoiles"] missing=[]
[11:13:54]       retry audio 2/3
[11:14:06]     [5/7] audio OK (100%)
[11:14:29]     [6/7] audio OK (100%)
[11:14:51]     [7/7] audio OK (100%)
[11:14:53]   AUDIO bilan : 7 OK, 0 fail
[11:14:53] <<< END : soir_dragon_ocean_baguette_fantome -> {'key': 'soir_dragon_ocean_baguette_fantome', 'text': 'OK', 'images': '7/7', 'audio': '7/7'}
[11:14:53] 
*** [157/243] soir_dragon_ocean_skateboard_monstre  (elapsed 14.8h)
[11:14:53] 
======================================================================
>>> START : soir_dragon_ocean_skateboard_monstre
======================================================================
[11:14:53]   voix pour ce niveau (soir) : fr-FR-Studio-A
[11:14:53]   TEXTE : generation Gemini Pro...
[11:15:37]     OK : 'Brio et l'Étoile Perdue' (7 pages)
[11:15:37]   IMAGES : 7 pages a generer/verifier
[11:21:21]   IMAGES bilan : 7 OK, 0 fail
[11:21:21]   AUDIO : 7 MP3s a generer/verifier
[11:21:41]     [1/7] audio KO (99%) wrong=['bioluminescent'] missing=['bioluminescents']
[11:21:41]       retry audio 2/3
[11:22:08]     [1/7] audio KO (99%) wrong=['bioluminescent'] missing=['bioluminescents']
[11:22:08]       retry audio 3/3
[11:22:21]     [1/7] audio OK (100%)
[11:22:46]     [2/7] audio OK (100%)
[11:23:00]     [3/7] audio OK (100%)
[11:23:19]     [4/7] audio OK (100%)
[11:23:36]     [5/7] audio OK (100%)
[11:23:55]     [6/7] audio OK (100%)
[11:24:17]     [7/7] audio OK (100%)
[11:24:19]   AUDIO bilan : 7 OK, 0 fail
[11:24:19] <<< END : soir_dragon_ocean_skateboard_monstre -> {'key': 'soir_dragon_ocean_skateboard_monstre', 'text': 'OK', 'images': '7/7', 'audio': '7/7'}
[11:24:19] 
*** [158/243] soir_dragon_ocean_skateboard_robot  (elapsed 15.0h)
[11:24:19] 
======================================================================
>>> START : soir_dragon_ocean_skateboard_robot
======================================================================
[11:24:19]   voix pour ce niveau (soir) : fr-FR-Studio-A
[11:24:19]   TEXTE : generation Gemini Pro...
[11:25:10]     OK : 'Brio et la Lumière du Coeur' (7 pages)
[11:25:10]   IMAGES : 7 pages a generer/verifier
[11:31:04]   IMAGES bilan : 7 OK, 0 fail
[11:31:04]   AUDIO : 7 MP3s a generer/verifier
[11:31:15]     [1/7] audio OK (100%)
[11:31:29]     [2/7] audio OK (100%)
[11:31:45]     [3/7] audio OK (100%)
[11:32:02]     [4/7] audio OK (100%)
[11:32:20]     [5/7] audio OK (100%)
[11:32:42]     [6/7] audio OK (100%)
[11:33:04]     [7/7] audio OK (100%)
[11:33:06]   AUDIO bilan : 7 OK, 0 fail
[11:33:06] <<< END : soir_dragon_ocean_skateboard_robot -> {'key': 'soir_dragon_ocean_skateboard_robot', 'text': 'OK', 'images': '7/7', 'audio': '7/7'}
[11:33:06] 
*** [159/243] soir_dragon_ocean_skateboard_fantome  (elapsed 15.1h)
[11:33:06] 
======================================================================
>>> START : soir_dragon_ocean_skateboard_fantome
======================================================================
[11:33:06]   voix pour ce niveau (soir) : fr-FR-Studio-A
[11:33:06]   TEXTE : generation Gemini Pro...
[11:33:58]     OK : 'Brio et l'Artisan des Vagues' (7 pages)
[11:33:58]   IMAGES : 7 pages a generer/verifier
[11:39:57]   IMAGES bilan : 7 OK, 0 fail
[11:39:57]   AUDIO : 7 MP3s a generer/verifier
[11:40:12]     [1/7] audio OK (100%)
[11:40:29]     [2/7] audio OK (100%)
[11:40:49]     [3/7] audio OK (100%)
[11:41:08]     [4/7] audio OK (100%)
[11:41:33]     [5/7] audio KO (98%) wrong=['fusée', 'je'] missing=['Fusee', 'Je']
[11:41:33]       retry audio 2/3
[11:41:49]     [5/7] audio KO (99%) wrong=['fusée'] missing=[]
[11:41:49]       retry audio 3/3
[11:42:06]     [5/7] audio KO (99%) wrong=['fusée'] missing=[]
[11:42:33]     [6/7] audio OK (100%)
[11:42:46]     [7/7] audio OK (100%)
[11:42:48]   AUDIO bilan : 6 OK, 1 fail
[11:42:48] <<< END : soir_dragon_ocean_skateboard_fantome -> {'key': 'soir_dragon_ocean_skateboard_fantome', 'text': 'OK', 'images': '7/7', 'audio': '6/7'}
[11:42:48] 
*** [160/243] soir_dragon_ocean_guitare_monstre  (elapsed 15.3h)
[11:42:48] 
======================================================================
>>> START : soir_dragon_ocean_guitare_monstre
======================================================================
[11:42:48]   voix pour ce niveau (soir) : fr-FR-Studio-A
[11:42:48]   TEXTE : generation Gemini Pro...
[11:43:40]     OK : 'Brio et le Silence de la Mer' (7 pages)
[11:43:40]   IMAGES : 7 pages a generer/verifier
[11:49:38]   IMAGES bilan : 7 OK, 0 fail
[11:49:38]   AUDIO : 7 MP3s a generer/verifier
[11:49:51]     [1/7] audio OK (100%)
[11:50:19]     [2/7] audio KO (99%) wrong=['pou'] missing=['pouls']
[11:50:19]       retry audio 2/3
[11:50:41]     [2/7] audio KO (99%) wrong=['pou'] missing=['pouls']
[11:50:41]       retry audio 3/3
[11:51:00]     [2/7] audio KO (99%) wrong=['pou'] missing=[]
[11:51:14]     [3/7] audio OK (100%)
[11:51:27]     [4/7] audio OK (100%)
[11:51:41]     [5/7] audio OK (100%)
[11:52:01]     [6/7] audio OK (100%)
[11:52:30]     [7/7] audio KO (99%) wrong=["d'Aural"] missing=[]
[11:52:30]       retry audio 2/3
[11:52:51]     [7/7] audio OK (100%)
[11:52:53]   AUDIO bilan : 6 OK, 1 fail
[11:52:53] <<< END : soir_dragon_ocean_guitare_monstre -> {'key': 'soir_dragon_ocean_guitare_monstre', 'text': 'OK', 'images': '7/7', 'audio': '6/7'}
[11:52:53] 
*** [161/243] soir_dragon_ocean_guitare_robot  (elapsed 15.5h)
[11:52:53] 
======================================================================
>>> START : soir_dragon_ocean_guitare_robot
======================================================================
[11:52:53]   voix pour ce niveau (soir) : fr-FR-Studio-A
[11:52:53]   TEXTE : generation Gemini Pro...
[11:53:32]     OK : 'Brio et la Guitare des Silences' (7 pages)
[11:53:32]   IMAGES : 7 pages a generer/verifier
[11:59:30]   IMAGES bilan : 7 OK, 0 fail
[11:59:30]   AUDIO : 7 MP3s a generer/verifier
[11:59:56]     [1/7] audio KO (97%) wrong=['Mer', 'aigue-marine', 'bioluminescents'] missing=[]
[11:59:56]       retry audio 2/3
[12:00:14]     [1/7] audio KO (99%) wrong=['bioluminescent'] missing=[]
[12:00:14]       retry audio 3/3
[12:00:35]     [1/7] audio KO (99%) wrong=['bioluminescent'] missing=['bioluminescents']
[12:00:48]     [2/7] audio OK (100%)
[12:01:02]     [3/7] audio OK (100%)
[12:01:19]     [4/7] audio OK (100%)
[12:01:38]     [5/7] audio OK (100%)
[12:02:00]     [6/7] audio OK (100%)
[12:02:18]     [7/7] audio OK (100%)
[12:02:20]   AUDIO bilan : 6 OK, 1 fail
[12:02:20] <<< END : soir_dragon_ocean_guitare_robot -> {'key': 'soir_dragon_ocean_guitare_robot', 'text': 'OK', 'images': '7/7', 'audio': '6/7'}
[12:02:20] 
*** [162/243] soir_dragon_ocean_guitare_fantome  (elapsed 15.6h)
[12:02:20] 
======================================================================
>>> START : soir_dragon_ocean_guitare_fantome
======================================================================
[12:02:20]   voix pour ce niveau (soir) : fr-FR-Studio-A
[12:02:20]   TEXTE : generation Gemini Pro...
[12:03:07]     OK : 'Brio et la Guitare des Sept Silences' (7 pages)
[12:03:07]   IMAGES : 7 pages a generer/verifier
[12:09:07]   IMAGES bilan : 7 OK, 0 fail
[12:09:07]   AUDIO : 7 MP3s a generer/verifier
[12:09:20]     [1/7] audio OK (100%)
[12:09:33]     [2/7] audio OK (100%)
[12:09:47]     [3/7] audio OK (100%)
[12:10:19]     [4/7] audio KO (99%) wrong=["n'est"] missing=[]
[12:10:19]       retry audio 2/3
[12:10:42]     [4/7] audio KO (99%) wrong=["N'est"] missing=[]
[12:10:42]       retry audio 3/3
[12:11:09]     [4/7] audio KO (99%) wrong=["N'aie"] missing=[]
[12:11:26]     [5/7] audio OK (100%)
[12:11:45]     [6/7] audio KO (99%) wrong=["d'Oral"] missing=[]
[12:11:45]       retry audio 2/3
[12:12:07]     [6/7] audio KO (99%) wrong=["d'Oral"] missing=["d'Aural"]
[12:12:07]       retry audio 3/3
[12:13:44]     [6/7] audio KO (99%) wrong=["Mer d'Aural", 'partageait', 'brisait'] missing=[]
[12:14:21]     [7/7] audio OK (100%)
[12:14:23]   AUDIO bilan : 5 OK, 2 fail
[12:14:23] <<< END : soir_dragon_ocean_guitare_fantome -> {'key': 'soir_dragon_ocean_guitare_fantome', 'text': 'OK', 'images': '7/7', 'audio': '5/7'}
[12:14:23] 
*** [163/243] aventure_astronaute_planete_baguette_monstre  (elapsed 15.8h)
[12:14:23] 
======================================================================
>>> START : aventure_astronaute_planete_baguette_monstre
======================================================================
[12:14:23]   voix pour ce niveau (aventure) : fr-FR-Neural2-A
[12:14:23]   TEXTE : generation Gemini Pro...
[12:15:20]     OK : 'Léa et le Monstre de Poussière d'Étoiles' (10 pages)
[12:15:20]   IMAGES : 10 pages a generer/verifier
[12:24:09]   IMAGES bilan : 10 OK, 0 fail
[12:24:09]   AUDIO : 10 MP3s a generer/verifier
[12:24:24]     [1/10] audio OK (100%)
[12:24:44]     [2/10] audio OK (100%)
[12:25:04]     [3/10] audio OK (100%)
[12:25:27]     [4/10] audio OK (100%)
[12:25:40]     [5/10] audio OK (100%)
[12:25:54]     [6/10] audio OK (100%)
[12:26:16]     [7/10] audio KO (98%) wrong=["n'y", 'Vega 7'] missing=[]
[12:26:16]       retry audio 2/3
[12:26:55]     [7/10] audio KO (99%) wrong=["n'y"] missing=['y']
[12:26:55]       retry audio 3/3
[12:27:15]     [7/10] audio KO (99%) wrong=["n'"] missing=[]
[12:27:35]     [8/10] audio OK (100%)
[12:28:04]     [9/10] audio KO (97%) wrong=['étoile', "l'accueillit"] missing=[]
[12:28:04]       retry audio 2/3
[12:28:33]     [9/10] audio KO (98%) wrong=["l'accueillit"] missing=['la', 'cueillit']
[12:28:33]       retry audio 3/3
[12:28:55]     [9/10] audio KO (98%) wrong=["l'accueillit"] missing=['la', 'cueillit']
[12:29:13]     [10/10] audio OK (100%)
[12:29:15]   AUDIO bilan : 8 OK, 2 fail
[12:29:15] <<< END : aventure_astronaute_planete_baguette_monstre -> {'key': 'aventure_astronaute_planete_baguette_monstre', 'text': 'OK', 'images': '10/10', 'audio': '8/10'}
[12:29:15] 
*** [164/243] aventure_astronaute_planete_baguette_robot  (elapsed 16.1h)
[12:29:15] 
======================================================================
>>> START : aventure_astronaute_planete_baguette_robot
======================================================================
[12:29:15]   voix pour ce niveau (aventure) : fr-FR-Neural2-A
[12:29:15]   TEXTE : generation Gemini Pro...
[12:30:15]     OK : 'Léa et le Navigateur Égaré' (10 pages)
[12:30:15]   IMAGES : 10 pages a generer/verifier
[12:39:12]   IMAGES bilan : 10 OK, 0 fail
[12:39:12]   AUDIO : 10 MP3s a generer/verifier
[12:39:25]     [1/10] audio OK (100%)
[12:39:41]     [2/10] audio OK (100%)
[12:40:12]     [3/10] audio OK (100%)
[12:40:32]     [4/10] audio KO (99%) wrong=['Bipboup'] missing=[]
[12:40:32]       retry audio 2/3
[12:40:47]     [4/10] audio OK (100%)
[12:41:09]     [5/10] audio OK (100%)
[12:41:32]     [6/10] audio KO (99%) wrong=["s'ouvrir"] missing=["s'ouvrirent"]
[12:41:32]       retry audio 2/3
[12:41:56]     [6/10] audio KO (98%) wrong=['écran', "s'ouvrir"] missing=['œil-écran', "s'ouvrirent"]
[12:41:56]       retry audio 3/3
[12:42:47]     [6/10] audio KO (98%) wrong=['œil', 'écran', "s'ouvrir"] missing=['œil-écran', "s'ouvrirent"]
[12:43:06]     [7/10] audio OK (100%)
[12:43:22]     [8/10] audio OK (100%)
[12:43:45]     [9/10] audio OK (100%)
[12:43:58]     [10/10] audio OK (100%)
[12:44:00]   AUDIO bilan : 9 OK, 1 fail
[12:44:00] <<< END : aventure_astronaute_planete_baguette_robot -> {'key': 'aventure_astronaute_planete_baguette_robot', 'text': 'OK', 'images': '10/10', 'audio': '9/10'}
[12:44:00] 
*** [165/243] aventure_astronaute_planete_baguette_fantome  (elapsed 16.3h)
[12:44:00] 
======================================================================
>>> START : aventure_astronaute_planete_baguette_fantome
======================================================================
[12:44:00]   voix pour ce niveau (aventure) : fr-FR-Neural2-A
[12:44:00]   TEXTE : generation Gemini Pro...
[12:44:57]     OK : 'Léa et le Fantôme de Vega-7' (10 pages)
[12:44:57]   IMAGES : 10 pages a generer/verifier
[12:53:43]   IMAGES bilan : 10 OK, 0 fail
[12:53:43]   AUDIO : 10 MP3s a generer/verifier
[12:54:05]     [1/10] audio OK (100%)
[12:54:21]     [2/10] audio OK (100%)
[12:54:40]     [3/10] audio OK (100%)
[12:55:10]     [4/10] audio OK (100%)
[12:55:35]     [5/10] audio OK (100%)
[12:56:20]     [6/10] audio KO (96%) wrong=['Ma', ','] missing=['Le', '«', '...']
[12:56:20]       retry audio 2/3
[12:56:38]     [6/10] audio KO (99%) wrong=['Ma'] missing=['Le']
[12:56:38]       retry audio 3/3
[12:57:03]     [6/10] audio KO (99%) wrong=['Ma'] missing=['Le']
[12:57:22]     [7/10] audio OK (100%)
[12:57:40]     [8/10] audio OK (100%)
[12:58:08]     [9/10] audio KO (98%) wrong=["L'océan"] missing=['Le', 'ciel']
[12:58:08]       retry audio 2/3
[12:58:19]     [9/10] audio OK (100%)
[12:58:37]     [10/10] audio OK (100%)
[12:58:39]   AUDIO bilan : 9 OK, 1 fail
[12:58:39] <<< END : aventure_astronaute_planete_baguette_fantome -> {'key': 'aventure_astronaute_planete_baguette_fantome', 'text': 'OK', 'images': '10/10', 'audio': '9/10'}
[12:58:39] 
*** [166/243] aventure_astronaute_planete_skateboard_monstre  (elapsed 16.6h)
[12:58:39] 
======================================================================
>>> START : aventure_astronaute_planete_skateboard_monstre
======================================================================
[12:58:39]   voix pour ce niveau (aventure) : fr-FR-Neural2-A
[12:58:39]   TEXTE : generation Gemini Pro...
[12:59:35]     OK : 'Léa et la Lumière de Vega-7' (10 pages)
[12:59:35]   IMAGES : 10 pages a generer/verifier
[13:08:20]   IMAGES bilan : 10 OK, 0 fail
[13:08:20]   AUDIO : 10 MP3s a generer/verifier
[13:08:37]     [1/10] audio KO (99%) wrong=['roulette'] missing=['roulettes']
[13:08:37]       retry audio 2/3
[13:08:52]     [1/10] audio OK (100%)
[13:09:27]     [2/10] audio KO (99%) wrong=['fusée'] missing=[]
[13:09:27]       retry audio 2/3
[13:09:49]     [2/10] audio OK (100%)
[13:10:09]     [3/10] audio KO (99%) wrong=['laisse'] missing=[]
[13:10:09]       retry audio 2/3
[13:10:22]     [3/10] audio OK (100%)
[13:10:43]     [4/10] audio KO (98%) wrong=['Ma', 'Z.O.U.F'] missing=[]
[13:10:43]       retry audio 2/3
[13:11:04]     [4/10] audio KO (99%) wrong=['Z', 'O', 'U'] missing=['ZOUF']
[13:11:04]       retry audio 3/3
[13:11:23]     [4/10] audio KO (99%) wrong=['Z.O.U.F'] missing=[]
[13:11:35]     [5/10] audio OK (100%)
[13:12:01]     [6/10] audio KO (99%) wrong=['violets'] missing=[]
[13:12:01]       retry audio 2/3
[13:12:27]     [6/10] audio KO (99%) wrong=['Mais,'] missing=['Mais...']
[13:12:27]       retry audio 3/3
[13:12:44]     [6/10] audio OK (100%)
[13:12:58]     [7/10] audio OK (100%)
[13:13:20]     [8/10] audio KO (99%) wrong=['La'] missing=['Le']
[13:13:20]       retry audio 2/3
[13:13:37]     [8/10] audio KO (99%) wrong=['La'] missing=['Le']
[13:13:37]       retry audio 3/3
[13:13:47]     [8/10] audio OK (100%)
[13:14:01]     [9/10] audio OK (100%)
[13:14:25]     [10/10] audio OK (100%)
[13:14:27]   AUDIO bilan : 9 OK, 1 fail
[13:14:27] <<< END : aventure_astronaute_planete_skateboard_monstre -> {'key': 'aventure_astronaute_planete_skateboard_monstre', 'text': 'OK', 'images': '10/10', 'audio': '9/10'}
[13:14:27] 
*** [167/243] aventure_astronaute_planete_skateboard_robot  (elapsed 16.8h)
[13:14:27] 
======================================================================
>>> START : aventure_astronaute_planete_skateboard_robot
======================================================================
[13:14:27]   voix pour ce niveau (aventure) : fr-FR-Neural2-A
[13:14:27]   TEXTE : generation Gemini Pro...
[13:15:29]     OK : 'Léa et le Réparateur d'Étoiles' (10 pages)
[13:15:29]   IMAGES : 10 pages a generer/verifier
[13:24:20]   IMAGES bilan : 10 OK, 0 fail
[13:24:20]   AUDIO : 10 MP3s a generer/verifier
[13:24:29]     [1/10] audio OK (100%)
[13:24:47]     [2/10] audio KO (98%) wrong=['Ma', 'bon'] missing=['Le', 'bond']
[13:24:47]       retry audio 2/3
[13:25:10]     [2/10] audio KO (99%) wrong=['Ma'] missing=[]
[13:25:10]       retry audio 3/3
[13:25:29]     [2/10] audio KO (96%) wrong=['Ma', 'bon'] missing=['Le', 'bond']
[13:25:47]     [3/10] audio OK (100%)
[13:26:07]     [4/10] audio KO (99%) wrong=['Ma'] missing=['Le']
[13:26:07]       retry audio 2/3
[13:26:20]     [4/10] audio OK (100%)
[13:27:00]     [5/10] audio KO (97%) wrong=['astérisque', 'clan', 'astérisque'] missing=['CLANG', 'BZZT', 'Hé']
[13:27:00]       retry audio 2/3
[13:27:28]     [5/10] audio KO (97%) wrong=['astérisque', 'clan', 'astérisque'] missing=['CLANG', 'BZZT']
[13:27:28]       retry audio 3/3
[13:28:13]     [5/10] audio KO (95%) wrong=['astérisque', 'clan', 'astérisque'] missing=['CLANG', 'BZZT', 'robot-conserve']
[13:28:41]     [6/10] audio KO (99%) wrong=['Ma'] missing=[]
[13:28:41]       retry audio 2/3
[13:29:02]     [6/10] audio KO (99%) wrong=['Ma'] missing=[]
[13:29:02]       retry audio 3/3
[13:29:31]     [6/10] audio KO (99%) wrong=['Ma'] missing=[]
[13:29:46]     [7/10] audio OK (100%)
[13:30:05]     [8/10] audio KO (99%) wrong=['Ma'] missing=['Le']
[13:30:05]       retry audio 2/3
[13:30:23]     [8/10] audio KO (99%) wrong=['Ma'] missing=[]
[13:30:23]       retry audio 3/3
[13:30:44]     [8/10] audio KO (99%) wrong=['Ma'] missing=['Le']
[13:31:05]     [9/10] audio OK (100%)
[13:31:56]     [10/10] audio KO (99%) wrong=['Vega-7'] missing=[]
[13:31:56]       retry audio 2/3
[13:32:28]     [10/10] audio OK (100%)
[13:32:30]   AUDIO bilan : 6 OK, 4 fail
[13:32:30] <<< END : aventure_astronaute_planete_skateboard_robot -> {'key': 'aventure_astronaute_planete_skateboard_robot', 'text': 'OK', 'images': '10/10', 'audio': '6/10'}
[13:32:30] 
*** [168/243] aventure_astronaute_planete_skateboard_fantome  (elapsed 17.1h)
[13:32:30] 
======================================================================
>>> START : aventure_astronaute_planete_skateboard_fantome
======================================================================
[13:32:30]   voix pour ce niveau (aventure) : fr-FR-Neural2-A
[13:32:30]   TEXTE : generation Gemini Pro...
[13:33:37]     OK : 'Léa et le Sculpteur d'Étoiles' (10 pages)
[13:33:37]   IMAGES : 10 pages a generer/verifier
[13:42:29]   IMAGES bilan : 10 OK, 0 fail
[13:42:29]   AUDIO : 10 MP3s a generer/verifier
[13:42:40]     [1/10] audio OK (100%)
[13:42:57]     [2/10] audio OK (100%)
[13:43:12]     [3/10] audio OK (100%)
[13:43:40]     [4/10] audio KO (99%) wrong=['étrange,'] missing=['étrange...']
[13:43:40]       retry audio 2/3
[13:43:54]     [4/10] audio OK (100%)
[13:44:26]     [5/10] audio KO (99%) wrong=['7'] missing=['Vega-7']
[13:44:26]       retry audio 2/3
[13:45:03]     [5/10] audio KO (99%) wrong=['Vega', '7'] missing=['Vega-7']
[13:45:03]       retry audio 3/3
[13:45:34]     [5/10] audio KO (99%) wrong=['Vega', '7'] missing=['Vega-7']
[13:45:54]     [6/10] audio OK (100%)
[13:46:22]     [7/10] audio OK (100%)
[13:47:09]     [8/10] audio OK (100%)
[13:47:24]     [9/10] audio OK (100%)
[13:47:44]     [10/10] audio OK (100%)
[13:47:46]   AUDIO bilan : 9 OK, 1 fail
[13:47:46] <<< END : aventure_astronaute_planete_skateboard_fantome -> {'key': 'aventure_astronaute_planete_skateboard_fantome', 'text': 'OK', 'images': '10/10', 'audio': '9/10'}
[13:47:46] 
*** [169/243] aventure_astronaute_planete_guitare_monstre  (elapsed 17.4h)
[13:47:46] 
======================================================================
>>> START : aventure_astronaute_planete_guitare_monstre
======================================================================
[13:47:46]   voix pour ce niveau (aventure) : fr-FR-Neural2-A
[13:47:46]   TEXTE : generation Gemini Pro...
[13:48:42]     OK : 'Léa et le Silence de Grobi' (10 pages)
[13:48:42]   IMAGES : 10 pages a generer/verifier
[13:57:27]   IMAGES bilan : 10 OK, 0 fail
[13:57:27]   AUDIO : 10 MP3s a generer/verifier
[13:57:40]     [1/10] audio OK (100%)
[13:58:01]     [2/10] audio KO (99%) wrong=['SAS'] missing=['sas']
[13:58:01]       retry audio 2/3
[13:58:22]     [2/10] audio KO (99%) wrong=['SAS'] missing=['sas']
[13:58:22]       retry audio 3/3
[13:58:43]     [2/10] audio OK (100%)
[13:59:29]     [3/10] audio KO (99%) wrong=['Vega', '7'] missing=['Vega-7']
[13:59:29]       retry audio 2/3
[13:59:53]     [3/10] audio KO (96%) wrong=['guitare', 'sept', 'silences'] missing=['Guitare', 'Sept', 'Silences']
[13:59:53]       retry audio 3/3
[14:00:24]     [3/10] audio OK (100%)
[14:01:25]     [4/10] audio OK (100%)
[14:01:44]     [5/10] audio OK (100%)
[14:01:59]     [6/10] audio OK (100%)
[14:02:26]     [7/10] audio KO (99%) wrong=['Ma'] missing=['Le']
[14:02:26]       retry audio 2/3
[14:02:36]     [7/10] audio OK (100%)
[14:02:54]     [8/10] audio OK (100%)
[14:03:17]     [9/10] audio OK (100%)
[14:03:45]     [10/10] audio KO (99%) wrong=['Vega', 'sept'] missing=['Vega-7']
[14:03:45]       retry audio 2/3
[14:04:05]     [10/10] audio OK (100%)
[14:04:07]   AUDIO bilan : 10 OK, 0 fail
[14:04:07] <<< END : aventure_astronaute_planete_guitare_monstre -> {'key': 'aventure_astronaute_planete_guitare_monstre', 'text': 'OK', 'images': '10/10', 'audio': '10/10'}
[14:04:07] 
*** [170/243] aventure_astronaute_planete_guitare_robot  (elapsed 17.7h)
[14:04:07] 
======================================================================
>>> START : aventure_astronaute_planete_guitare_robot
======================================================================
[14:04:07]   voix pour ce niveau (aventure) : fr-FR-Neural2-A
[14:04:07]   TEXTE : generation Gemini Pro...
[14:05:12]     OK : 'Léa et la Guitare des Sept Silences' (10 pages)
[14:05:12]   IMAGES : 10 pages a generer/verifier
[14:13:59]   IMAGES bilan : 10 OK, 0 fail
[14:13:59]   AUDIO : 10 MP3s a generer/verifier
[14:14:19]     [1/10] audio OK (100%)
[14:14:36]     [2/10] audio OK (100%)
[14:15:01]     [3/10] audio OK (100%)
[14:15:34]     [4/10] audio KO (97%) wrong=['B.I.P.', 'B.O.U.P.', 'W.H.E.E.E.'] missing=['BIP-BOUP-WHEEEE', 'Véga-7', 'bric']
[14:15:34]       retry audio 2/3
[14:16:14]     [4/10] audio KO (98%) wrong=['B', 'I', 'P'] missing=['BIP-BOUP-WHEEEE', 'Véga-7', 'Le']
[14:16:14]       retry audio 3/3
[14:16:55]     [4/10] audio KO (89%) wrong=['B', 'I', 'P'] missing=['BIP-BOUP-WHEEEE', 'bric', 'broc']
[14:17:12]     [5/10] audio OK (100%)
[14:17:27]     [6/10] audio OK (100%)
[14:17:56]     [7/10] audio KO (98%) wrong=['Bipbou', 'Bipbou'] missing=[]
[14:17:56]       retry audio 2/3
[14:18:16]     [7/10] audio KO (98%) wrong=['Bipbou', 'Bipbou'] missing=[]
[14:18:16]       retry audio 3/3
[14:18:36]     [7/10] audio KO (98%) wrong=['Bipbou', 'Bipbou'] missing=[]
[14:19:01]     [8/10] audio OK (100%)
[14:19:33]     [9/10] audio OK (100%)
[14:19:48]     [10/10] audio OK (100%)
[14:19:50]   AUDIO bilan : 8 OK, 2 fail
[14:19:50] <<< END : aventure_astronaute_planete_guitare_robot -> {'key': 'aventure_astronaute_planete_guitare_robot', 'text': 'OK', 'images': '10/10', 'audio': '8/10'}
[14:19:50] 
*** [171/243] aventure_astronaute_planete_guitare_fantome  (elapsed 17.9h)
[14:19:50] 
======================================================================
>>> START : aventure_astronaute_planete_guitare_fantome
======================================================================
[14:19:50]   voix pour ce niveau (aventure) : fr-FR-Neural2-A
[14:19:50]   TEXTE : generation Gemini Pro...
[14:20:46]     OK : 'Léa et la Guitare des Sept Silences' (10 pages)
[14:20:46]   IMAGES : 10 pages a generer/verifier
[14:29:43]   IMAGES bilan : 10 OK, 0 fail
[14:29:43]   AUDIO : 10 MP3s a generer/verifier
[14:30:14]     [1/10] audio KO (97%) wrong=['poussière', 'étoile', 'V'] missing=['Poussière', 'Étoile', 'Vég-7']
[14:30:14]       retry audio 2/3
[14:30:42]     [1/10] audio KO (99%) wrong=['V', 'E', 'accent'] missing=['Vég-7']
[14:30:42]       retry audio 3/3
[14:32:20]     [1/10] audio KO (99%) wrong=['Vég-7', "le « Poussière d'Étoile »"] missing=[]
[14:32:35]     [2/10] audio OK (100%)
[14:32:49]     [3/10] audio OK (100%)
[14:33:03]     [4/10] audio OK (100%)
[14:33:18]     [5/10] audio OK (100%)
[14:33:36]     [6/10] audio OK (100%)
[14:33:50]     [7/10] audio OK (100%)
[14:34:15]     [8/10] audio KO (96%) wrong=["qu'il", 'mené', 'au'] missing=["l'"]
[14:34:15]       retry audio 2/3
[14:34:49]     [8/10] audio KO (99%) wrong=["qu'il"] missing=["qui l'"]
[14:34:49]       retry audio 3/3
[14:35:37]     [8/10] audio KO (96%) wrong=["qu'", 'il', 'mené'] missing=['qui', "l'", 'menée']
[14:35:54]     [9/10] audio OK (100%)
[14:36:20]     [10/10] audio KO (99%) wrong=['V', 'E', 'accent'] missing=['Vég-7']
[14:36:20]       retry audio 2/3
[14:36:44]     [10/10] audio KO (99%) wrong=['Vég-7'] missing=[]
[14:36:44]       retry audio 3/3
[14:36:53]     [10/10] audio OK (?%)
[14:36:55]   AUDIO bilan : 8 OK, 2 fail
[14:36:55] <<< END : aventure_astronaute_planete_guitare_fantome -> {'key': 'aventure_astronaute_planete_guitare_fantome', 'text': 'OK', 'images': '10/10', 'audio': '8/10'}
[14:36:55] 
*** [172/243] aventure_astronaute_chateau_baguette_monstre  (elapsed 18.2h)
[14:36:55] 
======================================================================
>>> START : aventure_astronaute_chateau_baguette_monstre
======================================================================
[14:36:55]   voix pour ce niveau (aventure) : fr-FR-Neural2-A
[14:36:55]   TEXTE : generation Gemini Pro...
[14:37:48]     OK : 'Léa et le Visiteur des Étoiles' (10 pages)
[14:37:48]   IMAGES : 10 pages a generer/verifier
[14:46:38]   IMAGES bilan : 10 OK, 0 fail
[14:46:38]   AUDIO : 10 MP3s a generer/verifier
[14:46:50]     [1/10] audio OK (100%)
[14:47:10]     [2/10] audio OK (100%)
[14:47:36]     [3/10] audio OK (100%)
[14:47:55]     [4/10] audio KO (99%) wrong=['mange', "d'étoile"] missing=[]
[14:47:55]       retry audio 2/3
[14:48:21]     [4/10] audio KO (99%) wrong=['mange'] missing=['manche']
[14:48:21]       retry audio 3/3
[14:48:36]     [4/10] audio KO (99%) wrong=['manche', 'Étoile'] missing=[]
[14:48:51]     [5/10] audio OK (100%)
[14:49:11]     [6/10] audio OK (100%)
[14:49:28]     [7/10] audio OK (100%)
[14:50:04]     [8/10] audio OK (100%)
[14:50:23]     [9/10] audio KO (99%) wrong=['elle'] missing=['elles']
[14:50:23]       retry audio 2/3
[14:50:39]     [9/10] audio KO (99%) wrong=['elle'] missing=['elles']
[14:50:39]       retry audio 3/3
[14:50:57]     [9/10] audio KO (99%) wrong=['elle'] missing=['elles']
[14:51:18]     [10/10] audio KO (99%) wrong=['Le', 'Mon'] missing=[]
[14:51:18]       retry audio 2/3
[14:51:35]     [10/10] audio KO (99%) wrong=['Mon'] missing=[]
[14:51:35]       retry audio 3/3
[14:51:53]     [10/10] audio KO (99%) wrong=['Mon'] missing=['Le']
[14:51:55]   AUDIO bilan : 7 OK, 3 fail
[14:51:55] <<< END : aventure_astronaute_chateau_baguette_monstre -> {'key': 'aventure_astronaute_chateau_baguette_monstre', 'text': 'OK', 'images': '10/10', 'audio': '7/10'}
[14:51:55] 
*** [173/243] aventure_astronaute_chateau_baguette_robot  (elapsed 18.5h)
[14:51:55] 
======================================================================
>>> START : aventure_astronaute_chateau_baguette_robot
======================================================================
[14:51:55]   voix pour ce niveau (aventure) : fr-FR-Neural2-A
[14:51:55]   TEXTE : generation Gemini Pro...
[14:53:08]     OK : 'Léa et le Gardien des Mélodies' (10 pages)
[14:53:08]   IMAGES : 10 pages a generer/verifier
[15:01:53]   IMAGES bilan : 10 OK, 0 fail
[15:01:53]   AUDIO : 10 MP3s a generer/verifier
[15:02:11]     [1/10] audio OK (100%)
[15:02:25]     [2/10] audio OK (100%)
[15:02:45]     [3/10] audio OK (100%)
[15:03:03]     [4/10] audio OK (100%)
[15:03:34]     [5/10] audio OK (100%)
[15:03:50]     [6/10] audio OK (100%)
[15:04:16]     [7/10] audio OK (100%)
[15:04:40]     [8/10] audio KO (98%) wrong=['Bipbou', 'Bipbou'] missing=[]
[15:04:40]       retry audio 2/3
[15:05:00]     [8/10] audio OK (100%)
[15:05:16]     [9/10] audio OK (100%)
[15:05:38]     [10/10] audio OK (100%)
[15:05:40]   AUDIO bilan : 10 OK, 0 fail
[15:05:40] <<< END : aventure_astronaute_chateau_baguette_robot -> {'key': 'aventure_astronaute_chateau_baguette_robot', 'text': 'OK', 'images': '10/10', 'audio': '10/10'}
[15:05:40] 
*** [174/243] aventure_astronaute_chateau_baguette_fantome  (elapsed 18.7h)
[15:05:40] 
======================================================================
>>> START : aventure_astronaute_chateau_baguette_fantome
======================================================================
[15:05:40]   voix pour ce niveau (aventure) : fr-FR-Neural2-A
[15:05:40]   TEXTE : generation Gemini Pro...
[15:07:31]     OK : 'Léa et l'Étoile du Maître' (10 pages)
[15:07:31]   IMAGES : 10 pages a generer/verifier
[15:16:16]   IMAGES bilan : 10 OK, 0 fail
[15:16:16]   AUDIO : 10 MP3s a generer/verifier
[15:16:49]     [1/10] audio KO (98%) wrong=["l'osonge"] missing=['Le']
[15:16:49]       retry audio 2/3
[15:17:08]     [1/10] audio KO (98%) wrong=["l'osonge"] missing=['Le']
[15:17:08]       retry audio 3/3
[15:17:36]     [1/10] audio KO (99%) wrong=["l'osonge"] missing=['Le', 'Songe']
[15:18:23]     [2/10] audio KO (98%) wrong=['Le', 'Songe'] missing=[]
[15:18:23]       retry audio 2/3
[15:18:55]     [2/10] audio OK (100%)
[15:19:15]     [3/10] audio OK (100%)
[15:19:37]     [4/10] audio OK (100%)
[15:19:56]     [5/10] audio OK (100%)
[15:20:16]     [6/10] audio KO (99%) wrong=['entendu'] missing=[]
[15:20:16]       retry audio 2/3
[15:20:35]     [6/10] audio OK (100%)
[15:20:48]     [7/10] audio OK (100%)
[15:21:07]     [8/10] audio OK (100%)
[15:21:26]     [9/10] audio OK (100%)
[15:22:01]     [10/10] audio KO (98%) wrong=['Ma', 'astérisque', 'clic'] missing=['Le', '*clic*', 'emportant']
[15:22:01]       retry audio 2/3
[15:22:59]     [10/10] audio KO (97%) wrong=['Ma', 'astérisque', 'clic'] missing=['Le', 'Étoile', 'tel']
[15:22:59]       retry audio 3/3
[15:23:39]     [10/10] audio KO (98%) wrong=['Ma', 'astérisque', 'clic'] missing=['Le', '*clic*', 'emportant']
[15:23:41]   AUDIO bilan : 8 OK, 2 fail
[15:23:41] <<< END : aventure_astronaute_chateau_baguette_fantome -> {'key': 'aventure_astronaute_chateau_baguette_fantome', 'text': 'OK', 'images': '10/10', 'audio': '8/10'}
[15:23:41] 
*** [175/243] aventure_astronaute_chateau_skateboard_monstre  (elapsed 19.0h)
[15:23:41] 
======================================================================
>>> START : aventure_astronaute_chateau_skateboard_monstre
======================================================================
[15:23:41]   voix pour ce niveau (aventure) : fr-FR-Neural2-A
[15:23:41]   TEXTE : generation Gemini Pro...
[15:24:43]     OK : 'Léa et le Gardien des Étoiles' (10 pages)
[15:24:43]   IMAGES : 10 pages a generer/verifier
[15:33:29]   IMAGES bilan : 10 OK, 0 fail
[15:33:29]   AUDIO : 10 MP3s a generer/verifier
[15:33:48]     [1/10] audio OK (100%)
[15:34:02]     [2/10] audio OK (100%)
[15:34:17]     [3/10] audio OK (100%)
[15:34:34]     [4/10] audio OK (100%)
[15:34:54]     [5/10] audio OK (100%)
[15:35:13]     [6/10] audio OK (100%)
[15:35:26]     [7/10] audio OK (100%)
[15:35:40]     [8/10] audio OK (100%)
[15:35:58]     [9/10] audio OK (100%)
[15:36:24]     [10/10] audio OK (100%)
[15:36:26]   AUDIO bilan : 10 OK, 0 fail
[15:36:26] <<< END : aventure_astronaute_chateau_skateboard_monstre -> {'key': 'aventure_astronaute_chateau_skateboard_monstre', 'text': 'OK', 'images': '10/10', 'audio': '10/10'}
[15:36:26] 
*** [176/243] aventure_astronaute_chateau_skateboard_robot  (elapsed 19.2h)
[15:36:26] 
======================================================================
>>> START : aventure_astronaute_chateau_skateboard_robot
======================================================================
[15:36:26]   voix pour ce niveau (aventure) : fr-FR-Neural2-A
[15:36:26]   TEXTE : generation Gemini Pro...
[15:37:28]     OK : 'Léa et le Cœur de Belmondrie' (10 pages)
[15:37:28]   IMAGES : 10 pages a generer/verifier
[15:46:17]   IMAGES bilan : 10 OK, 0 fail
[15:46:17]   AUDIO : 10 MP3s a generer/verifier
[15:46:34]     [1/10] audio OK (100%)
[15:46:50]     [2/10] audio OK (100%)
[15:47:24]     [3/10] audio KO (99%) wrong=['astérisque', 'bip', 'astérisque'] missing=['*bip*']
[15:47:24]       retry audio 2/3
[15:47:49]     [3/10] audio KO (98%) wrong=['B', 'Z', 'Z'] missing=['Bzzzt', 'bip']
[15:47:49]       retry audio 3/3
[15:48:29]     [3/10] audio KO (98%) wrong=['astérisque', 'astérisque'] missing=[]
[15:48:46]     [4/10] audio OK (100%)
[15:48:59]     [5/10] audio OK (100%)
[15:49:36]     [6/10] audio KO (99%) wrong=['rouage', 'astérisque', 'astérisque'] missing=['rouages']
[15:49:36]       retry audio 2/3
[15:50:20]     [6/10] audio KO (96%) wrong=['astérisque', 'bloup', 'astérisque'] missing=['*bloup*']
[15:50:20]       retry audio 3/3
[15:50:42]     [6/10] audio KO (98%) wrong=['astérisque', 'astérisque'] missing=[]
[15:51:01]     [7/10] audio OK (100%)
[15:51:23]     [8/10] audio OK (100%)
[15:51:40]     [9/10] audio OK (100%)
[15:51:52]     [10/10] audio OK (100%)
[15:51:54]   AUDIO bilan : 8 OK, 2 fail
[15:51:54] <<< END : aventure_astronaute_chateau_skateboard_robot -> {'key': 'aventure_astronaute_chateau_skateboard_robot', 'text': 'OK', 'images': '10/10', 'audio': '8/10'}
[15:51:54] 
*** [177/243] aventure_astronaute_chateau_skateboard_fantome  (elapsed 19.5h)
[15:51:54] 
======================================================================
>>> START : aventure_astronaute_chateau_skateboard_fantome
======================================================================
[15:51:54]   voix pour ce niveau (aventure) : fr-FR-Neural2-A
[15:51:54]   TEXTE : generation Gemini Pro...
[15:53:12]     OK : 'Léa et le fantôme de Belmondrie' (10 pages)
[15:53:12]   IMAGES : 10 pages a generer/verifier
[16:02:10]   IMAGES bilan : 10 OK, 0 fail
[16:02:10]   AUDIO : 10 MP3s a generer/verifier
[16:02:24]     [1/10] audio OK (100%)
[16:02:45]     [2/10] audio OK (100%)
[16:03:06]     [3/10] audio OK (100%)
[16:03:26]     [4/10] audio OK (100%)
[16:03:50]     [5/10] audio KO (99%) wrong=['La'] missing=[]
[16:03:50]       retry audio 2/3
[16:04:07]     [5/10] audio OK (100%)
[16:04:34]     [6/10] audio KO (99%) wrong=['Ma', 'Ma'] missing=[]
[16:04:34]       retry audio 2/3
[16:04:55]     [6/10] audio KO (98%) wrong=['Ma', 'jolie', 'Ma'] missing=['Le', 'joli', 'Le']
[16:04:55]       retry audio 3/3
[16:05:25]     [6/10] audio KO (95%) wrong=['Ma', 'Ma'] missing=['Le', '«', '»']
[16:05:42]     [7/10] audio OK (100%)
[16:06:14]     [8/10] audio KO (99%) wrong=["j'ai"] missing=["j'aie"]
[16:06:14]       retry audio 2/3
[16:06:43]     [8/10] audio OK (100%)
[16:07:08]     [9/10] audio OK (100%)
[16:07:28]     [10/10] audio OK (100%)
[16:07:30]   AUDIO bilan : 9 OK, 1 fail
[16:07:30] <<< END : aventure_astronaute_chateau_skateboard_fantome -> {'key': 'aventure_astronaute_chateau_skateboard_fantome', 'text': 'OK', 'images': '10/10', 'audio': '9/10'}
[16:07:30] 
*** [178/243] aventure_astronaute_chateau_guitare_monstre  (elapsed 19.7h)
[16:07:30] 
======================================================================
>>> START : aventure_astronaute_chateau_guitare_monstre
======================================================================
[16:07:30]   voix pour ce niveau (aventure) : fr-FR-Neural2-A
[16:07:30]   TEXTE : generation Gemini Pro...
[16:08:34]     OK : 'Léa et la Guitare des Sept Silences' (10 pages)
[16:08:34]   IMAGES : 10 pages a generer/verifier
[16:17:25]   IMAGES bilan : 10 OK, 0 fail
[16:17:25]   AUDIO : 10 MP3s a generer/verifier
[16:17:44]     [1/10] audio OK (100%)
[16:17:59]     [2/10] audio OK (100%)
[16:18:16]     [3/10] audio OK (100%)
[16:18:40]     [4/10] audio KO (99%) wrong=['violets'] missing=[]
[16:18:40]       retry audio 2/3
[16:19:06]     [4/10] audio KO (99%) wrong=['violet'] missing=['violets']
[16:19:06]       retry audio 3/3
[16:19:28]     [4/10] audio KO (99%) wrong=['violet'] missing=['violets']
[16:19:44]     [5/10] audio OK (100%)
[16:20:02]     [6/10] audio OK (100%)
[16:20:18]     [7/10] audio OK (100%)
[16:20:34]     [8/10] audio OK (100%)
[16:20:53]     [9/10] audio OK (100%)
[16:21:10]     [10/10] audio OK (100%)
[16:21:12]   AUDIO bilan : 9 OK, 1 fail
[16:21:12] <<< END : aventure_astronaute_chateau_guitare_monstre -> {'key': 'aventure_astronaute_chateau_guitare_monstre', 'text': 'OK', 'images': '10/10', 'audio': '9/10'}
[16:21:12] 
*** [179/243] aventure_astronaute_chateau_guitare_robot  (elapsed 20.0h)
[16:21:12] 
======================================================================
>>> START : aventure_astronaute_chateau_guitare_robot
======================================================================
[16:21:12]   voix pour ce niveau (aventure) : fr-FR-Neural2-A
[16:21:12]   TEXTE : generation Gemini Pro...
[16:21:57]     OK : 'Léa et la Guitare des Sept Silences' (10 pages)
[16:21:57]   IMAGES : 10 pages a generer/verifier
[16:30:59]   IMAGES bilan : 10 OK, 0 fail
[16:30:59]   AUDIO : 10 MP3s a generer/verifier
[16:31:35]     [1/10] audio KO (99%) wrong=['le'] missing=['Le']
[16:31:35]       retry audio 2/3
[16:31:51]     [1/10] audio KO (99%) wrong=["s'avança"] missing=[]
[16:31:51]       retry audio 3/3
[16:32:17]     [1/10] audio KO (99%) wrong=['Le'] missing=[]
[16:32:45]     [2/10] audio OK (100%)
[16:33:17]     [3/10] audio KO (98%) wrong=['Ma', 'Zed-I-P'] missing=['Le', 'ZIIIP']
[16:33:17]       retry audio 2/3
[16:33:41]     [3/10] audio KO (99%) wrong=['Ma'] missing=['Le']
[16:33:41]       retry audio 3/3
[16:34:01]     [3/10] audio KO (98%) wrong=['Ma', 'Z-D-I-P'] missing=['Le']
[16:34:15]     [4/10] audio OK (100%)
[16:35:07]     [5/10] audio KO (95%) wrong=['Ma', 'est', 'mis'] missing=['Le', 'émit', 'sonnaient']
[16:35:07]       retry audio 2/3
[16:35:36]     [5/10] audio KO (94%) wrong=['Ma', 'est', 'mis'] missing=['Le', 'émit', 'sonnaient']
[16:35:36]       retry audio 3/3
[16:36:04]     [5/10] audio KO (97%) wrong=['Ma', 'est', 'mis'] missing=['Le', 'émit', 'sonnaient']
[16:36:25]     [6/10] audio OK (100%)
[16:36:46]     [7/10] audio KO (98%) wrong=['capables', 'Bipboup'] missing=[]
[16:36:46]       retry audio 2/3
[16:37:15]     [7/10] audio KO (94%) wrong=['guitare', 'sept', 'silences'] missing=['Guitare', 'Sept', 'Silences']
[16:37:15]       retry audio 3/3
[16:37:48]     [7/10] audio KO (98%) wrong=['Bipboup', 'cœur', 'mécanique'] missing=['cœur-mécanique']
[16:38:04]     [8/10] audio OK (100%)
[16:38:31]     [9/10] audio KO (97%) wrong=['Bipbou', 'la', 'très'] missing=['Bipboup', 'le', 'trait']
[16:38:31]       retry audio 2/3
[16:39:03]     [9/10] audio KO (98%) wrong=['la', ','] missing=['le', '!']
[16:39:03]       retry audio 3/3
[16:39:31]     [9/10] audio KO (97%) wrong=['la', 'très', 'le'] missing=['le', 'trait', 'Le']
[16:39:47]     [10/10] audio OK (100%)
[16:39:49]   AUDIO bilan : 5 OK, 5 fail
[16:39:49] <<< END : aventure_astronaute_chateau_guitare_robot -> {'key': 'aventure_astronaute_chateau_guitare_robot', 'text': 'OK', 'images': '10/10', 'audio': '5/10'}
[16:39:49] 
*** [180/243] aventure_astronaute_chateau_guitare_fantome  (elapsed 20.3h)
[16:39:49] 
======================================================================
>>> START : aventure_astronaute_chateau_guitare_fantome
======================================================================
[16:39:49]   voix pour ce niveau (aventure) : fr-FR-Neural2-A
[16:39:49]   TEXTE : generation Gemini Pro...
[16:40:50]     OK : 'Léa et la Guitare des Sept Silences' (10 pages)
[16:40:50]   IMAGES : 10 pages a generer/verifier
[16:49:41]   IMAGES bilan : 10 OK, 0 fail
[16:49:41]   AUDIO : 10 MP3s a generer/verifier
[16:49:59]     [1/10] audio OK (100%)
[16:50:29]     [2/10] audio OK (100%)
[16:50:56]     [3/10] audio OK (100%)
[16:51:16]     [4/10] audio KO (99%) wrong=['Ma'] missing=[]
[16:51:16]       retry audio 2/3
[16:51:38]     [4/10] audio KO (98%) wrong=['maître', 'Ma'] missing=[]
[16:51:38]       retry audio 3/3
[16:51:52]     [4/10] audio KO (99%) wrong=['Ma'] missing=[]
[16:52:09]     [5/10] audio OK (100%)
[16:52:31]     [6/10] audio OK (100%)
[16:52:46]     [7/10] audio OK (100%)
[16:53:01]     [8/10] audio OK (100%)
[16:53:20]     [9/10] audio OK (100%)
[16:53:48]     [10/10] audio KO (99%) wrong=["L'accord"] missing=['Le', 'corps']
[16:53:48]       retry audio 2/3
[16:54:23]     [10/10] audio KO (98%) wrong=["L'", 'accord', 'maître'] missing=['Le', 'corps', 'Maître']
[16:54:23]       retry audio 3/3
[16:54:53]     [10/10] audio KO (99%) wrong=["L'accord"] missing=['Le', 'corps']
[16:54:55]   AUDIO bilan : 8 OK, 2 fail
[16:54:55] <<< END : aventure_astronaute_chateau_guitare_fantome -> {'key': 'aventure_astronaute_chateau_guitare_fantome', 'text': 'OK', 'images': '10/10', 'audio': '8/10'}
[16:54:55] 
*** [181/243] aventure_astronaute_ocean_baguette_monstre  (elapsed 20.5h)
[16:54:55] 
======================================================================
>>> START : aventure_astronaute_ocean_baguette_monstre
======================================================================
[16:54:55]   voix pour ce niveau (aventure) : fr-FR-Neural2-A
[16:54:55]   TEXTE : generation Gemini Pro...
[16:55:50]     OK : 'Léa et le chagrin de la Mer d'Aural' (10 pages)
[16:55:50]   IMAGES : 10 pages a generer/verifier
[17:04:43]   IMAGES bilan : 10 OK, 0 fail
[17:04:43]   AUDIO : 10 MP3s a generer/verifier
[17:04:56]     [1/10] audio OK (100%)
[17:05:14]     [2/10] audio OK (100%)
[17:05:32]     [3/10] audio OK (100%)
[17:05:48]     [4/10] audio OK (100%)
[17:06:14]     [5/10] audio KO (99%) wrong=['monde'] missing=[]
[17:06:14]       retry audio 2/3
[17:06:25]     [5/10] audio OK (100%)
[17:06:48]     [6/10] audio KO (99%) wrong=['Ma'] missing=['Le']
[17:06:48]       retry audio 2/3
[17:07:04]     [6/10] audio KO (99%) wrong=['Ma'] missing=[]
[17:07:04]       retry audio 3/3
[17:07:21]     [6/10] audio KO (99%) wrong=['Ma'] missing=[]
[17:07:53]     [7/10] audio KO (98%) wrong=['Ma', 'le', 'va'] missing=['Le', 'leva']
[17:07:53]       retry audio 2/3
[17:08:24]     [7/10] audio KO (96%) wrong=['Ma', 'le', 'va'] missing=['Le', 'leva']
[17:08:24]       retry audio 3/3
[17:08:53]     [7/10] audio KO (98%) wrong=['Ma', 'le', 'va'] missing=['Le', 'leva']
[17:09:09]     [8/10] audio OK (100%)
[17:09:24]     [9/10] audio OK (100%)
[17:09:49]     [10/10] audio KO (98%) wrong=['Leur', 'regard'] missing=['Leurs', 'regards']
[17:09:49]       retry audio 2/3
[17:10:07]     [10/10] audio KO (98%) wrong=['Leur', 'regard'] missing=['Leurs', 'regards']
[17:10:07]       retry audio 3/3
[17:10:28]     [10/10] audio KO (97%) wrong=['Leur', 'regard', 'mira'] missing=['à']
[17:10:30]   AUDIO bilan : 7 OK, 3 fail
[17:10:30] <<< END : aventure_astronaute_ocean_baguette_monstre -> {'key': 'aventure_astronaute_ocean_baguette_monstre', 'text': 'OK', 'images': '10/10', 'audio': '7/10'}
[17:10:30] 
*** [182/243] aventure_astronaute_ocean_baguette_robot  (elapsed 20.8h)
[17:10:30] 
======================================================================
>>> START : aventure_astronaute_ocean_baguette_robot
======================================================================
[17:10:30]   voix pour ce niveau (aventure) : fr-FR-Neural2-A
[17:10:30]   TEXTE : generation Gemini Pro...
[17:11:19]     OK : 'Léa et le Voleur de Lumière' (10 pages)
[17:11:19]   IMAGES : 10 pages a generer/verifier
[17:20:14]   IMAGES bilan : 10 OK, 0 fail
[17:20:14]   AUDIO : 10 MP3s a generer/verifier
[17:20:40]     [1/10] audio OK (100%)
[17:20:59]     [2/10] audio OK (100%)
[17:21:16]     [3/10] audio OK (100%)
[17:21:43]     [4/10] audio OK (100%)
[17:22:26]     [5/10] audio KO (97%) wrong=['Ma'] missing=['«', 'Le', '«']
[17:22:26]       retry audio 2/3
[17:22:45]     [5/10] audio KO (99%) wrong=['Ma'] missing=[]
[17:22:45]       retry audio 3/3
[17:23:05]     [5/10] audio KO (97%) wrong=['Ma', 'Bipbou', 'Bipbou'] missing=['Le', 'Bipboup', 'Bipboup']
[17:23:27]     [6/10] audio KO (99%) wrong=['plaintif'] missing=[]
[17:23:27]       retry audio 2/3
[17:23:51]     [6/10] audio KO (99%) wrong=['plaintif'] missing=[]
[17:23:51]       retry audio 3/3
[17:24:10]     [6/10] audio OK (100%)
[17:24:29]     [7/10] audio OK (100%)
[17:24:57]     [8/10] audio OK (100%)
[17:26:40]     [9/10] audio KO (98%) wrong=['Bipboup', 'sa larme numérique', 'La baguette devint'] missing=[]
[17:26:40]       retry audio 2/3
[17:27:00]     [9/10] audio OK (100%)
[17:27:34]     [10/10] audio KO (96%) wrong=["d'Oral", 'Bipbou', 'B I P B O U P'] missing=[]
[17:27:34]       retry audio 2/3
[17:28:06]     [10/10] audio KO (99%) wrong=['BIP-BOUP'] missing=['!']
[17:28:06]       retry audio 3/3
[17:28:32]     [10/10] audio KO (99%) wrong=['B.I.P.B.O.U.P.'] missing=['BIP-BOUP']
[17:28:34]   AUDIO bilan : 8 OK, 2 fail
[17:28:34] <<< END : aventure_astronaute_ocean_baguette_robot -> {'key': 'aventure_astronaute_ocean_baguette_robot', 'text': 'OK', 'images': '10/10', 'audio': '8/10'}
[17:28:34] 
*** [183/243] aventure_astronaute_ocean_baguette_fantome  (elapsed 21.1h)
[17:28:34] 
======================================================================
>>> START : aventure_astronaute_ocean_baguette_fantome
======================================================================
[17:28:34]   voix pour ce niveau (aventure) : fr-FR-Neural2-A
[17:28:34]   TEXTE : generation Gemini Pro...
[17:29:38]     OK : 'Léa et le Souffle des Étoiles' (10 pages)
[17:29:38]   IMAGES : 10 pages a generer/verifier
[17:38:24]   IMAGES bilan : 10 OK, 0 fail
[17:38:24]   AUDIO : 10 MP3s a generer/verifier
[17:38:36]     [1/10] audio OK (100%)
[17:39:01]     [2/10] audio OK (100%)
[17:39:16]     [3/10] audio OK (100%)
[17:39:37]     [4/10] audio OK (100%)
[17:40:17]     [5/10] audio OK (100%)
[17:40:34]     [6/10] audio OK (100%)
[17:40:53]     [7/10] audio KO (99%) wrong=['peuple'] missing=[]
[17:40:53]       retry audio 2/3
[17:41:18]     [7/10] audio KO (99%) wrong=['peuple'] missing=['peuplent']
[17:41:18]       retry audio 3/3
[17:41:40]     [7/10] audio KO (99%) wrong=['peuple'] missing=['peuplent']
[17:42:03]     [8/10] audio OK (100%)
[17:42:31]     [9/10] audio KO (99%) wrong=['étoile'] missing=[]
[17:42:31]       retry audio 2/3
[17:43:00]     [9/10] audio OK (100%)
[17:43:22]     [10/10] audio OK (100%)
[17:43:24]   AUDIO bilan : 9 OK, 1 fail
[17:43:24] <<< END : aventure_astronaute_ocean_baguette_fantome -> {'key': 'aventure_astronaute_ocean_baguette_fantome', 'text': 'OK', 'images': '10/10', 'audio': '9/10'}
[17:43:24] 
*** [184/243] aventure_astronaute_ocean_skateboard_monstre  (elapsed 21.3h)
[17:43:24] 
======================================================================
>>> START : aventure_astronaute_ocean_skateboard_monstre
======================================================================
[17:43:24]   voix pour ce niveau (aventure) : fr-FR-Neural2-A
[17:43:24]   TEXTE : generation Gemini Pro...
[17:44:28]     OK : 'Léa et le Voleur de Lumière' (10 pages)
[17:44:28]   IMAGES : 10 pages a generer/verifier
[17:52:02]   IMAGES bilan : 10 OK, 0 fail
[17:52:02]   AUDIO : 10 MP3s a generer/verifier
[17:52:18]     [1/10] audio OK (100%)
[17:52:52]     [2/10] audio OK (100%)
[17:53:14]     [3/10] audio OK (100%)
[17:53:31]     [4/10] audio OK (100%)
[17:53:54]     [5/10] audio KO (99%) wrong=['Et'] missing=[]
[17:53:54]       retry audio 2/3
[17:54:22]     [5/10] audio KO (99%) wrong=['Et'] missing=['Hé']
[17:54:22]       retry audio 3/3
[17:54:48]     [5/10] audio KO (99%) wrong=['Et'] missing=['Hé']
[17:55:10]     [6/10] audio OK (100%)
[17:55:25]     [7/10] audio OK (100%)
[17:56:00]     [8/10] audio KO (99%) wrong=['traînée'] missing=[]
[17:56:00]       retry audio 2/3
[17:56:19]     [8/10] audio OK (100%)
[17:56:37]     [9/10] audio OK (100%)
[17:56:52]     [10/10] audio OK (100%)
[17:56:54]   AUDIO bilan : 9 OK, 1 fail
[17:56:54] <<< END : aventure_astronaute_ocean_skateboard_monstre -> {'key': 'aventure_astronaute_ocean_skateboard_monstre', 'text': 'OK', 'images': '10/10', 'audio': '9/10'}
[17:56:54] 
*** [185/243] aventure_astronaute_ocean_skateboard_robot  (elapsed 21.5h)
[17:56:54] 
======================================================================
>>> START : aventure_astronaute_ocean_skateboard_robot
======================================================================
[17:56:54]   voix pour ce niveau (aventure) : fr-FR-Neural2-A
[17:56:54]   TEXTE : generation Gemini Pro...
[17:57:53]     OK : 'Léa et le voleur d'étoiles' (10 pages)
[17:57:53]   IMAGES : 10 pages a generer/verifier
[18:06:45]   IMAGES bilan : 10 OK, 0 fail
[18:06:45]   AUDIO : 10 MP3s a generer/verifier
[18:07:25]     [1/10] audio KO (95%) wrong=[',', 'plus'] missing=['«', 'Plus', '!']
[18:07:25]       retry audio 2/3
[18:08:14]     [1/10] audio OK (100%)
[18:08:33]     [2/10] audio OK (100%)
[18:08:47]     [3/10] audio OK (100%)
[18:09:08]     [4/10] audio OK (100%)
[18:09:34]     [5/10] audio KO (98%) wrong=['oui', 'Et'] missing=['wheee', 'Hé']
[18:09:34]       retry audio 2/3
[18:09:52]     [5/10] audio KO (98%) wrong=['oui', 'Et'] missing=['wheee', 'Hé']
[18:09:52]       retry audio 3/3
[18:10:31]     [5/10] audio KO (95%) wrong=['Bipboup', 'oui', 'Et'] missing=['Bip-boup-wheee', 'Hé']
[18:10:49]     [6/10] audio OK (100%)
[18:11:08]     [7/10] audio OK (100%)
[18:11:27]     [8/10] audio KO (99%) wrong=['retart'] missing=['retinrent']
[18:11:27]       retry audio 2/3
[18:11:47]     [8/10] audio KO (99%) wrong=['retart'] missing=[]
[18:11:47]       retry audio 3/3
[18:12:00]     [8/10] audio KO (99%) wrong=['retart'] missing=[]
[18:12:34]     [9/10] audio KO (99%) wrong=['bip', 'bip', 'bip'] missing=['Bip-bip-biiiiip']
[18:12:34]       retry audio 2/3
[18:13:14]     [9/10] audio KO (97%) wrong=['bip', 'bip', 'bip'] missing=['Bip-bip-biiiiip']
[18:13:14]       retry audio 3/3
[18:13:41]     [9/10] audio KO (99%) wrong=['bip', 'bip', 'bip'] missing=['Bip-bip-biiiiip']
[18:14:03]     [10/10] audio OK (100%)
[18:14:05]   AUDIO bilan : 7 OK, 3 fail
[18:14:05] <<< END : aventure_astronaute_ocean_skateboard_robot -> {'key': 'aventure_astronaute_ocean_skateboard_robot', 'text': 'OK', 'images': '10/10', 'audio': '7/10'}
[18:14:05] 
*** [186/243] aventure_astronaute_ocean_skateboard_fantome  (elapsed 21.8h)
[18:14:05] 
======================================================================
>>> START : aventure_astronaute_ocean_skateboard_fantome
======================================================================
[18:14:05]   voix pour ce niveau (aventure) : fr-FR-Neural2-A
[18:14:05]   TEXTE : generation Gemini Pro...
[18:15:08]     OK : 'Léa et le Souffleur d'Étoiles' (10 pages)
[18:15:08]   IMAGES : 10 pages a generer/verifier
[18:23:57]   IMAGES bilan : 10 OK, 0 fail
[18:23:57]   AUDIO : 10 MP3s a generer/verifier
[18:24:11]     [1/10] audio OK (100%)
[18:24:28]     [2/10] audio OK (100%)
[18:24:50]     [3/10] audio KO (99%) wrong=['Mon'] missing=['Le']
[18:24:50]       retry audio 2/3
[18:25:07]     [3/10] audio KO (99%) wrong=['Mon'] missing=['Le']
[18:25:07]       retry audio 3/3
[18:25:23]     [3/10] audio KO (99%) wrong=['Mon'] missing=['Le']
[18:25:39]     [4/10] audio OK (100%)
[18:26:13]     [5/10] audio OK (100%)
[18:26:33]     [6/10] audio KO (98%) wrong=['vieille', 'mer', "d'orale"] missing=[]
[18:26:33]       retry audio 2/3
[18:26:55]     [6/10] audio OK (100%)
[18:28:34]     [7/10] audio KO (97%) wrong=['Je', 'Maître Otho', 'ciseau'] missing=[]
[18:28:34]       retry audio 2/3
[18:30:10]     [7/10] audio KO (97%) wrong=['Je', 'Maître Otho', 'ciseau'] missing=[]
[18:30:10]       retry audio 3/3
[18:30:27]     [7/10] audio OK (100%)
[18:30:43]     [8/10] audio OK (100%)
[18:31:06]     [9/10] audio OK (100%)
[18:31:22]     [10/10] audio OK (100%)
[18:31:24]   AUDIO bilan : 9 OK, 1 fail
[18:31:24] <<< END : aventure_astronaute_ocean_skateboard_fantome -> {'key': 'aventure_astronaute_ocean_skateboard_fantome', 'text': 'OK', 'images': '10/10', 'audio': '9/10'}
[18:31:24] 
*** [187/243] aventure_astronaute_ocean_guitare_monstre  (elapsed 22.1h)
[18:31:24] 
======================================================================
>>> START : aventure_astronaute_ocean_guitare_monstre
======================================================================
[18:31:24]   voix pour ce niveau (aventure) : fr-FR-Neural2-A
[18:31:24]   TEXTE : generation Gemini Pro...
[18:32:27]     OK : 'Léa et la Mer des Silences' (10 pages)
[18:32:27]   IMAGES : 10 pages a generer/verifier
[18:41:24]   IMAGES bilan : 10 OK, 0 fail
[18:41:24]   AUDIO : 10 MP3s a generer/verifier
[18:41:42]     [1/10] audio KO (98%) wrong=["n'était", "C'était"] missing=[]
[18:41:42]       retry audio 2/3
[18:42:02]     [1/10] audio KO (98%) wrong=["n'était", "C'était"] missing=[]
[18:42:02]       retry audio 3/3
[18:42:23]     [1/10] audio KO (98%) wrong=["n'était", "C'était", 'vaisseau bulle'] missing=[]
[18:42:37]     [2/10] audio OK (100%)
[18:42:58]     [3/10] audio OK (100%)
[18:43:27]     [4/10] audio KO (94%) wrong=['Boum', 'Tsssch', 'Boum'] missing=['BOUM', 'Tssscch', 'BOUM']
[18:43:27]       retry audio 2/3
[18:43:51]     [4/10] audio KO (94%) wrong=['Boum', 'Tsssch', 'guitare'] missing=[]
[18:43:51]       retry audio 3/3
[18:44:07]     [4/10] audio OK (100%)
[18:44:35]     [5/10] audio KO (98%) wrong=['BOUM', 'Tssscch'] missing=[]
[18:44:35]       retry audio 2/3
[18:45:04]     [5/10] audio KO (98%) wrong=['boum.', 'Tsssch.'] missing=[]
[18:45:04]       retry audio 3/3
[18:45:29]     [5/10] audio KO (96%) wrong=['boum.', 'Tsssch,', "l'air,"] missing=['BOUM.', 'Tssscch.', "l'air..."]
[18:45:43]     [6/10] audio OK (100%)
[18:45:57]     [7/10] audio OK (100%)
[18:46:14]     [8/10] audio OK (100%)
[18:46:32]     [9/10] audio OK (100%)
[18:46:49]     [10/10] audio OK (100%)
[18:46:51]   AUDIO bilan : 8 OK, 2 fail
[18:46:51] <<< END : aventure_astronaute_ocean_guitare_monstre -> {'key': 'aventure_astronaute_ocean_guitare_monstre', 'text': 'OK', 'images': '10/10', 'audio': '8/10'}
[18:46:51] 
*** [188/243] aventure_astronaute_ocean_guitare_robot  (elapsed 22.4h)
[18:46:51] 
======================================================================
>>> START : aventure_astronaute_ocean_guitare_robot
======================================================================
[18:46:51]   voix pour ce niveau (aventure) : fr-FR-Neural2-A
[18:46:51]   TEXTE : generation Gemini Pro...
[18:47:53]     OK : 'Léa et la Guitare des Sept Silences' (10 pages)
[18:47:53]   IMAGES : 10 pages a generer/verifier
[18:56:52]   IMAGES bilan : 10 OK, 0 fail
[18:56:52]   AUDIO : 10 MP3s a generer/verifier
[18:57:09]     [1/10] audio OK (100%)
[18:57:29]     [2/10] audio OK (100%)
[18:57:59]     [3/10] audio KO (98%) wrong=['Z', 'O', 'U'] missing=['ZOUING', 'BIP-BOUP']
[18:57:59]       retry audio 2/3
[18:58:26]     [3/10] audio KO (98%) wrong=['Z', 'O', 'U'] missing=['ZOUING', 'BIP-BOUP']
[18:58:26]       retry audio 3/3
[18:58:59]     [3/10] audio KO (98%) wrong=['Z', 'O', 'U'] missing=['ZOUING', 'BIP-BOUP']
[18:59:22]     [4/10] audio OK (100%)
[18:59:39]     [5/10] audio OK (100%)
[19:00:09]     [6/10] audio OK (100%)
[19:00:23]     [7/10] audio OK (100%)
[19:00:47]     [8/10] audio OK (100%)
[19:01:05]     [9/10] audio OK (100%)
[19:01:24]     [10/10] audio OK (100%)
[19:01:26]   AUDIO bilan : 9 OK, 1 fail
[19:01:26] <<< END : aventure_astronaute_ocean_guitare_robot -> {'key': 'aventure_astronaute_ocean_guitare_robot', 'text': 'OK', 'images': '10/10', 'audio': '9/10'}
[19:01:26] 
*** [189/243] aventure_astronaute_ocean_guitare_fantome  (elapsed 22.6h)
[19:01:26] 
======================================================================
>>> START : aventure_astronaute_ocean_guitare_fantome
======================================================================
[19:01:26]   voix pour ce niveau (aventure) : fr-FR-Neural2-A
[19:01:26]   TEXTE : generation Gemini Pro...
[19:02:38]     OK : 'Léa et la Guitare des Sept Silences' (10 pages)
[19:02:38]   IMAGES : 10 pages a generer/verifier
[19:11:25]   IMAGES bilan : 10 OK, 0 fail
[19:11:25]   AUDIO : 10 MP3s a generer/verifier
[19:11:37]     [1/10] audio OK (100%)
[19:11:55]     [2/10] audio OK (100%)
[19:12:19]     [3/10] audio OK (100%)
[19:12:37]     [4/10] audio OK (100%)
[19:12:47]     [5/10] audio OK (100%)
[19:13:07]     [6/10] audio OK (100%)
[19:13:20]     [7/10] audio OK (100%)
[19:13:37]     [8/10] audio OK (100%)
[19:13:56]     [9/10] audio OK (100%)
[19:14:10]     [10/10] audio OK (100%)
[19:14:12]   AUDIO bilan : 10 OK, 0 fail
[19:14:12] <<< END : aventure_astronaute_ocean_guitare_fantome -> {'key': 'aventure_astronaute_ocean_guitare_fantome', 'text': 'OK', 'images': '10/10', 'audio': '10/10'}
[19:14:12] 
*** [190/243] aventure_sorciere_planete_baguette_monstre  (elapsed 22.8h)
[19:14:12] 
======================================================================
>>> START : aventure_sorciere_planete_baguette_monstre
======================================================================
[19:14:12]   voix pour ce niveau (aventure) : fr-FR-Neural2-A
[19:14:12]   TEXTE : generation Gemini Pro...
[19:15:11]     OK : 'Pimprenelle et le Mangeur de Lumière' (10 pages)
[19:15:11]   IMAGES : 10 pages a generer/verifier
[19:23:27]   IMAGES bilan : 10 OK, 0 fail
[19:23:27]   AUDIO : 10 MP3s a generer/verifier
[19:23:43]     [1/10] audio OK (100%)
[19:24:01]     [2/10] audio OK (100%)
[19:24:23]     [3/10] audio OK (100%)
[19:24:52]     [4/10] audio OK (100%)
[19:25:12]     [5/10] audio KO (98%) wrong=["n'était", "C'était"] missing=[]
[19:25:12]       retry audio 2/3
[19:25:29]     [5/10] audio KO (97%) wrong=["l'arme", "n'était", "C'était"] missing=[]
[19:25:29]       retry audio 3/3
[19:25:49]     [5/10] audio KO (97%) wrong=["l'arme", "n'était", "C'était"] missing=[]
[19:26:15]     [6/10] audio KO (98%) wrong=["N'est", 'Ma'] missing=["N'aie", 'Le']
[19:26:15]       retry audio 2/3
[19:26:39]     [6/10] audio KO (98%) wrong=["N'est", 'Ma'] missing=[]
[19:26:39]       retry audio 3/3
[19:27:01]     [6/10] audio KO (98%) wrong=["N'est", 'Ma'] missing=[]
[19:27:20]     [7/10] audio OK (100%)
[19:27:49]     [8/10] audio KO (98%) wrong=['Vega', '7', 'étoile'] missing=['Vega-7', 'Étoile']
[19:27:49]       retry audio 2/3
[19:28:10]     [8/10] audio OK (100%)
[19:28:30]     [9/10] audio KO (99%) wrong=['Ma'] missing=['Le']
[19:28:30]       retry audio 2/3
[19:28:48]     [9/10] audio KO (99%) wrong=['Ma'] missing=['Le']
[19:28:48]       retry audio 3/3
[19:29:05]     [9/10] audio KO (99%) wrong=['Ma'] missing=['Le']
[19:29:20]     [10/10] audio OK (100%)
[19:29:22]   AUDIO bilan : 7 OK, 3 fail
[19:29:22] <<< END : aventure_sorciere_planete_baguette_monstre -> {'key': 'aventure_sorciere_planete_baguette_monstre', 'text': 'OK', 'images': '10/10', 'audio': '7/10'}
[19:29:22] 
*** [191/243] aventure_sorciere_planete_baguette_robot  (elapsed 23.1h)
[19:29:23] 
======================================================================
>>> START : aventure_sorciere_planete_baguette_robot
======================================================================
[19:29:23]   voix pour ce niveau (aventure) : fr-FR-Neural2-A
[19:29:23]   TEXTE : generation Gemini Pro...
[19:30:02]     OK : 'Pimprenelle et le Voleur de Lumière' (10 pages)
[19:30:02]   IMAGES : 10 pages a generer/verifier
[19:39:00]   IMAGES bilan : 10 OK, 0 fail
[19:39:00]   AUDIO : 10 MP3s a generer/verifier
[19:39:23]     [1/10] audio KO (99%) wrong=['moins', 'sept'] missing=['Véga-7']
[19:39:23]       retry audio 2/3
[19:39:44]     [1/10] audio KO (99%) wrong=['Véga-moins-7'] missing=['Véga-7']
[19:39:44]       retry audio 3/3
[19:40:01]     [1/10] audio OK (100%)
[19:40:17]     [2/10] audio OK (100%)
[19:40:53]     [3/10] audio OK (100%)
[19:41:23]     [4/10] audio KO (98%) wrong=['Eh', 'Ma'] missing=['Le']
[19:41:23]       retry audio 2/3
[19:41:43]     [4/10] audio KO (99%) wrong=['Ma'] missing=['Le']
[19:41:43]       retry audio 3/3
[19:42:10]     [4/10] audio KO (98%) wrong=['Eh', 'Ma'] missing=['Le']
[19:42:33]     [5/10] audio OK (100%)
[19:42:58]     [6/10] audio KO (99%) wrong=['Bip'] missing=['Biiiiip']
[19:42:58]       retry audio 2/3
[19:43:30]     [6/10] audio KO (98%) wrong=['œil', 'écran', 'Bip'] missing=['œil-écran', 'Biiiiip']
[19:43:30]       retry audio 3/3
[19:44:21]     [6/10] audio KO (97%) wrong=['écran', 'Bip', 'était'] missing=['œil-écran', 'Biiiiip…', 'était…']
[19:44:43]     [7/10] audio OK (100%)
[19:45:01]     [8/10] audio KO (99%) wrong=['Mon'] missing=['Le']
[19:45:01]       retry audio 2/3
[19:45:17]     [8/10] audio KO (99%) wrong=['Mon'] missing=['Le']
[19:45:17]       retry audio 3/3
[19:45:32]     [8/10] audio KO (99%) wrong=['Mon'] missing=['Le']
[19:46:01]     [9/10] audio KO (99%) wrong=['Bip', 'Boup', 'Brio'] missing=['Bip-Boup-Bri-o']
[19:46:01]       retry audio 2/3
[19:46:24]     [9/10] audio KO (98%) wrong=['Bip-Boup-Brio'] missing=['Bip-Boup-Bri-o']
[19:46:24]       retry audio 3/3
[19:46:57]     [9/10] audio KO (99%) wrong=['Brio'] missing=[]
[19:47:23]     [10/10] audio OK (100%)
[19:47:25]   AUDIO bilan : 6 OK, 4 fail
[19:47:25] <<< END : aventure_sorciere_planete_baguette_robot -> {'key': 'aventure_sorciere_planete_baguette_robot', 'text': 'OK', 'images': '10/10', 'audio': '6/10'}
[19:47:25] 
*** [192/243] aventure_sorciere_planete_baguette_fantome  (elapsed 23.4h)
[19:47:25] 
======================================================================
>>> START : aventure_sorciere_planete_baguette_fantome
======================================================================
[19:47:25]   voix pour ce niveau (aventure) : fr-FR-Neural2-A
[19:47:25]   TEXTE : generation Gemini Pro...
[19:48:10]     OK : 'Pimprenelle et le Gardien des Étoiles' (10 pages)
[19:48:10]   IMAGES : 10 pages a generer/verifier
[19:56:54]   IMAGES bilan : 10 OK, 0 fail
[19:56:54]   AUDIO : 10 MP3s a generer/verifier
[19:57:10]     [1/10] audio OK (100%)
[19:57:49]     [2/10] audio KO (97%) wrong=['chant', 'étoiles'] missing=['Chant', 'Étoiles', '«']
[19:57:49]       retry audio 2/3
[19:58:10]     [2/10] audio OK (100%)
[19:58:27]     [3/10] audio OK (100%)
[19:58:47]     [4/10] audio KO (99%) wrong=['étoile'] missing=[]
[19:58:47]       retry audio 2/3
[19:59:05]     [4/10] audio KO (99%) wrong=['étoile'] missing=[]
[19:59:05]       retry audio 3/3
[19:59:25]     [4/10] audio KO (99%) wrong=['Étoile'] missing=[]
[20:00:01]     [5/10] audio KO (98%) wrong=['étoile', 'étoile'] missing=['Étoile', 'Étoile']
[20:00:01]       retry audio 2/3
[20:00:22]     [5/10] audio OK (100%)
[20:00:42]     [6/10] audio KO (99%) wrong=['Ma'] missing=['Le']
[20:00:42]       retry audio 2/3
[20:01:00]     [6/10] audio OK (100%)
[20:01:19]     [7/10] audio OK (100%)
[20:01:38]     [8/10] audio OK (100%)
[20:01:59]     [9/10] audio OK (100%)
[20:02:33]     [10/10] audio KO (99%) wrong=['violet'] missing=['violets']
[20:02:33]       retry audio 2/3
[20:03:02]     [10/10] audio KO (99%) wrong=['violet'] missing=[]
[20:03:02]       retry audio 3/3
[20:03:23]     [10/10] audio KO (99%) wrong=['violet'] missing=[]
[20:03:25]   AUDIO bilan : 8 OK, 2 fail
[20:03:25] <<< END : aventure_sorciere_planete_baguette_fantome -> {'key': 'aventure_sorciere_planete_baguette_fantome', 'text': 'OK', 'images': '10/10', 'audio': '8/10'}
[20:03:25] 
*** [193/243] aventure_sorciere_planete_skateboard_monstre  (elapsed 23.7h)
[20:03:25] 
======================================================================
>>> START : aventure_sorciere_planete_skateboard_monstre
======================================================================
[20:03:25]   voix pour ce niveau (aventure) : fr-FR-Neural2-A
[20:03:25]   TEXTE : generation Gemini Pro...
[20:04:24]     OK : 'Pimprenelle et le Mangeur d'Étoiles' (10 pages)
[20:04:24]   IMAGES : 10 pages a generer/verifier
[20:13:15]   IMAGES bilan : 10 OK, 0 fail
[20:13:15]   AUDIO : 10 MP3s a generer/verifier
[20:13:26]     [1/10] audio OK (100%)
[20:13:57]     [2/10] audio KO (98%) wrong=['cristaux', 'chantants'] missing=[]
[20:13:57]       retry audio 2/3
[20:14:17]     [2/10] audio KO (98%) wrong=['cristaux', 'chantants'] missing=[]
[20:14:17]       retry audio 3/3
[20:14:43]     [2/10] audio OK (100%)
[20:15:18]     [3/10] audio OK (100%)
[20:15:34]     [4/10] audio KO (99%) wrong=['inoffensive'] missing=['inoffensives']
[20:15:34]       retry audio 2/3
[20:15:52]     [4/10] audio OK (100%)
[20:16:07]     [5/10] audio OK (100%)
[20:16:32]     [6/10] audio OK (100%)
[20:16:49]     [7/10] audio OK (100%)
[20:17:08]     [8/10] audio KO (98%) wrong=['prudent', 'planète'] missing=[]
[20:17:08]       retry audio 2/3
[20:17:26]     [8/10] audio KO (98%) wrong=['prudent', 'planète'] missing=[]
[20:17:26]       retry audio 3/3
[20:17:41]     [8/10] audio KO (98%) wrong=['prudents', 'planètes'] missing=[]
[20:18:12]     [9/10] audio KO (98%) wrong=['pierre', 'étoile', 'fort'] missing=['pierre-étoile', 'forts']
[20:18:12]       retry audio 2/3
[20:19:14]     [9/10] audio KO (98%) wrong=['pierre', 'étoile', 'fort'] missing=['pierre-étoile', 'forts']
[20:19:14]       retry audio 3/3
[20:19:31]     [9/10] audio KO (99%) wrong=['fort'] missing=['forts']
[20:19:53]     [10/10] audio KO (99%) wrong=['Ma'] missing=['Le']
[20:19:53]       retry audio 2/3
[20:20:15]     [10/10] audio KO (99%) wrong=['Ma'] missing=['Le']
[20:20:15]       retry audio 3/3
[20:20:32]     [10/10] audio KO (96%) wrong=['Ma'] missing=['«', '»', '«']
[20:20:34]   AUDIO bilan : 7 OK, 3 fail
[20:20:34] <<< END : aventure_sorciere_planete_skateboard_monstre -> {'key': 'aventure_sorciere_planete_skateboard_monstre', 'text': 'OK', 'images': '10/10', 'audio': '7/10'}
[20:20:34] 
*** [194/243] aventure_sorciere_planete_skateboard_robot  (elapsed 23.9h)
[20:20:34] 
======================================================================
>>> START : aventure_sorciere_planete_skateboard_robot
======================================================================
[20:20:34]   voix pour ce niveau (aventure) : fr-FR-Neural2-A
[20:20:34]   TEXTE : generation Gemini Pro...
[20:21:38]     OK : 'Pimprenelle et le Visiteur d'Étoiles' (10 pages)
[20:21:38]   IMAGES : 10 pages a generer/verifier
[20:30:25]   IMAGES bilan : 10 OK, 0 fail
[20:30:25]   AUDIO : 10 MP3s a generer/verifier
[20:30:53]     [1/10] audio KO (99%) wrong=['roulette'] missing=['roulettes']
[20:30:53]       retry audio 2/3
[20:31:14]     [1/10] audio KO (99%) wrong=['roulette'] missing=['roulettes']
[20:31:14]       retry audio 3/3
[20:31:39]     [1/10] audio KO (99%) wrong=['roulette'] missing=['roulettes']
[20:31:56]     [2/10] audio KO (99%) wrong=['astérisque', 'pouf', 'astérisque'] missing=['POUF']
[20:31:56]       retry audio 2/3
[20:32:22]     [2/10] audio KO (99%) wrong=['astérisque', 'pouf', 'astérisque'] missing=['POUF']
[20:32:22]       retry audio 3/3
[20:32:45]     [2/10] audio KO (99%) wrong=['*POUF*', 'astérisque', 'astérisque'] missing=[]
[20:33:13]     [3/10] audio OK (100%)
[20:34:12]     [4/10] audio KO (97%) wrong=['Astérisque', 'bip', 'boup'] missing=['Bip-boup-bzzzt', 'Hé', 'Étoile']
[20:34:12]       retry audio 2/3
[20:35:03]     [4/10] audio KO (89%) wrong=['Astérisque', 'B', 'Z'] missing=['Bip-boup-bzzzt', 'Hé']
[20:35:03]       retry audio 3/3
[20:35:58]     [4/10] audio KO (96%) wrong=['Astérisque', 'Astérisque', 'B'] missing=['Bip-boup-bzzzt', 'Bipboup', 'Véga-7']
[20:36:19]     [5/10] audio OK (100%)
[20:36:47]     [6/10] audio KO (98%) wrong=['Astérisque', 'astérisque'] missing=[]
[20:36:47]       retry audio 2/3
[20:37:37]     [6/10] audio KO (99%) wrong=['Astérisque', 'bip', 'astérisque'] missing=['Bip']
[20:37:37]       retry audio 3/3
[20:38:07]     [6/10] audio KO (97%) wrong=['Astérisque', 'bip', 'bip'] missing=['*', 'Bip...', 'bip...']
[20:38:26]     [7/10] audio OK (100%)
[20:38:46]     [8/10] audio OK (100%)
[20:40:26]     [9/10] audio KO (98%) wrong=['On ne construit pas un ami', 'qui vola joyeusement'] missing=[]
[20:40:26]       retry audio 2/3
[20:40:45]     [9/10] audio OK (100%)
[20:41:22]     [10/10] audio KO (99%) wrong=['astérisque', 'astérisque', 'Ma'] missing=['!', 'Le']
[20:41:22]       retry audio 2/3
[20:42:59]     [10/10] audio KO (96%) wrong=['Boup-bip-JOIE', 'Ma petite robot'] missing=[]
[20:42:59]       retry audio 3/3
[20:43:28]     [10/10] audio KO (99%) wrong=['astérisque', 'astérisque', 'Ma'] missing=['Le']
[20:43:30]   AUDIO bilan : 5 OK, 5 fail
[20:43:30] <<< END : aventure_sorciere_planete_skateboard_robot -> {'key': 'aventure_sorciere_planete_skateboard_robot', 'text': 'OK', 'images': '10/10', 'audio': '5/10'}
[20:43:30] 
*** [195/243] aventure_sorciere_planete_skateboard_fantome  (elapsed 24.3h)
[20:43:30] 
======================================================================
>>> START : aventure_sorciere_planete_skateboard_fantome
======================================================================
[20:43:30]   voix pour ce niveau (aventure) : fr-FR-Neural2-A
[20:43:30]   TEXTE : generation Gemini Pro...
[20:44:21]     OK : 'Pimprenelle et le Sculpteur d'Étoiles' (10 pages)
[20:44:21]   IMAGES : 10 pages a generer/verifier
[20:52:31]   IMAGES bilan : 10 OK, 0 fail
[20:52:31]   AUDIO : 10 MP3s a generer/verifier
[20:52:52]     [1/10] audio KO (98%) wrong=["l'une", 'roulette'] missing=['lunes', 'roulettes']
[20:52:52]       retry audio 2/3
[20:53:16]     [1/10] audio KO (99%) wrong=["l'une"] missing=['lunes']
[20:53:16]       retry audio 3/3
[20:53:39]     [1/10] audio KO (99%) wrong=["l'une"] missing=['lunes']
[20:53:55]     [2/10] audio OK (100%)
[20:54:14]     [3/10] audio KO (98%) wrong=['cœur', 'scintillant'] missing=[]
[20:54:14]       retry audio 2/3
[20:54:43]     [3/10] audio KO (98%) wrong=['cœur', 'scintillant'] missing=[]
[20:54:43]       retry audio 3/3
[20:55:02]     [3/10] audio KO (98%) wrong=['cœur', 'scintillant'] missing=[]
[20:55:31]     [4/10] audio KO (98%) wrong=['Cœur', 'Scintillant'] missing=[]
[20:55:31]       retry audio 2/3
[20:55:53]     [4/10] audio KO (98%) wrong=['cœur', 'scintillant'] missing=[]
[20:55:53]       retry audio 3/3
[20:56:19]     [4/10] audio KO (98%) wrong=['cœur', 'scintillant'] missing=['Cœur', 'Scintillant']
[20:56:39]     [5/10] audio KO (99%) wrong=['rêve'] missing=[]
[20:56:39]       retry audio 2/3
[20:57:04]     [5/10] audio KO (98%) wrong=['sculpteur', 'rêve'] missing=[]
[20:57:04]       retry audio 3/3
[20:57:29]     [5/10] audio KO (98%) wrong=['rêve'] missing=['...']
[20:57:47]     [6/10] audio KO (99%) wrong=['Mon'] missing=['Le']
[20:57:47]       retry audio 2/3
[20:58:03]     [6/10] audio KO (99%) wrong=['Mon'] missing=['Le']
[20:58:03]       retry audio 3/3
[20:58:19]     [6/10] audio KO (99%) wrong=['Mon'] missing=['Le']
[20:58:42]     [7/10] audio OK (100%)
[20:58:57]     [8/10] audio OK (100%)
[20:59:19]     [9/10] audio KO (98%) wrong=['Cœur', 'Scintillant'] missing=[]
[20:59:19]       retry audio 2/3
[20:59:52]     [9/10] audio OK (100%)
[21:00:21]     [10/10] audio KO (99%) wrong=['Vega', '7'] missing=['Vega-7']
[21:00:21]       retry audio 2/3
[21:00:36]     [10/10] audio OK (100%)
[21:00:38]   AUDIO bilan : 5 OK, 5 fail
[21:00:38] <<< END : aventure_sorciere_planete_skateboard_fantome -> {'key': 'aventure_sorciere_planete_skateboard_fantome', 'text': 'OK', 'images': '10/10', 'audio': '5/10'}
[21:00:38] 
*** [196/243] aventure_sorciere_planete_guitare_monstre  (elapsed 24.6h)
[21:00:38] 
======================================================================
>>> START : aventure_sorciere_planete_guitare_monstre
======================================================================
[21:00:38]   voix pour ce niveau (aventure) : fr-FR-Neural2-A
[21:00:38]   TEXTE : generation Gemini Pro...
[21:01:40]     OK : 'Pimprenelle et la Guitare des Sept Silences' (10 pages)
[21:01:40]   IMAGES : 10 pages a generer/verifier
[21:10:40]   IMAGES bilan : 10 OK, 0 fail
[21:10:41]   AUDIO : 10 MP3s a generer/verifier
[21:10:56]     [1/10] audio OK (100%)
[21:11:15]     [2/10] audio OK (100%)
[21:11:33]     [3/10] audio KO (99%) wrong=['puisse'] missing=['pût']
[21:11:33]       retry audio 2/3
[21:11:49]     [3/10] audio KO (99%) wrong=['puisse'] missing=['pût']
[21:11:49]       retry audio 3/3
[21:12:03]     [3/10] audio KO (99%) wrong=['puisse'] missing=['pût']
[21:12:55]     [4/10] audio KO (99%) wrong=['astérisque', 'pop', 'astérisque'] missing=['*pop*']
[21:12:55]       retry audio 2/3
[21:13:24]     [4/10] audio KO (98%) wrong=['astérisque', 'astérisque'] missing=[]
[21:13:24]       retry audio 3/3
[21:13:57]     [4/10] audio KO (98%) wrong=['astérisque', 'astérisque'] missing=[]
[21:14:20]     [5/10] audio KO (98%) wrong=['est', 'rencontré'] missing=['ait', 'rencontrée']
[21:14:20]       retry audio 2/3
[21:14:43]     [5/10] audio KO (98%) wrong=['est', 'rencontré'] missing=[]
[21:14:43]       retry audio 3/3
[21:15:04]     [5/10] audio OK (100%)
[21:15:22]     [6/10] audio OK (100%)
[21:15:47]     [7/10] audio KO (97%) wrong=['guitare', 'sept', 'silences'] missing=[]
[21:15:47]       retry audio 2/3
[21:16:10]     [7/10] audio OK (100%)
[21:16:27]     [8/10] audio OK (100%)
[21:16:46]     [9/10] audio OK (100%)
[21:16:59]     [10/10] audio OK (100%)
[21:17:01]   AUDIO bilan : 8 OK, 2 fail
[21:17:01] <<< END : aventure_sorciere_planete_guitare_monstre -> {'key': 'aventure_sorciere_planete_guitare_monstre', 'text': 'OK', 'images': '10/10', 'audio': '8/10'}
[21:17:01] 
*** [197/243] aventure_sorciere_planete_guitare_robot  (elapsed 24.9h)
[21:17:01] 
======================================================================
>>> START : aventure_sorciere_planete_guitare_robot
======================================================================
[21:17:01]   voix pour ce niveau (aventure) : fr-FR-Neural2-A
[21:17:01]   TEXTE : generation Gemini Pro...
[21:17:59]     OK : 'Pimprenelle et le Robot au Cœur Silencieux' (10 pages)
[21:17:59]   IMAGES : 10 pages a generer/verifier
[21:26:47]   IMAGES bilan : 10 OK, 0 fail
[21:26:47]   AUDIO : 10 MP3s a generer/verifier
[21:27:10]     [1/10] audio KO (99%) wrong=['lune'] missing=[]
[21:27:10]       retry audio 2/3
[21:27:34]     [1/10] audio OK (100%)
[21:28:22]     [2/10] audio KO (97%) wrong=['B', 'I', 'P'] missing=['BIP-BOUP', 'ZIIIP', 'œil-écran']
[21:28:22]       retry audio 2/3
[21:28:53]     [2/10] audio KO (96%) wrong=['B', 'I', 'P'] missing=['BIP-BOUP', 'ZIIIP', 'œil-écran']
[21:28:53]       retry audio 3/3
[21:30:33]     [2/10] audio KO (98%) wrong=['riveté', 'Bipboup', 'Pimprenelle'] missing=[]
[21:31:08]     [3/10] audio KO (95%) wrong=['Zip,', 'claque,', "d'un"] missing=['ZIP', 'CLAC', "D'un"]
[21:31:08]       retry audio 2/3
[21:31:30]     [3/10] audio KO (97%) wrong=['Zip', 'clac', 'guitare'] missing=[]
[21:31:30]       retry audio 3/3
[21:31:54]     [3/10] audio KO (97%) wrong=['Zip', 'Clac', 'guitare'] missing=[]
[21:32:17]     [4/10] audio KO (99%) wrong=["L'on"] missing=['Le']
[21:32:17]       retry audio 2/3
[21:32:28]     [4/10] audio OK (100%)
[21:33:09]     [5/10] audio KO (97%) wrong=['s', 'en', 'Scrape'] missing=["s'en", 'SCRRRAPE', 'TWANG']
[21:33:09]       retry audio 2/3
[21:33:30]     [5/10] audio KO (98%) wrong=['La', 'échappait'] missing=[]
[21:33:30]       retry audio 3/3
[21:33:43]     [5/10] audio OK (100%)
[21:34:16]     [6/10] audio KO (95%) wrong=['Bipboup', 'TOC', 'TOC'] missing=[]
[21:34:16]       retry audio 2/3
[21:34:49]     [6/10] audio KO (99%) wrong=['Bipbou'] missing=['Bipboup']
[21:34:49]       retry audio 3/3
[21:35:05]     [6/10] audio OK (100%)
[21:35:23]     [7/10] audio OK (100%)
[21:35:54]     [8/10] audio KO (99%) wrong=['Vega', '7'] missing=['Vega-7']
[21:35:54]       retry audio 2/3
[21:36:08]     [8/10] audio OK (100%)
[21:36:29]     [9/10] audio OK (100%)
[21:36:51]     [10/10] audio OK (100%)
[21:36:53]   AUDIO bilan : 8 OK, 2 fail
[21:36:53] <<< END : aventure_sorciere_planete_guitare_robot -> {'key': 'aventure_sorciere_planete_guitare_robot', 'text': 'OK', 'images': '10/10', 'audio': '8/10'}
[21:36:53] 
*** [198/243] aventure_sorciere_planete_guitare_fantome  (elapsed 25.2h)
[21:36:53] 
======================================================================
>>> START : aventure_sorciere_planete_guitare_fantome
======================================================================
[21:36:53]   voix pour ce niveau (aventure) : fr-FR-Neural2-A
[21:36:53]   TEXTE : generation Gemini Pro...
[21:39:00]     OK : 'Pimprenelle et la Mélodie Retrouvée de Vega-7' (10 pages)
[21:39:00]   IMAGES : 10 pages a generer/verifier
[21:48:01]   IMAGES bilan : 10 OK, 0 fail
[21:48:01]   AUDIO : 10 MP3s a generer/verifier
[21:48:17]     [1/10] audio OK (100%)
[21:48:39]     [2/10] audio OK (100%)
[21:49:01]     [3/10] audio OK (100%)
[21:49:24]     [4/10] audio OK (100%)
[21:49:51]     [5/10] audio OK (100%)
[21:50:27]     [6/10] audio KO (99%) wrong=['Vega', '7'] missing=['Vega-7']
[21:50:27]       retry audio 2/3
[21:51:14]     [6/10] audio KO (99%) wrong=['sept', 'Et', 'puis'] missing=['Vega-7']
[21:51:14]       retry audio 3/3
[21:52:07]     [6/10] audio KO (98%) wrong=['Vega', 'sept', "s'éteint"] missing=['Vega-7', 'doucement', "s'éteignit"]
[21:52:47]     [7/10] audio KO (88%) wrong=['Vega', '7'] missing=['«', '»', '«']
[21:52:47]       retry audio 2/3
[21:53:22]     [7/10] audio KO (99%) wrong=['elle', 'Vega', '7'] missing=['elles', 'Vega-7']
[21:53:22]       retry audio 3/3
[21:53:43]     [7/10] audio KO (98%) wrong=['elle', 'semble'] missing=['elles', 'semblait']
[21:54:05]     [8/10] audio OK (100%)
[21:54:32]     [9/10] audio OK (100%)
[21:54:57]     [10/10] audio OK (100%)
[21:54:59]   AUDIO bilan : 8 OK, 2 fail
[21:54:59] <<< END : aventure_sorciere_planete_guitare_fantome -> {'key': 'aventure_sorciere_planete_guitare_fantome', 'text': 'OK', 'images': '10/10', 'audio': '8/10'}
[21:54:59] 
*** [199/243] aventure_sorciere_chateau_baguette_monstre  (elapsed 25.5h)
[21:54:59] 
======================================================================
>>> START : aventure_sorciere_chateau_baguette_monstre
======================================================================
[21:54:59]   voix pour ce niveau (aventure) : fr-FR-Neural2-A
[21:54:59]   TEXTE : generation Gemini Pro...
[21:55:49]     OK : 'Pimprenelle et le Chagrin de Belmondrie' (10 pages)
[21:55:49]   IMAGES : 10 pages a generer/verifier
[22:04:42]   IMAGES bilan : 10 OK, 0 fail
[22:04:42]   AUDIO : 10 MP3s a generer/verifier
[22:04:56]     [1/10] audio OK (100%)
[22:05:11]     [2/10] audio OK (100%)
[22:05:25]     [3/10] audio OK (100%)
[22:05:51]     [4/10] audio KO (99%) wrong=['violets'] missing=[]
[22:05:51]       retry audio 2/3
[22:06:10]     [4/10] audio KO (99%) wrong=['violet'] missing=['violets']
[22:06:10]       retry audio 3/3
[22:06:23]     [4/10] audio OK (100%)
[22:06:40]     [5/10] audio OK (100%)
[22:07:04]     [6/10] audio KO (99%) wrong=['Ma'] missing=['Le']
[22:07:04]       retry audio 2/3
[22:07:27]     [6/10] audio KO (99%) wrong=['Ma'] missing=['Le']
[22:07:27]       retry audio 3/3
[22:08:21]     [6/10] audio KO (99%) wrong=['Ma'] missing=['Le']
[22:08:42]     [7/10] audio KO (98%) wrong=['Mon'] missing=['Le']
[22:08:42]       retry audio 2/3
[22:08:56]     [7/10] audio KO (99%) wrong=['Mon'] missing=[]
[22:08:56]       retry audio 3/3
[22:09:12]     [7/10] audio KO (99%) wrong=['Mon'] missing=[]
[22:09:26]     [8/10] audio OK (100%)
[22:09:48]     [9/10] audio OK (100%)
[22:10:01]     [10/10] audio OK (100%)
[22:10:03]   AUDIO bilan : 8 OK, 2 fail
[22:10:03] <<< END : aventure_sorciere_chateau_baguette_monstre -> {'key': 'aventure_sorciere_chateau_baguette_monstre', 'text': 'OK', 'images': '10/10', 'audio': '8/10'}
[22:10:03] 
*** [200/243] aventure_sorciere_chateau_baguette_robot  (elapsed 25.8h)
[22:10:03] 
======================================================================
>>> START : aventure_sorciere_chateau_baguette_robot
======================================================================
[22:10:03]   voix pour ce niveau (aventure) : fr-FR-Neural2-A
[22:10:03]   TEXTE : generation Gemini Pro...
[22:12:07]     OK : 'Pimprenelle et le Mystère de Belmondrie' (10 pages)
[22:12:07]   IMAGES : 10 pages a generer/verifier
[22:21:04]   IMAGES bilan : 10 OK, 0 fail
[22:21:04]   AUDIO : 10 MP3s a generer/verifier
[22:21:22]     [1/10] audio OK (100%)
[22:21:44]     [2/10] audio KO (99%) wrong=['discret'] missing=[]
[22:21:44]       retry audio 2/3
[22:22:01]     [2/10] audio KO (99%) wrong=['discret'] missing=[]
[22:22:01]       retry audio 3/3
[22:22:19]     [2/10] audio KO (98%) wrong=['potions', 'discrets'] missing=[]
[22:23:00]     [3/10] audio KO (98%) wrong=['Répare-tout', 'range-tout'] missing=['...']
[22:23:00]       retry audio 2/3
[22:23:23]     [3/10] audio OK (100%)
[22:23:45]     [4/10] audio OK (100%)
[22:24:13]     [5/10] audio KO (98%) wrong=['Ma', 'trouble'] missing=[]
[22:24:13]       retry audio 2/3
[22:24:36]     [5/10] audio OK (100%)
[22:25:10]     [6/10] audio KO (98%) wrong=["d'engrenage", 'grinçant'] missing=["d'engrenages", 'grinçants']
[22:25:10]       retry audio 2/3
[22:25:38]     [6/10] audio OK (100%)
[22:26:22]     [7/10] audio KO (97%) wrong=['astérisque', 'astérisque', 'astérisque'] missing=[]
[22:26:22]       retry audio 2/3
[22:27:00]     [7/10] audio KO (96%) wrong=['astérisque', 'astérisque', 'astérisque'] missing=[]
[22:27:00]       retry audio 3/3
[22:27:39]     [7/10] audio KO (99%) wrong=['astérisque', 'astérisque', 'astérisque'] missing=['bips']
[22:28:53]     [8/10] audio KO (96%) wrong=['Mon', 'astérisque', 'bip'] missing=['Le', '«', '»']
[22:28:53]       retry audio 2/3
[22:29:54]     [8/10] audio KO (92%) wrong=['Mon', 'astérisque', 'bip'] missing=['Le', 'bips', 'semblaient']
[22:29:54]       retry audio 3/3
[22:30:27]     [8/10] audio KO (90%) wrong=['Mon', 'Bipbou', 'astérisque'] missing=[]
[22:30:58]     [9/10] audio KO (99%) wrong=["L'œil", 'écran'] missing=["L'œil-écran"]
[22:30:58]       retry audio 2/3
[22:31:25]     [9/10] audio KO (99%) wrong=["L'œil", 'écran'] missing=["L'œil-écran"]
[22:31:25]       retry audio 3/3
[22:31:47]     [9/10] audio KO (99%) wrong=["L'œil-écran"] missing=[]
[22:32:02]     [10/10] audio OK (100%)
[22:32:04]   AUDIO bilan : 6 OK, 4 fail
[22:32:04] <<< END : aventure_sorciere_chateau_baguette_robot -> {'key': 'aventure_sorciere_chateau_baguette_robot', 'text': 'OK', 'images': '10/10', 'audio': '6/10'}
[22:32:04] 
*** [201/243] aventure_sorciere_chateau_baguette_fantome  (elapsed 26.1h)
[22:32:04] 
======================================================================
>>> START : aventure_sorciere_chateau_baguette_fantome
======================================================================
[22:32:04]   voix pour ce niveau (aventure) : fr-FR-Neural2-A
[22:32:04]   TEXTE : generation Gemini Pro...
[22:33:01]     OK : 'Pimprenelle et le Secret de Maître Otho' (10 pages)
[22:33:01]   IMAGES : 10 pages a generer/verifier
[22:41:46]   IMAGES bilan : 10 OK, 0 fail
[22:41:46]   AUDIO : 10 MP3s a generer/verifier
[22:42:11]     [1/10] audio KO (98%) wrong=['au', 'toit'] missing=['aux', 'toits']
[22:42:11]       retry audio 2/3
[22:42:37]     [1/10] audio KO (98%) wrong=['au', 'toit'] missing=['aux', 'toits']
[22:42:37]       retry audio 3/3
[22:43:02]     [1/10] audio OK (100%)
[22:43:25]     [2/10] audio OK (100%)
[22:43:43]     [3/10] audio OK (100%)
[22:43:59]     [4/10] audio OK (100%)
[22:44:29]     [5/10] audio KO (99%) wrong=[] missing=['un']
[22:44:29]       retry audio 2/3
[22:44:42]     [5/10] audio OK (100%)
[22:44:55]     [6/10] audio OK (100%)
[22:45:20]     [7/10] audio OK (100%)
[22:45:43]     [8/10] audio OK (100%)
[22:45:58]     [9/10] audio OK (100%)
[22:46:33]     [10/10] audio KO (99%) wrong=['astérisque', 'astérisque', 'libre'] missing=[]
[22:46:33]       retry audio 2/3
[22:46:56]     [10/10] audio KO (99%) wrong=['astérisque', 'astérisque', 'libre'] missing=['libres']
[22:46:56]       retry audio 3/3
[22:47:35]     [10/10] audio KO (99%) wrong=['astérisque', 'clic', 'astérisque'] missing=['clic', 'libres']
[22:47:37]   AUDIO bilan : 9 OK, 1 fail
[22:47:37] <<< END : aventure_sorciere_chateau_baguette_fantome -> {'key': 'aventure_sorciere_chateau_baguette_fantome', 'text': 'OK', 'images': '10/10', 'audio': '9/10'}
[22:47:37] 
*** [202/243] aventure_sorciere_chateau_skateboard_monstre  (elapsed 26.4h)
[22:47:37] 
======================================================================
>>> START : aventure_sorciere_chateau_skateboard_monstre
======================================================================
[22:47:37]   voix pour ce niveau (aventure) : fr-FR-Neural2-A
[22:47:37]   TEXTE : generation Gemini Pro...
[22:48:30]     OK : 'Pimprenelle et le Voleur d'Étoiles' (10 pages)
[22:48:30]   IMAGES : 10 pages a generer/verifier
[22:58:42]   IMAGES bilan : 10 OK, 0 fail
[22:58:42]   AUDIO : 10 MP3s a generer/verifier
[22:58:58]     [1/10] audio OK (100%)
[22:59:30]     [2/10] audio KO (99%) wrong=['Z', 'O', 'U'] missing=['ZOUF']
[22:59:30]       retry audio 2/3
[22:59:54]     [2/10] audio KO (99%) wrong=['Z', 'O', 'U'] missing=['ZOUF']
[22:59:54]       retry audio 3/3
[23:00:14]     [2/10] audio KO (96%) wrong=['Z', 'O', 'U'] missing=['ZOUF']
[23:00:32]     [3/10] audio OK (100%)
[23:00:46]     [4/10] audio OK (100%)
[23:01:00]     [5/10] audio OK (100%)
[23:01:20]     [6/10] audio KO (99%) wrong=['La'] missing=[]
[23:01:20]       retry audio 2/3
[23:01:40]     [6/10] audio KO (99%) wrong=["s'ouvrir"] missing=["s'ouvrirent"]
[23:01:40]       retry audio 3/3
[23:02:05]     [6/10] audio KO (98%) wrong=['La'] missing=['Le']
[23:02:31]     [7/10] audio OK (100%)
[23:04:14]     [8/10] audio KO (98%) wrong=['Pimprenelle', 'Pimprenelle', 'Pimprenelle'] missing=[]
[23:04:14]       retry audio 2/3
[23:04:39]     [8/10] audio OK (100%)
[23:04:59]     [9/10] audio KO (98%) wrong=['Mon', 'Mon'] missing=['Le', 'Le']
[23:04:59]       retry audio 2/3
[23:05:15]     [9/10] audio KO (98%) wrong=['Mon', 'Mon'] missing=['Le', 'Le']
[23:05:15]       retry audio 3/3
[23:05:35]     [9/10] audio KO (98%) wrong=['Mon', 'Mon'] missing=['Le', 'Le']
[23:05:57]     [10/10] audio OK (100%)
[23:05:59]   AUDIO bilan : 7 OK, 3 fail
[23:05:59] <<< END : aventure_sorciere_chateau_skateboard_monstre -> {'key': 'aventure_sorciere_chateau_skateboard_monstre', 'text': 'OK', 'images': '10/10', 'audio': '7/10'}
[23:05:59] 
*** [203/243] aventure_sorciere_chateau_skateboard_robot  (elapsed 26.7h)
[23:05:59] 
======================================================================
>>> START : aventure_sorciere_chateau_skateboard_robot
======================================================================
[23:05:59]   voix pour ce niveau (aventure) : fr-FR-Neural2-A
[23:05:59]   TEXTE : generation Gemini Pro...
[23:07:02]     OK : 'Pimprenelle et le Visiteur des Étoiles' (10 pages)
[23:07:02]   IMAGES : 10 pages a generer/verifier
[23:15:48]   IMAGES bilan : 10 OK, 0 fail
[23:15:48]   AUDIO : 10 MP3s a generer/verifier
[23:16:15]     [1/10] audio OK (100%)
[23:16:39]     [2/10] audio KO (98%) wrong=['clang', 'pince'] missing=['CLANG', 'pinces']
[23:16:39]       retry audio 2/3
[23:17:00]     [2/10] audio KO (98%) wrong=['clang', 'pince'] missing=[]
[23:17:00]       retry audio 3/3
[23:17:24]     [2/10] audio KO (98%) wrong=['clang', 'pince'] missing=['CLANG', 'pinces']
[23:18:45]     [3/10] audio KO (93%) wrong=[',', ','] missing=['«', '!', '!']
[23:18:45]       retry audio 2/3
[23:19:17]     [3/10] audio KO (98%) wrong=['arrête', 'bip'] missing=['Bip?']
[23:19:17]       retry audio 3/3
[23:19:44]     [3/10] audio OK (100%)
[23:20:25]     [4/10] audio KO (99%) wrong=['Crac'] missing=[]
[23:20:25]       retry audio 2/3
[23:20:42]     [4/10] audio OK (100%)
[23:21:04]     [5/10] audio OK (100%)
[23:21:31]     [6/10] audio OK (100%)
[23:22:02]     [7/10] audio KO (94%) wrong=['Constellation', 'Lyre', 'Errante'] missing=[]
[23:22:02]       retry audio 2/3
[23:22:35]     [7/10] audio KO (96%) wrong=['constellation', 'lire', 'errante'] missing=['bip-bip']
[23:22:35]       retry audio 3/3
[23:23:15]     [7/10] audio KO (99%) wrong=['bip'] missing=['bip-bip']
[23:23:32]     [8/10] audio OK (100%)
[23:23:48]     [9/10] audio OK (100%)
[23:24:04]     [10/10] audio OK (100%)
[23:24:06]   AUDIO bilan : 8 OK, 2 fail
[23:24:06] <<< END : aventure_sorciere_chateau_skateboard_robot -> {'key': 'aventure_sorciere_chateau_skateboard_robot', 'text': 'OK', 'images': '10/10', 'audio': '8/10'}
[23:24:06] 
*** [204/243] aventure_sorciere_chateau_skateboard_fantome  (elapsed 27.0h)
[23:24:06] 
======================================================================
>>> START : aventure_sorciere_chateau_skateboard_fantome
======================================================================
[23:24:06]   voix pour ce niveau (aventure) : fr-FR-Neural2-A
[23:24:06]   TEXTE : generation Gemini Pro...
[23:25:12]     OK : 'Pimprenelle et le Gardien de l'Horloge Céleste' (10 pages)
[23:25:12]   IMAGES : 10 pages a generer/verifier
[23:33:56]   IMAGES bilan : 10 OK, 0 fail
[23:33:56]   AUDIO : 10 MP3s a generer/verifier
[23:34:11]     [1/10] audio OK (100%)
[23:34:34]     [2/10] audio OK (100%)
[23:34:49]     [3/10] audio OK (100%)
[23:35:12]     [4/10] audio OK (100%)
[23:35:39]     [5/10] audio OK (100%)
[23:36:35]     [6/10] audio OK (99%)
[23:37:00]     [7/10] audio OK (100%)
[23:37:23]     [8/10] audio OK (100%)
[23:37:45]     [9/10] audio OK (100%)
[23:39:26]     [10/10] audio KO (98%) wrong=["l'Horloge", 'Pimprenelle', 'Maître Otho'] missing=[]
[23:39:26]       retry audio 2/3
[23:39:37]     [10/10] audio OK (100%)
[23:39:39]   AUDIO bilan : 10 OK, 0 fail
[23:39:39] <<< END : aventure_sorciere_chateau_skateboard_fantome -> {'key': 'aventure_sorciere_chateau_skateboard_fantome', 'text': 'OK', 'images': '10/10', 'audio': '10/10'}
[23:39:39] 
*** [205/243] aventure_sorciere_chateau_guitare_monstre  (elapsed 27.3h)
[23:39:39] 
======================================================================
>>> START : aventure_sorciere_chateau_guitare_monstre
======================================================================
[23:39:39]   voix pour ce niveau (aventure) : fr-FR-Neural2-A
[23:39:39]   TEXTE : generation Gemini Pro...
[23:40:35]     OK : 'Pimprenelle et la Guitare des Sept Silences' (10 pages)
[23:40:35]   IMAGES : 10 pages a generer/verifier
[23:49:22]   IMAGES bilan : 10 OK, 0 fail
[23:49:22]   AUDIO : 10 MP3s a generer/verifier
[23:49:36]     [1/10] audio OK (100%)
[23:49:51]     [2/10] audio OK (100%)
[23:50:15]     [3/10] audio KO (99%) wrong=['rien'] missing=[]
[23:50:15]       retry audio 2/3
[23:50:59]     [3/10] audio KO (97%) wrong=['eut.', 'Rien,', 'rien'] missing=['eut…', 'rien.', 'Rien,']
[23:50:59]       retry audio 3/3
[23:51:28]     [3/10] audio KO (99%) wrong=['rien'] missing=[]
[23:51:45]     [4/10] audio OK (100%)
[23:52:00]     [5/10] audio OK (100%)
[23:52:21]     [6/10] audio KO (99%) wrong=['Ma'] missing=['Le']
[23:52:21]       retry audio 2/3
[23:52:39]     [6/10] audio KO (99%) wrong=['Ma'] missing=[]
[23:52:39]       retry audio 3/3
[23:52:56]     [6/10] audio KO (99%) wrong=['Ma'] missing=[]
[23:53:22]     [7/10] audio OK (100%)
[23:53:40]     [8/10] audio OK (100%)
[23:54:00]     [9/10] audio OK (100%)
[23:54:34]     [10/10] audio KO (98%) wrong=['d’un', 'd’un'] missing=[]
[23:54:34]       retry audio 2/3
[23:54:59]     [10/10] audio KO (98%) wrong=["d'un", "d'un"] missing=['d’un', 'd’un']
[23:54:59]       retry audio 3/3
[23:55:17]     [10/10] audio OK (100%)
[23:55:19]   AUDIO bilan : 8 OK, 2 fail
[23:55:19] <<< END : aventure_sorciere_chateau_guitare_monstre -> {'key': 'aventure_sorciere_chateau_guitare_monstre', 'text': 'OK', 'images': '10/10', 'audio': '8/10'}
[23:55:19] 
*** [206/243] aventure_sorciere_chateau_guitare_robot  (elapsed 27.5h)
[23:55:19] 
======================================================================
>>> START : aventure_sorciere_chateau_guitare_robot
======================================================================
[23:55:19]   voix pour ce niveau (aventure) : fr-FR-Neural2-A
[23:55:19]   TEXTE : generation Gemini Pro...
[23:56:29]     OK : 'Pimprenelle et le Robot au Cœur Silencieux' (10 pages)
[23:56:29]   IMAGES : 10 pages a generer/verifier
[00:05:29]   IMAGES bilan : 10 OK, 0 fail
[00:05:29]   AUDIO : 10 MP3s a generer/verifier
[00:05:43]     [1/10] audio OK (100%)
[00:06:10]     [2/10] audio OK (100%)
[00:06:30]     [3/10] audio OK (100%)
[00:06:46]     [4/10] audio OK (100%)
[00:07:05]     [5/10] audio KO (99%) wrong=['coussin'] missing=['coussins']
[00:07:05]       retry audio 2/3
[00:07:25]     [5/10] audio KO (98%) wrong=['coussin'] missing=['coussins']
[00:07:25]       retry audio 3/3
[00:07:42]     [5/10] audio OK (100%)
[00:08:07]     [6/10] audio OK (100%)
[00:08:32]     [7/10] audio KO (99%) wrong=['Mon'] missing=['Le']
[00:08:32]       retry audio 2/3
[00:08:55]     [7/10] audio KO (99%) wrong=['Mon'] missing=['Le']
[00:08:55]       retry audio 3/3
[00:09:26]     [7/10] audio KO (99%) wrong=['Mon'] missing=['Le']
[00:09:41]     [8/10] audio OK (100%)
[00:10:08]     [9/10] audio OK (100%)
[00:10:44]     [10/10] audio KO (97%) wrong=['Bipbou', 'guitare', 'sept'] missing=['Bipboup', 'Guitare', 'Sept']
[00:10:44]       retry audio 2/3
[00:11:08]     [10/10] audio OK (100%)
[00:11:10]   AUDIO bilan : 9 OK, 1 fail
[00:11:10] <<< END : aventure_sorciere_chateau_guitare_robot -> {'key': 'aventure_sorciere_chateau_guitare_robot', 'text': 'OK', 'images': '10/10', 'audio': '9/10'}
[00:11:10] 
*** [207/243] aventure_sorciere_chateau_guitare_fantome  (elapsed 27.8h)
[00:11:10] 
======================================================================
>>> START : aventure_sorciere_chateau_guitare_fantome
======================================================================
[00:11:10]   voix pour ce niveau (aventure) : fr-FR-Neural2-A
[00:11:10]   TEXTE : generation Gemini Pro...
[00:12:00]     OK : 'Pimprenelle et la Guitare des Sept Silences' (10 pages)
[00:12:00]   IMAGES : 10 pages a generer/verifier
[00:22:07]     [7/10] echec generation image
[00:22:12]       retry image 2/5
[00:27:16]     [10/10] echec generation image
[00:27:21]       retry image 2/5
[00:29:04]   IMAGES bilan : 10 OK, 0 fail
[00:29:04]   AUDIO : 10 MP3s a generer/verifier
[00:29:21]     [1/10] audio OK (100%)
[00:29:37]     [2/10] audio OK (100%)
[00:29:53]     [3/10] audio OK (100%)
[00:30:13]     [4/10] audio OK (100%)
[00:30:33]     [5/10] audio OK (100%)
[00:31:09]     [6/10] audio KO (97%) wrong=['Ma', 'solitude', 'camaraderie'] missing=[]
[00:31:09]       retry audio 2/3
[00:31:29]     [6/10] audio KO (97%) wrong=['Ma', 'solitude', 'camaraderie'] missing=[]
[00:31:29]       retry audio 3/3
[00:32:01]     [6/10] audio KO (96%) wrong=['Ma', 'Solitude', 'Camaraderie'] missing=['Le']
[00:32:16]     [7/10] audio OK (100%)
[00:32:56]     [8/10] audio KO (91%) wrong=['peur', 'courage', 'ennui'] missing=['«', '!', '»']
[00:32:56]       retry audio 2/3
[00:33:20]     [8/10] audio OK (100%)
[00:33:52]     [9/10] audio KO (99%) wrong=["l'oubli"] missing=["l'Oubli"]
[00:33:52]       retry audio 2/3
[00:34:05]     [9/10] audio OK (100%)
[00:34:28]     [10/10] audio OK (100%)
[00:34:30]   AUDIO bilan : 9 OK, 1 fail
[00:34:30] <<< END : aventure_sorciere_chateau_guitare_fantome -> {'key': 'aventure_sorciere_chateau_guitare_fantome', 'text': 'OK', 'images': '10/10', 'audio': '9/10'}
[00:34:30] 
*** [208/243] aventure_sorciere_ocean_baguette_monstre  (elapsed 28.2h)
[00:34:30] 
======================================================================
>>> START : aventure_sorciere_ocean_baguette_monstre
======================================================================
[00:34:30]   voix pour ce niveau (aventure) : fr-FR-Neural2-A
[00:34:30]   TEXTE : generation Gemini Pro...
[00:35:30]     OK : 'Pimprenelle et le Cœur de la Mer d'Aural' (10 pages)
[00:35:30]   IMAGES : 10 pages a generer/verifier
[00:44:16]   IMAGES bilan : 10 OK, 0 fail
[00:44:16]   AUDIO : 10 MP3s a generer/verifier
[00:44:32]     [1/10] audio OK (100%)
[00:44:54]     [2/10] audio OK (100%)
[00:45:13]     [3/10] audio OK (100%)
[00:45:27]     [4/10] audio OK (100%)
[00:45:44]     [5/10] audio OK (100%)
[00:46:01]     [6/10] audio OK (100%)
[00:46:22]     [7/10] audio KO (98%) wrong=["d'oral", 'étoile'] missing=[]
[00:46:22]       retry audio 2/3
[00:46:40]     [7/10] audio KO (98%) wrong=["d'oral", 'étoile'] missing=[]
[00:46:40]       retry audio 3/3
[00:47:04]     [7/10] audio KO (97%) wrong=['mer', "d'oral", 'étoile'] missing=['Mer', "d'Aural", 'Étoile']
[00:47:35]     [8/10] audio OK (100%)
[00:47:58]     [9/10] audio KO (99%) wrong=['cache-cache'] missing=['cache-caches']
[00:47:58]       retry audio 2/3
[00:48:21]     [9/10] audio KO (99%) wrong=['cache-cache'] missing=[]
[00:48:21]       retry audio 3/3
[00:48:41]     [9/10] audio KO (99%) wrong=['cache-cache'] missing=[]
[00:48:58]     [10/10] audio OK (100%)
[00:49:00]   AUDIO bilan : 8 OK, 2 fail
[00:49:00] <<< END : aventure_sorciere_ocean_baguette_monstre -> {'key': 'aventure_sorciere_ocean_baguette_monstre', 'text': 'OK', 'images': '10/10', 'audio': '8/10'}
[00:49:00] 
*** [209/243] aventure_sorciere_ocean_baguette_robot  (elapsed 28.4h)
[00:49:00] 
======================================================================
>>> START : aventure_sorciere_ocean_baguette_robot
======================================================================
[00:49:00]   voix pour ce niveau (aventure) : fr-FR-Neural2-A
[00:49:00]   TEXTE : generation Gemini Pro...
[00:50:16]     OK : 'Pimprenelle et le Voleur de Lumière' (10 pages)
[00:50:16]   IMAGES : 10 pages a generer/verifier
[00:59:02]   IMAGES bilan : 10 OK, 0 fail
[00:59:02]   AUDIO : 10 MP3s a generer/verifier
[00:59:22]     [1/10] audio OK (100%)
[00:59:37]     [2/10] audio OK (100%)
[01:00:08]     [3/10] audio OK (100%)
[01:00:41]     [4/10] audio KO (99%) wrong=['œil', 'écran'] missing=['œil-écran']
[01:00:41]       retry audio 2/3
[01:01:01]     [4/10] audio OK (100%)
[01:01:32]     [5/10] audio KO (95%) wrong=['Zoin', 'de'] missing=['Zouing', 'la']
[01:01:32]       retry audio 2/3
[01:01:51]     [5/10] audio KO (97%) wrong=['Zoin', 'de'] missing=['Zouing']
[01:01:51]       retry audio 3/3
[01:02:31]     [5/10] audio KO (96%) wrong=['Zoin', 'de'] missing=['Zouing', 'la']
[01:02:56]     [6/10] audio OK (100%)
[01:03:11]     [7/10] audio OK (100%)
[01:03:29]     [8/10] audio OK (100%)
[01:04:02]     [9/10] audio KO (98%) wrong=['Bipbou', 'Bipbou'] missing=[]
[01:04:02]       retry audio 2/3
[01:04:26]     [9/10] audio KO (97%) wrong=['Bipbou', 'étoile', 'Bipbou'] missing=[]
[01:04:26]       retry audio 3/3
[01:04:47]     [9/10] audio KO (98%) wrong=['Bipbou', 'Bipbou'] missing=[]
[01:05:06]     [10/10] audio OK (100%)
[01:05:09]   AUDIO bilan : 8 OK, 2 fail
[01:05:09] <<< END : aventure_sorciere_ocean_baguette_robot -> {'key': 'aventure_sorciere_ocean_baguette_robot', 'text': 'OK', 'images': '10/10', 'audio': '8/10'}
[01:05:09] 
*** [210/243] aventure_sorciere_ocean_baguette_fantome  (elapsed 28.7h)
[01:05:09] 
======================================================================
>>> START : aventure_sorciere_ocean_baguette_fantome
======================================================================
[01:05:09]   voix pour ce niveau (aventure) : fr-FR-Neural2-A
[01:05:09]   TEXTE : generation Gemini Pro...
[01:06:28]     OK : 'Pimprenelle et le Fantôme de la Mer d'Aural' (10 pages)
[01:06:28]   IMAGES : 10 pages a generer/verifier
[01:15:15]   IMAGES bilan : 10 OK, 0 fail
[01:15:15]   AUDIO : 10 MP3s a generer/verifier
[01:15:28]     [1/10] audio OK (100%)
[01:15:49]     [2/10] audio KO (99%) wrong=['Grandit'] missing=[]
[01:15:49]       retry audio 2/3
[01:16:02]     [2/10] audio OK (100%)
[01:16:17]     [3/10] audio OK (100%)
[01:16:35]     [4/10] audio OK (100%)
[01:17:00]     [5/10] audio OK (100%)
[01:17:32]     [6/10] audio KO (98%) wrong=["L'enfantôme", 'entendu'] missing=[]
[01:17:32]       retry audio 2/3
[01:17:56]     [6/10] audio KO (98%) wrong=["L'enfantôme", 'entendu'] missing=['Le', 'fantôme']
[01:17:56]       retry audio 3/3
[01:18:21]     [6/10] audio KO (98%) wrong=["L'enfantôme", 'entendu'] missing=['Le', 'fantôme', 'entendue']
[01:18:48]     [7/10] audio KO (99%) wrong=['Me'] missing=['Le']
[01:18:48]       retry audio 2/3
[01:19:08]     [7/10] audio KO (99%) wrong=['Me'] missing=['Le']
[01:19:09]       retry audio 3/3
[01:19:32]     [7/10] audio KO (98%) wrong=['Me'] missing=['Le']
[01:19:45]     [8/10] audio OK (100%)
[01:20:08]     [9/10] audio KO (99%) wrong=['solide'] missing=['solides']
[01:20:08]       retry audio 2/3
[01:20:29]     [9/10] audio KO (99%) wrong=['étoile'] missing=[]
[01:20:29]       retry audio 3/3
[01:20:45]     [9/10] audio OK (100%)
[01:21:12]     [10/10] audio OK (100%)
[01:21:14]   AUDIO bilan : 8 OK, 2 fail
[01:21:14] <<< END : aventure_sorciere_ocean_baguette_fantome -> {'key': 'aventure_sorciere_ocean_baguette_fantome', 'text': 'OK', 'images': '10/10', 'audio': '8/10'}
[01:21:14] 
*** [211/243] aventure_sorciere_ocean_skateboard_monstre  (elapsed 29.0h)
[01:21:14] 
======================================================================
>>> START : aventure_sorciere_ocean_skateboard_monstre
======================================================================
[01:21:14]   voix pour ce niveau (aventure) : fr-FR-Neural2-A
[01:21:14]   TEXTE : generation Gemini Pro...
[01:21:57]     OK : 'Pimprenelle et le chagrin des étoiles de mer' (10 pages)
[01:21:57]   IMAGES : 10 pages a generer/verifier
[01:30:57]   IMAGES bilan : 10 OK, 0 fail
[01:30:57]   AUDIO : 10 MP3s a generer/verifier
[01:31:18]     [1/10] audio KO (99%) wrong=['roulette'] missing=['roulettes']
[01:31:18]       retry audio 2/3
[01:31:37]     [1/10] audio KO (99%) wrong=['roulette'] missing=['roulettes']
[01:31:37]       retry audio 3/3
[01:31:53]     [1/10] audio KO (99%) wrong=['roulette'] missing=[]
[01:32:14]     [2/10] audio KO (99%) wrong=['arc'] missing=[]
[01:32:14]       retry audio 2/3
[01:32:34]     [2/10] audio KO (99%) wrong=['arc'] missing=['arcs']
[01:32:34]       retry audio 3/3
[01:32:49]     [2/10] audio KO (99%) wrong=['arc'] missing=['arcs']
[01:33:03]     [3/10] audio OK (100%)
[01:33:27]     [4/10] audio OK (100%)
[01:33:55]     [5/10] audio KO (98%) wrong=['Hé', 'Fusee'] missing=[]
[01:33:55]       retry audio 2/3
[01:34:18]     [5/10] audio KO (98%) wrong=['Eh', 'Fusée'] missing=['Hé', 'Fusee']
[01:34:18]       retry audio 3/3
[01:34:40]     [5/10] audio KO (99%) wrong=['Eh'] missing=['Hé']
[01:34:56]     [6/10] audio OK (100%)
[01:35:13]     [7/10] audio KO (98%) wrong=['Moi', 'Ma'] missing=[]
[01:35:13]       retry audio 2/3
[01:35:25]     [7/10] audio KO (98%) wrong=['Ma', 'Ma'] missing=[]
[01:35:25]       retry audio 3/3
[01:35:42]     [7/10] audio KO (98%) wrong=['Ma', 'Ma'] missing=['Le', 'Le']
[01:36:07]     [8/10] audio KO (98%) wrong=["N'est"] missing=["N'aie"]
[01:36:07]       retry audio 2/3
[01:36:20]     [8/10] audio OK (100%)
[01:36:37]     [9/10] audio OK (100%)
[01:36:52]     [10/10] audio OK (100%)
[01:36:54]   AUDIO bilan : 6 OK, 4 fail
[01:36:54] <<< END : aventure_sorciere_ocean_skateboard_monstre -> {'key': 'aventure_sorciere_ocean_skateboard_monstre', 'text': 'OK', 'images': '10/10', 'audio': '6/10'}
[01:36:55] 
*** [212/243] aventure_sorciere_ocean_skateboard_robot  (elapsed 29.2h)
[01:36:55] 
======================================================================
>>> START : aventure_sorciere_ocean_skateboard_robot
======================================================================
[01:36:55]   voix pour ce niveau (aventure) : fr-FR-Neural2-A
[01:36:55]   TEXTE : generation Gemini Pro...
[01:38:51]     OK : 'Pimprenelle et le Mystère de la Mer d'Aural' (10 pages)
[01:38:51]   IMAGES : 10 pages a generer/verifier
[01:47:49]   IMAGES bilan : 10 OK, 0 fail
[01:47:49]   AUDIO : 10 MP3s a generer/verifier
[01:48:13]     [1/10] audio KO (99%) wrong=['aventure'] missing=['aventures']
[01:48:13]       retry audio 2/3
[01:48:33]     [1/10] audio KO (98%) wrong=['aventure', 'inexplorée'] missing=['aventures', 'inexplorées']
[01:48:33]       retry audio 3/3
[01:48:54]     [1/10] audio KO (98%) wrong=["d'aventure", 'inexplorée'] missing=["d'aventures", 'inexplorées']
[01:49:09]     [2/10] audio OK (100%)
[01:49:23]     [3/10] audio OK (100%)
[01:49:42]     [4/10] audio OK (100%)
[01:50:04]     [5/10] audio OK (100%)
[01:50:19]     [6/10] audio OK (100%)
[01:50:39]     [7/10] audio OK (100%)
[01:51:00]     [8/10] audio OK (100%)
[01:51:29]     [9/10] audio KO (99%) wrong=["d'Oral"] missing=["d'Aural"]
[01:51:29]       retry audio 2/3
[01:51:47]     [9/10] audio KO (99%) wrong=['Oral'] missing=['Aural']
[01:51:47]       retry audio 3/3
[01:51:59]     [9/10] audio OK (100%)
[01:52:22]     [10/10] audio KO (99%) wrong=['Mon'] missing=[]
[01:52:22]       retry audio 2/3
[01:52:46]     [10/10] audio KO (99%) wrong=['Mon'] missing=['Le']
[01:52:46]       retry audio 3/3
[01:54:23]     [10/10] audio KO (95%) wrong=['Pimprenelle', 'Bipboup', 'Pimprenelle'] missing=[]
[01:54:25]   AUDIO bilan : 8 OK, 2 fail
[01:54:25] <<< END : aventure_sorciere_ocean_skateboard_robot -> {'key': 'aventure_sorciere_ocean_skateboard_robot', 'text': 'OK', 'images': '10/10', 'audio': '8/10'}
[01:54:25] 
*** [213/243] aventure_sorciere_ocean_skateboard_fantome  (elapsed 29.5h)
[01:54:25] 
======================================================================
>>> START : aventure_sorciere_ocean_skateboard_fantome
======================================================================
[01:54:25]   voix pour ce niveau (aventure) : fr-FR-Neural2-A
[01:54:25]   TEXTE : generation Gemini Pro...
[01:55:16]     OK : 'Pimprenelle et l'Esprit de la Glisse' (10 pages)
[01:55:16]   IMAGES : 10 pages a generer/verifier
[02:04:09]   IMAGES bilan : 10 OK, 0 fail
[02:04:09]   AUDIO : 10 MP3s a generer/verifier
[02:04:30]     [1/10] audio KO (99%) wrong=['prête'] missing=['prêtes']
[02:04:30]       retry audio 2/3
[02:06:08]     [1/10] audio KO (98%) wrong=['lunes dorées', 'mer d’Aural', 'Pimprenelle caressa'] missing=[]
[02:06:08]       retry audio 3/3
[02:06:37]     [1/10] audio KO (99%) wrong=['prête'] missing=['prêtes']
[02:06:52]     [2/10] audio OK (100%)
[02:07:19]     [3/10] audio KO (99%) wrong=['fusée'] missing=[]
[02:07:20]       retry audio 2/3
[02:07:31]     [3/10] audio OK (100%)
[02:07:47]     [4/10] audio OK (100%)
[02:08:03]     [5/10] audio OK (100%)
[02:08:26]     [6/10] audio KO (99%) wrong=['entendu'] missing=[]
[02:08:26]       retry audio 2/3
[02:08:58]     [6/10] audio KO (99%) wrong=['entendu'] missing=['entendue']
[02:08:58]       retry audio 3/3
[02:09:16]     [6/10] audio KO (99%) wrong=['entendu'] missing=[]
[02:09:30]     [7/10] audio OK (100%)
[02:09:55]     [8/10] audio OK (100%)
[02:11:36]     [9/10] audio KO (98%) wrong=['nacre', 'brouillard', 'chef-d’œuvre'] missing=[]
[02:11:36]       retry audio 2/3
[02:12:03]     [9/10] audio KO (99%) wrong=["c'est"] missing=[]
[02:12:03]       retry audio 3/3
[02:12:28]     [9/10] audio OK (100%)
[02:12:59]     [10/10] audio KO (90%) wrong=["s'estompa", "l'endroit", "d'étoile."] missing=[]
[02:12:59]       retry audio 2/3
[02:13:31]     [10/10] audio KO (90%) wrong=["s'estompa", "l'endroit", "d'étoile"] missing=[]
[02:13:31]       retry audio 3/3
[02:13:53]     [10/10] audio KO (98%) wrong=['fusée', 'mer', 'aural'] missing=[]
[02:13:55]   AUDIO bilan : 7 OK, 3 fail
[02:13:55] <<< END : aventure_sorciere_ocean_skateboard_fantome -> {'key': 'aventure_sorciere_ocean_skateboard_fantome', 'text': 'OK', 'images': '10/10', 'audio': '7/10'}
[02:13:55] 
*** [214/243] aventure_sorciere_ocean_guitare_monstre  (elapsed 29.8h)
[02:13:55] 
======================================================================
>>> START : aventure_sorciere_ocean_guitare_monstre
======================================================================
[02:13:55]   voix pour ce niveau (aventure) : fr-FR-Neural2-A
[02:13:55]   TEXTE : generation Gemini Pro...
[02:14:54]     OK : 'Pimprenelle et la Chanson du Chaos' (10 pages)
[02:14:54]   IMAGES : 10 pages a generer/verifier
[02:23:53]   IMAGES bilan : 10 OK, 0 fail
[02:23:53]   AUDIO : 10 MP3s a generer/verifier
[02:24:03]     [1/10] audio OK (100%)
[02:24:45]     [2/10] audio KO (97%) wrong=['murmura-elle', 'guitare', 'sept'] missing=['murmura-t-elle', 'Guitare', 'Sept']
[02:24:45]       retry audio 2/3
[02:25:06]     [2/10] audio KO (97%) wrong=['guitare', 'sept', 'silences'] missing=['Guitare', 'Sept', 'Silences']
[02:25:06]       retry audio 3/3
[02:25:32]     [2/10] audio KO (95%) wrong=['guitare', 'sept', 'silences'] missing=['Guitare', 'Sept', 'Silences']
[02:25:47]     [3/10] audio OK (100%)
[02:26:01]     [4/10] audio OK (100%)
[02:26:24]     [5/10] audio OK (100%)
[02:26:36]     [6/10] audio OK (100%)
[02:26:57]     [7/10] audio KO (98%) wrong=['Mon', 'Ma'] missing=['Le', 'Le']
[02:26:57]       retry audio 2/3
[02:27:17]     [7/10] audio KO (98%) wrong=['Mon', 'Ma'] missing=['Le', 'Le']
[02:27:17]       retry audio 3/3
[02:27:37]     [7/10] audio KO (98%) wrong=['Mon', 'Mon'] missing=['Le', 'Le']
[02:27:53]     [8/10] audio OK (100%)
[02:28:10]     [9/10] audio OK (100%)
[02:28:22]     [10/10] audio OK (100%)
[02:28:24]   AUDIO bilan : 8 OK, 2 fail
[02:28:24] <<< END : aventure_sorciere_ocean_guitare_monstre -> {'key': 'aventure_sorciere_ocean_guitare_monstre', 'text': 'OK', 'images': '10/10', 'audio': '8/10'}
[02:28:24] 
*** [215/243] aventure_sorciere_ocean_guitare_robot  (elapsed 30.1h)
[02:28:24] 
======================================================================
>>> START : aventure_sorciere_ocean_guitare_robot
======================================================================
[02:28:24]   voix pour ce niveau (aventure) : fr-FR-Neural2-A
[02:28:24]   TEXTE : generation Gemini Pro...
[02:29:14]     OK : 'Pimprenelle et le chant de l'étain' (10 pages)
[02:29:14]   IMAGES : 10 pages a generer/verifier
[02:36:59]   IMAGES bilan : 10 OK, 0 fail
[02:36:59]   AUDIO : 10 MP3s a generer/verifier
[02:37:08]     [1/10] audio OK (100%)
[02:37:36]     [2/10] audio KO (99%) wrong=['C', 'L', 'A'] missing=['CLANG-CLANG-BZZZT']
[02:37:36]       retry audio 2/3
[02:37:58]     [2/10] audio KO (98%) wrong=['CLANG', 'CLANG', 'BZZZT'] missing=['CLANG-CLANG-BZZZT', 'fer-blanc']
[02:37:58]       retry audio 3/3
[02:38:19]     [2/10] audio KO (99%) wrong=['C', 'L', 'A'] missing=['CLANG-CLANG-BZZZT']
[02:38:41]     [3/10] audio KO (99%) wrong=['W H I I R'] missing=['WHIIIR']
[02:38:41]       retry audio 2/3
[02:38:57]     [3/10] audio KO (98%) wrong=['WHIIIR', 'Guitare'] missing=[]
[02:38:57]       retry audio 3/3
[02:39:49]     [3/10] audio KO (98%) wrong=[] missing=['—', '—']
[02:40:10]     [4/10] audio OK (100%)
[02:40:34]     [5/10] audio KO (98%) wrong=['Bipbou'] missing=[]
[02:40:34]       retry audio 2/3
[02:40:51]     [5/10] audio KO (98%) wrong=['Bipbou', 'Bipbou'] missing=[]
[02:40:51]       retry audio 3/3
[02:41:07]     [5/10] audio KO (97%) wrong=['Bipbou', 'scratch', 'cling'] missing=[]
[02:41:29]     [6/10] audio KO (99%) wrong=[] missing=['Et']
[02:41:29]       retry audio 2/3
[02:41:47]     [6/10] audio OK (100%)
[02:42:04]     [7/10] audio OK (100%)
[02:42:39]     [8/10] audio KO (99%) wrong=['entendu'] missing=[]
[02:42:39]       retry audio 2/3
[02:42:54]     [8/10] audio KO (99%) wrong=['entendue'] missing=[]
[02:42:54]       retry audio 3/3
[02:43:18]     [8/10] audio KO (99%) wrong=['entendu'] missing=['entendue']
[02:43:41]     [9/10] audio KO (99%) wrong=['guitare'] missing=[]
[02:43:41]       retry audio 2/3
[02:44:00]     [9/10] audio KO (99%) wrong=['guitare'] missing=[]
[02:44:00]       retry audio 3/3
[02:44:22]     [9/10] audio KO (99%) wrong=['guitare'] missing=['Guitare']
[02:44:47]     [10/10] audio KO (99%) wrong=["C'est"] missing=['ses']
[02:44:47]       retry audio 2/3
[02:44:57]     [10/10] audio OK (100%)
[02:44:59]   AUDIO bilan : 5 OK, 5 fail
[02:44:59] <<< END : aventure_sorciere_ocean_guitare_robot -> {'key': 'aventure_sorciere_ocean_guitare_robot', 'text': 'OK', 'images': '10/10', 'audio': '5/10'}
[02:44:59] 
*** [216/243] aventure_sorciere_ocean_guitare_fantome  (elapsed 30.3h)
[02:44:59] 
======================================================================
>>> START : aventure_sorciere_ocean_guitare_fantome
======================================================================
[02:44:59]   voix pour ce niveau (aventure) : fr-FR-Neural2-A
[02:44:59]   TEXTE : generation Gemini Pro...
[02:46:00]     OK : 'Pimprenelle et la Guitare des sept silences' (10 pages)
[02:46:00]   IMAGES : 10 pages a generer/verifier
[02:54:50]   IMAGES bilan : 10 OK, 0 fail
[02:54:50]   AUDIO : 10 MP3s a generer/verifier
[02:55:04]     [1/10] audio OK (100%)
[02:55:25]     [2/10] audio KO (99%) wrong=['guitare'] missing=['Guitare']
[02:55:25]       retry audio 2/3
[02:55:38]     [2/10] audio OK (100%)
[02:55:58]     [3/10] audio KO (99%) wrong=["d'Oral"] missing=[]
[02:55:58]       retry audio 2/3
[02:56:06]     [3/10] audio OK (100%)
[02:56:19]     [4/10] audio OK (100%)
[02:56:39]     [5/10] audio KO (99%) wrong=['Ma'] missing=['Le']
[02:56:39]       retry audio 2/3
[02:56:55]     [5/10] audio KO (99%) wrong=['Ma'] missing=['Le']
[02:56:55]       retry audio 3/3
[02:57:07]     [5/10] audio KO (99%) wrong=['Ma'] missing=['Le']
[02:57:26]     [6/10] audio OK (100%)
[02:57:44]     [7/10] audio OK (100%)
[02:57:56]     [8/10] audio OK (100%)
[02:58:21]     [9/10] audio KO (98%) wrong=['arc', 'dansent'] missing=['arcs', 'dansaient']
[02:58:21]       retry audio 2/3
[02:58:42]     [9/10] audio KO (98%) wrong=['arc', 'dansent'] missing=['arcs', 'dansaient']
[02:58:42]       retry audio 3/3
[02:59:09]     [9/10] audio KO (98%) wrong=['arc', 'dansent'] missing=['arcs', 'dansaient']
[02:59:25]     [10/10] audio OK (100%)
[02:59:27]   AUDIO bilan : 8 OK, 2 fail
[02:59:27] <<< END : aventure_sorciere_ocean_guitare_fantome -> {'key': 'aventure_sorciere_ocean_guitare_fantome', 'text': 'OK', 'images': '10/10', 'audio': '8/10'}
[02:59:27] 
*** [217/243] aventure_dragon_planete_baguette_monstre  (elapsed 30.6h)
[02:59:27] 
======================================================================
>>> START : aventure_dragon_planete_baguette_monstre
======================================================================
[02:59:27]   voix pour ce niveau (aventure) : fr-FR-Neural2-A
[02:59:27]   TEXTE : generation Gemini Pro...
[03:00:27]     OK : 'Brio et le Voyageur Égaré' (10 pages)
[03:00:27]   IMAGES : 10 pages a generer/verifier
[03:09:16]   IMAGES bilan : 10 OK, 0 fail
[03:09:16]   AUDIO : 10 MP3s a generer/verifier
[03:09:31]     [1/10] audio OK (100%)
[03:11:11]     [2/10] audio KO (97%) wrong=["À mon tour d'être un magicien", 'Il prononça', 'l’étoile au bout du bâton'] missing=[]
[03:11:11]       retry audio 2/3
[03:12:47]     [2/10] audio KO (97%) wrong=["À mon tour d'être un magicien", 'l’étoile au bout du bâton'] missing=[]
[03:12:47]       retry audio 3/3
[03:13:23]     [2/10] audio KO (92%) wrong=['Vega-sept', "d'un", "d'orchestre"] missing=[]
[03:13:56]     [3/10] audio KO (99%) wrong=['aux'] missing=[]
[03:13:56]       retry audio 2/3
[03:14:15]     [3/10] audio OK (100%)
[03:14:34]     [4/10] audio OK (100%)
[03:15:25]     [5/10] audio KO (99%) wrong=['7'] missing=[]
[03:15:25]       retry audio 2/3
[03:15:40]     [5/10] audio OK (100%)
[03:15:59]     [6/10] audio OK (100%)
[03:16:12]     [7/10] audio OK (100%)
[03:16:29]     [8/10] audio KO (99%) wrong=["N'est"] missing=[]
[03:16:29]       retry audio 2/3
[03:16:49]     [8/10] audio KO (98%) wrong=["N'est"] missing=["N'aie"]
[03:16:49]       retry audio 3/3
[03:17:04]     [8/10] audio KO (99%) wrong=["N'est"] missing=[]
[03:17:18]     [9/10] audio OK (100%)
[03:17:47]     [10/10] audio KO (99%) wrong=['étoile'] missing=[]
[03:17:47]       retry audio 2/3
[03:18:00]     [10/10] audio OK (100%)
[03:18:02]   AUDIO bilan : 8 OK, 2 fail
[03:18:02] <<< END : aventure_dragon_planete_baguette_monstre -> {'key': 'aventure_dragon_planete_baguette_monstre', 'text': 'OK', 'images': '10/10', 'audio': '8/10'}
[03:18:02] 
*** [218/243] aventure_dragon_planete_baguette_robot  (elapsed 30.9h)
[03:18:02] 
======================================================================
>>> START : aventure_dragon_planete_baguette_robot
======================================================================
[03:18:02]   voix pour ce niveau (aventure) : fr-FR-Neural2-A
[03:18:02]   TEXTE : generation Gemini Pro...
[03:19:06]     OK : 'Brio et le cœur de fer-blanc' (10 pages)
[03:19:06]   IMAGES : 10 pages a generer/verifier
[03:27:57]   IMAGES bilan : 10 OK, 0 fail
[03:27:57]   AUDIO : 10 MP3s a generer/verifier
[03:28:09]     [1/10] audio OK (100%)
[03:29:03]     [2/10] audio KO (99%) wrong=['astérisque', 'astérisque', 'B'] missing=['bzzzt']
[03:29:03]       retry audio 2/3
[03:29:24]     [2/10] audio KO (99%) wrong=['astérisque', 'astérisque', 'B Z Z Z T'] missing=[]
[03:29:24]       retry audio 3/3
[03:31:01]     [2/10] audio KO (98%) wrong=['Vega-7', 'clong', 'bang'] missing=[]
[03:31:33]     [3/10] audio KO (98%) wrong=['astérisque', 'astérisque', 'Ma'] missing=[]
[03:31:33]       retry audio 2/3
[03:32:05]     [3/10] audio KO (97%) wrong=['astérisque', 'astérisque', 'Ma'] missing=['*bip*', 'Le', 'Le']
[03:32:05]       retry audio 3/3
[03:32:37]     [3/10] audio KO (95%) wrong=['astérisque', 'astérisque', 'Ma'] missing=['*', '*', 'Le']
[03:33:33]     [4/10] audio KO (94%) wrong=['Bip', ','] missing=['«', 'BIIIP', '!']
[03:33:33]       retry audio 2/3
[03:34:10]     [4/10] audio KO (95%) wrong=['Bip,', 'Rends-la-moi,'] missing=['«', 'BIIIP!', '»']
[03:34:10]       retry audio 3/3
[03:34:29]     [4/10] audio KO (99%) wrong=['Bip'] missing=['BIIIP']
[03:34:45]     [5/10] audio OK (100%)
[03:35:18]     [6/10] audio KO (98%) wrong=['Ma'] missing=['Le']
[03:35:18]       retry audio 2/3
[03:35:39]     [6/10] audio KO (99%) wrong=['Ma'] missing=['Le']
[03:35:39]       retry audio 3/3
[03:36:03]     [6/10] audio KO (99%) wrong=['Ma'] missing=[]
[03:36:43]     [7/10] audio KO (95%) wrong=['Ma', 'sorti', 'B'] missing=['Le', 'sortit', 'bzzzt']
[03:36:43]       retry audio 2/3
[03:37:19]     [7/10] audio KO (96%) wrong=['Ma', 'B', 'Z'] missing=['Le', 'bzzzt', "d'Étoile"]
[03:37:19]       retry audio 3/3
[03:37:49]     [7/10] audio KO (96%) wrong=['Ma', 'sorti', 'B'] missing=['Le', 'bzzzt']
[03:38:28]     [8/10] audio KO (97%) wrong=['Ma', 'petite', "n'est"] missing=['Le', 'petit', "N'aie"]
[03:38:28]       retry audio 2/3
[03:38:55]     [8/10] audio KO (97%) wrong=['Ma', 'petite', "n'est"] missing=['Le', 'petit', "N'aie"]
[03:38:55]       retry audio 3/3
[03:39:15]     [8/10] audio KO (99%) wrong=['Ma'] missing=['Le']
[03:40:09]     [9/10] audio KO (98%) wrong=['a', 'astérisque', 'clic'] missing=['eut', 'CLIC']
[03:40:09]       retry audio 2/3
[03:40:35]     [9/10] audio KO (98%) wrong=['astérisque', 'clic', 'astérisque'] missing=['CLIC']
[03:40:35]       retry audio 3/3
[03:41:03]     [9/10] audio KO (98%) wrong=['a', 'astérisque', 'clic'] missing=['eut', 'CLIC']
[03:41:21]     [10/10] audio OK (100%)
[03:41:23]   AUDIO bilan : 3 OK, 7 fail
[03:41:23] <<< END : aventure_dragon_planete_baguette_robot -> {'key': 'aventure_dragon_planete_baguette_robot', 'text': 'OK', 'images': '10/10', 'audio': '3/10'}
[03:41:23] 
*** [219/243] aventure_dragon_planete_baguette_fantome  (elapsed 31.3h)
[03:41:23] 
======================================================================
>>> START : aventure_dragon_planete_baguette_fantome
======================================================================
[03:41:23]   voix pour ce niveau (aventure) : fr-FR-Neural2-A
[03:41:23]   TEXTE : generation Gemini Pro...
[03:42:22]     OK : 'Brio et l'Artisan des Étoiles' (10 pages)
[03:42:22]   IMAGES : 10 pages a generer/verifier
[03:50:26]   IMAGES bilan : 10 OK, 0 fail
[03:50:26]   AUDIO : 10 MP3s a generer/verifier
[03:50:51]     [1/10] audio KO (98%) wrong=['vibrio'] missing=['vit', 'Brio']
[03:50:51]       retry audio 2/3
[03:51:13]     [1/10] audio KO (98%) wrong=['vibrio'] missing=['vit', 'Brio']
[03:51:13]       retry audio 3/3
[03:51:28]     [1/10] audio KO (98%) wrong=['vibrio'] missing=['vit', 'Brio']
[03:51:42]     [2/10] audio OK (100%)
[03:51:57]     [3/10] audio OK (100%)
[03:52:15]     [4/10] audio KO (99%) wrong=['ancienne'] missing=['anciennes']
[03:52:15]       retry audio 2/3
[03:52:33]     [4/10] audio KO (99%) wrong=['ancienne'] missing=['anciennes']
[03:52:33]       retry audio 3/3
[03:52:48]     [4/10] audio KO (98%) wrong=['exploré', 'ancienne'] missing=[]
[03:53:04]     [5/10] audio KO (99%) wrong=['Mon'] missing=['Le']
[03:53:04]       retry audio 2/3
[03:53:17]     [5/10] audio KO (99%) wrong=['Mon'] missing=['Le']
[03:53:17]       retry audio 3/3
[03:53:33]     [5/10] audio KO (99%) wrong=['Mon'] missing=['Le']
[03:53:48]     [6/10] audio OK (100%)
[03:54:00]     [7/10] audio OK (100%)
[03:54:13]     [8/10] audio OK (100%)
[03:54:26]     [9/10] audio OK (100%)
[03:54:47]     [10/10] audio KO (98%) wrong=['vu', 'étoile'] missing=['vues', 'Étoile']
[03:54:47]       retry audio 2/3
[03:55:10]     [10/10] audio KO (98%) wrong=['vu', 'étoile'] missing=['vues', 'Étoile']
[03:55:10]       retry audio 3/3
[03:55:27]     [10/10] audio KO (99%) wrong=['vu'] missing=['vues']
[03:55:29]   AUDIO bilan : 6 OK, 4 fail
[03:55:29] <<< END : aventure_dragon_planete_baguette_fantome -> {'key': 'aventure_dragon_planete_baguette_fantome', 'text': 'OK', 'images': '10/10', 'audio': '6/10'}
[03:55:29] 
*** [220/243] aventure_dragon_planete_skateboard_monstre  (elapsed 31.5h)
[03:55:29] 
======================================================================
>>> START : aventure_dragon_planete_skateboard_monstre
======================================================================
[03:55:29]   voix pour ce niveau (aventure) : fr-FR-Neural2-A
[03:55:29]   TEXTE : generation Gemini Pro...
[03:56:27]     OK : 'Brio et le Voleur d'Étoiles Filantes' (10 pages)
[03:56:27]   IMAGES : 10 pages a generer/verifier
[04:03:32]   IMAGES bilan : 10 OK, 0 fail
[04:03:32]   AUDIO : 10 MP3s a generer/verifier
[04:03:47]     [1/10] audio OK (100%)
[04:04:25]     [2/10] audio KO (99%) wrong=['aux'] missing=[]
[04:04:25]       retry audio 2/3
[04:04:48]     [2/10] audio KO (99%) wrong=['aux'] missing=[]
[04:04:48]       retry audio 3/3
[04:05:11]     [2/10] audio KO (99%) wrong=['aux'] missing=[]
[04:05:54]     [3/10] audio KO (98%) wrong=['Vega-sept', 'vu'] missing=[]
[04:05:54]       retry audio 2/3
[04:06:13]     [3/10] audio KO (98%) wrong=['Z', 'O', 'U'] missing=['ZOUF', 'vue']
[04:06:13]       retry audio 3/3
[04:06:36]     [3/10] audio KO (98%) wrong=['Z. O. U. F.', 'vu'] missing=['ZOUF', 'vue']
[04:06:55]     [4/10] audio KO (99%) wrong=['Mon'] missing=['Le']
[04:06:55]       retry audio 2/3
[04:07:11]     [4/10] audio KO (98%) wrong=['Mon', 'Un'] missing=['Le', 'Le']
[04:07:11]       retry audio 3/3
[04:07:30]     [4/10] audio KO (99%) wrong=['Mon'] missing=['Le']
[04:07:46]     [5/10] audio OK (100%)
[04:08:09]     [6/10] audio KO (99%) wrong=['fusée'] missing=['Fusée']
[04:08:09]       retry audio 2/3
[04:08:20]     [6/10] audio OK (100%)
[04:08:37]     [7/10] audio OK (100%)
[04:08:53]     [8/10] audio OK (100%)
[04:09:25]     [9/10] audio OK (100%)
[04:09:49]     [10/10] audio OK (100%)
[04:09:51]   AUDIO bilan : 7 OK, 3 fail
[04:09:51] <<< END : aventure_dragon_planete_skateboard_monstre -> {'key': 'aventure_dragon_planete_skateboard_monstre', 'text': 'OK', 'images': '10/10', 'audio': '7/10'}
[04:09:51] 
*** [221/243] aventure_dragon_planete_skateboard_robot  (elapsed 31.8h)
[04:09:51] 
======================================================================
>>> START : aventure_dragon_planete_skateboard_robot
======================================================================
[04:09:51]   voix pour ce niveau (aventure) : fr-FR-Neural2-A
[04:09:51]   TEXTE : generation Gemini Pro...
[04:10:41]     OK : 'Brio et le visiteur des étoiles' (10 pages)
[04:10:41]   IMAGES : 10 pages a generer/verifier
[04:18:29]   IMAGES bilan : 10 OK, 0 fail
[04:18:29]   AUDIO : 10 MP3s a generer/verifier
[04:18:51]     [1/10] audio OK (100%)
[04:19:05]     [2/10] audio OK (100%)
[04:19:20]     [3/10] audio OK (100%)
[04:19:37]     [4/10] audio OK (100%)
[04:19:52]     [5/10] audio OK (100%)
[04:20:11]     [6/10] audio OK (100%)
[04:20:25]     [7/10] audio KO (99%) wrong=['Ma'] missing=['Le']
[04:20:25]       retry audio 2/3
[04:20:43]     [7/10] audio KO (99%) wrong=['Ma'] missing=['Le']
[04:20:43]       retry audio 3/3
[04:20:56]     [7/10] audio KO (99%) wrong=['Ma'] missing=['Le']
[04:21:15]     [8/10] audio KO (98%) wrong=['Ma', 'petite'] missing=['Le', 'petit']
[04:21:15]       retry audio 2/3
[04:21:32]     [8/10] audio KO (99%) wrong=['Ma'] missing=['Le']
[04:21:32]       retry audio 3/3
[04:21:49]     [8/10] audio KO (97%) wrong=['Ma', 'petite'] missing=['Le', 'petit']
[04:22:05]     [9/10] audio OK (100%)
[04:22:17]     [10/10] audio OK (100%)
[04:22:19]   AUDIO bilan : 8 OK, 2 fail
[04:22:19] <<< END : aventure_dragon_planete_skateboard_robot -> {'key': 'aventure_dragon_planete_skateboard_robot', 'text': 'OK', 'images': '10/10', 'audio': '8/10'}
[04:22:19] 
*** [222/243] aventure_dragon_planete_skateboard_fantome  (elapsed 32.0h)
[04:22:19] 
======================================================================
>>> START : aventure_dragon_planete_skateboard_fantome
======================================================================
[04:22:19]   voix pour ce niveau (aventure) : fr-FR-Neural2-A
[04:22:19]   TEXTE : generation Gemini Pro...
[04:23:19]     OK : 'Brio et l'artisan des étoiles' (10 pages)
[04:23:19]   IMAGES : 10 pages a generer/verifier
[04:32:03]   IMAGES bilan : 10 OK, 0 fail
[04:32:03]   AUDIO : 10 MP3s a generer/verifier
[04:32:29]     [1/10] audio KO (99%) wrong=['Véga-moins-7'] missing=['Véga-7']
[04:32:29]       retry audio 2/3
[04:32:52]     [1/10] audio KO (99%) wrong=['moins', 'sept'] missing=['-7']
[04:32:52]       retry audio 3/3
[04:33:37]     [1/10] audio KO (99%) wrong=['Véga', 'moins', 'sept'] missing=['Véga-7']
[04:33:57]     [2/10] audio OK (100%)
[04:34:13]     [3/10] audio OK (100%)
[04:34:42]     [4/10] audio OK (100%)
[04:35:20]     [5/10] audio KO (98%) wrong=['La', 'vieille'] missing=['Le', 'vieil']
[04:35:20]       retry audio 2/3
[04:35:45]     [5/10] audio KO (99%) wrong=['tu'] missing=['Tu']
[04:35:45]       retry audio 3/3
[04:36:10]     [5/10] audio KO (98%) wrong=['La', 'vieille'] missing=['Le', 'vieil']
[04:36:30]     [6/10] audio KO (98%) wrong=['merveille', 'conçu'] missing=[]
[04:36:30]       retry audio 2/3
[04:36:53]     [6/10] audio OK (100%)
[04:37:14]     [7/10] audio KO (98%) wrong=['Ma', 'Ma', 'Ma'] missing=[]
[04:37:14]       retry audio 2/3
[04:37:54]     [7/10] audio KO (93%) wrong=['Le', 'Le', 'Le'] missing=['«', '»', '«']
[04:37:54]       retry audio 3/3
[04:38:12]     [7/10] audio KO (97%) wrong=['Ma', 'Ma', 'Ma'] missing=['Le', 'Le', 'Le']
[04:38:40]     [8/10] audio KO (96%) wrong=['ceinture', 'chuchotante', 'douce'] missing=['Ceinture', 'Chuchotante', 'douces']
[04:38:40]       retry audio 2/3
[04:39:07]     [8/10] audio KO (99%) wrong=['émettait'] missing=[]
[04:39:07]       retry audio 3/3
[04:39:21]     [8/10] audio OK (100%)
[04:39:39]     [9/10] audio OK (100%)
[04:40:07]     [10/10] audio KO (99%) wrong=['sept'] missing=['7']
[04:40:07]       retry audio 2/3
[04:40:30]     [10/10] audio OK (100%)
[04:40:32]   AUDIO bilan : 7 OK, 3 fail
[04:40:32] <<< END : aventure_dragon_planete_skateboard_fantome -> {'key': 'aventure_dragon_planete_skateboard_fantome', 'text': 'OK', 'images': '10/10', 'audio': '7/10'}
[04:40:32] 
*** [223/243] aventure_dragon_planete_guitare_monstre  (elapsed 32.3h)
[04:40:32] 
======================================================================
>>> START : aventure_dragon_planete_guitare_monstre
======================================================================
[04:40:32]   voix pour ce niveau (aventure) : fr-FR-Neural2-A
[04:40:32]   TEXTE : generation Gemini Pro...
[04:41:42]     OK : 'Brio et la Mélodie des Étoiles' (10 pages)
[04:41:42]   IMAGES : 10 pages a generer/verifier
[04:49:30]   IMAGES bilan : 10 OK, 0 fail
[04:49:30]   AUDIO : 10 MP3s a generer/verifier
[04:49:56]     [1/10] audio OK (100%)
[04:50:20]     [2/10] audio KO (97%) wrong=['guitare', 'sept', 'silence'] missing=['Guitare', 'Sept', 'Silences']
[04:50:20]       retry audio 2/3
[04:50:39]     [2/10] audio KO (96%) wrong=["C'était", 'guitare', 'sept'] missing=[]
[04:50:39]       retry audio 3/3
[04:51:11]     [2/10] audio KO (97%) wrong=['guitare', 'sept', 'silence'] missing=['Guitare', 'Sept', 'Silences']
[04:51:44]     [3/10] audio KO (98%) wrong=['Rock', "n'était"] missing=['rauque', 'était']
[04:51:44]       retry audio 2/3
[04:52:06]     [3/10] audio KO (99%) wrong=["n'était"] missing=['était']
[04:52:06]       retry audio 3/3
[04:52:44]     [3/10] audio KO (98%) wrong=["n'"] missing=['était']
[04:53:03]     [4/10] audio OK (100%)
[04:53:29]     [5/10] audio OK (100%)
[04:53:45]     [6/10] audio OK (100%)
[04:53:57]     [7/10] audio OK (100%)
[04:54:09]     [8/10] audio OK (100%)
[04:54:27]     [9/10] audio OK (100%)
[04:54:42]     [10/10] audio OK (100%)
[04:54:44]   AUDIO bilan : 8 OK, 2 fail
[04:54:44] <<< END : aventure_dragon_planete_guitare_monstre -> {'key': 'aventure_dragon_planete_guitare_monstre', 'text': 'OK', 'images': '10/10', 'audio': '8/10'}
[04:54:44] 
*** [224/243] aventure_dragon_planete_guitare_robot  (elapsed 32.5h)
[04:54:44] 
======================================================================
>>> START : aventure_dragon_planete_guitare_robot
======================================================================
[04:54:44]   voix pour ce niveau (aventure) : fr-FR-Neural2-A
[04:54:44]   TEXTE : generation Gemini Pro...
[04:55:45]     OK : 'Brio et la Mélodie des Étoiles' (10 pages)
[04:55:45]   IMAGES : 10 pages a generer/verifier
[05:04:45]   IMAGES bilan : 10 OK, 0 fail
[05:04:45]   AUDIO : 10 MP3s a generer/verifier
[05:05:29]     [1/10] audio OK (100%)
[05:05:41]     [2/10] audio OK (100%)
[05:06:11]     [3/10] audio KO (97%) wrong=['Astérisque', 'Astérisque', 'astérisque'] missing=[]
[05:06:11]       retry audio 2/3
[05:06:29]     [3/10] audio KO (96%) wrong=['Astérisque', 'Astérisque', 'Astérisque'] missing=[]
[05:06:29]       retry audio 3/3
[05:07:07]     [3/10] audio KO (98%) wrong=['Astérisque', 'Astérisque', 'œil'] missing=['œil-écran', 'bip-bip']
[05:07:36]     [4/10] audio KO (94%) wrong=['Astérisque', 'Astérisque', 'La'] missing=[]
[05:07:36]       retry audio 2/3
[05:08:37]     [4/10] audio KO (98%) wrong=['Astérisque', 'Astérisque', 'La'] missing=[]
[05:08:37]       retry audio 3/3
[05:09:05]     [4/10] audio KO (98%) wrong=['Astérisque', 'Astérisque', 'La'] missing=[]
[05:09:43]     [5/10] audio KO (98%) wrong=['Astérisque', 'bip', 'astérisque'] missing=['Boop', 'beeeep']
[05:09:43]       retry audio 2/3
[05:10:33]     [5/10] audio KO (99%) wrong=['Astérisque', 'boop', 'boop'] missing=['*Boop... boop... beeeep...*']
[05:10:33]       retry audio 3/3
[05:10:54]     [5/10] audio KO (99%) wrong=['Astérisque', 'bip', 'astérisque'] missing=['beeeep']
[05:11:20]     [6/10] audio KO (99%) wrong=['Mon', 'astérisque', 'astérisque'] missing=['Le']
[05:11:20]       retry audio 2/3
[05:11:58]     [6/10] audio KO (99%) wrong=['Mon', 'astérisque', 'astérisque'] missing=['Le']
[05:11:58]       retry audio 3/3
[05:12:25]     [6/10] audio KO (99%) wrong=['astérisque', 'astérisque', 'Mon'] missing=[]
[05:12:52]     [7/10] audio KO (98%) wrong=['astérisque', 'astérisque'] missing=[]
[05:12:52]       retry audio 2/3
[05:13:13]     [7/10] audio KO (98%) wrong=['astérisque', 'astérisque'] missing=[]
[05:13:13]       retry audio 3/3
[05:13:44]     [7/10] audio KO (98%) wrong=['astérisque', 'astérisque'] missing=[]
[05:14:04]     [8/10] audio KO (98%) wrong=['astérisque', 'astérisque'] missing=[]
[05:14:04]       retry audio 2/3
[05:14:22]     [8/10] audio KO (98%) wrong=['astérisque', 'astérisque'] missing=[]
[05:14:22]       retry audio 3/3
[05:14:54]     [8/10] audio KO (97%) wrong=['première', 'astérisque', 'astérisque'] missing=[]
[05:15:24]     [9/10] audio KO (99%) wrong=['moins', 'sept', 'astérisque'] missing=['7']
[05:15:24]       retry audio 2/3
[05:15:55]     [9/10] audio KO (96%) wrong=['son.', 'Véga', '-7.'] missing=['sons.', 'Véga-7.', '*ploc*']
[05:15:55]       retry audio 3/3
[05:16:35]     [9/10] audio KO (95%) wrong=['Mo', 'devard', 'son'] missing=['Le', 'sons', '*']
[05:16:59]     [10/10] audio OK (100%)
[05:17:01]   AUDIO bilan : 3 OK, 7 fail
[05:17:01] <<< END : aventure_dragon_planete_guitare_robot -> {'key': 'aventure_dragon_planete_guitare_robot', 'text': 'OK', 'images': '10/10', 'audio': '3/10'}
[05:17:01] 
*** [225/243] aventure_dragon_planete_guitare_fantome  (elapsed 32.9h)
[05:17:01] 
======================================================================
>>> START : aventure_dragon_planete_guitare_fantome
======================================================================
[05:17:01]   voix pour ce niveau (aventure) : fr-FR-Neural2-A
[05:17:01]   TEXTE : generation Gemini Pro...
[05:18:00]     OK : 'Brio et la Guitare des Sept Silences' (10 pages)
[05:18:00]   IMAGES : 10 pages a generer/verifier
[05:26:48]   IMAGES bilan : 10 OK, 0 fail
[05:26:48]   AUDIO : 10 MP3s a generer/verifier
[05:27:05]     [1/10] audio OK (100%)
[05:27:38]     [2/10] audio KO (99%) wrong=['vu'] missing=[]
[05:27:38]       retry audio 2/3
[05:27:50]     [2/10] audio OK (100%)
[05:28:08]     [3/10] audio OK (100%)
[05:28:41]     [4/10] audio KO (97%) wrong=['Vega', '7'] missing=['Vega-7']
[05:28:41]       retry audio 2/3
[05:28:51]     [4/10] audio OK (100%)
[05:29:03]     [5/10] audio OK (100%)
[05:29:23]     [6/10] audio OK (100%)
[05:29:57]     [7/10] audio OK (100%)
[05:30:17]     [8/10] audio KO (99%) wrong=['fêtes'] missing=['frettes']
[05:30:17]       retry audio 2/3
[05:30:34]     [8/10] audio KO (99%) wrong=['fêtes'] missing=[]
[05:30:34]       retry audio 3/3
[05:30:51]     [8/10] audio KO (99%) wrong=['fêtes'] missing=[]
[05:31:09]     [9/10] audio OK (100%)
[05:31:37]     [10/10] audio OK (100%)
[05:31:39]   AUDIO bilan : 9 OK, 1 fail
[05:31:39] <<< END : aventure_dragon_planete_guitare_fantome -> {'key': 'aventure_dragon_planete_guitare_fantome', 'text': 'OK', 'images': '10/10', 'audio': '9/10'}
[05:31:39] 
*** [226/243] aventure_dragon_chateau_baguette_monstre  (elapsed 33.1h)
[05:31:39] 
======================================================================
>>> START : aventure_dragon_chateau_baguette_monstre
======================================================================
[05:31:39]   voix pour ce niveau (aventure) : fr-FR-Neural2-A
[05:31:39]   TEXTE : generation Gemini Pro...
[05:32:37]     OK : 'Brio et le Secret de la Tour Oubliée' (10 pages)
[05:32:37]   IMAGES : 10 pages a generer/verifier
[05:40:23]   IMAGES bilan : 10 OK, 0 fail
[05:40:23]   AUDIO : 10 MP3s a generer/verifier
[05:40:37]     [1/10] audio OK (100%)
[05:40:54]     [2/10] audio OK (100%)
[05:41:09]     [3/10] audio OK (100%)
[05:41:21]     [4/10] audio OK (100%)
[05:41:46]     [5/10] audio OK (100%)
[05:42:40]     [6/10] audio OK (100%)
[05:42:59]     [7/10] audio OK (100%)
[05:43:13]     [8/10] audio OK (100%)
[05:43:33]     [9/10] audio KO (99%) wrong=['Mon'] missing=['Le']
[05:43:33]       retry audio 2/3
[05:43:49]     [9/10] audio KO (99%) wrong=['Mon'] missing=['Le']
[05:43:49]       retry audio 3/3
[05:44:05]     [9/10] audio KO (99%) wrong=['Mon'] missing=['Le']
[05:44:23]     [10/10] audio OK (100%)
[05:44:25]   AUDIO bilan : 9 OK, 1 fail
[05:44:25] <<< END : aventure_dragon_chateau_baguette_monstre -> {'key': 'aventure_dragon_chateau_baguette_monstre', 'text': 'OK', 'images': '10/10', 'audio': '9/10'}
[05:44:25] 
*** [227/243] aventure_dragon_chateau_baguette_robot  (elapsed 33.3h)
[05:44:25] 
======================================================================
>>> START : aventure_dragon_chateau_baguette_robot
======================================================================
[05:44:25]   voix pour ce niveau (aventure) : fr-FR-Neural2-A
[05:44:25]   TEXTE : generation Gemini Pro...
[05:45:12]     OK : 'Brio et le visiteur des étoiles' (10 pages)
[05:45:12]   IMAGES : 10 pages a generer/verifier
[05:53:57]   IMAGES bilan : 10 OK, 0 fail
[05:53:57]   AUDIO : 10 MP3s a generer/verifier
[05:54:29]     [1/10] audio KO (98%) wrong=['au', 'toit'] missing=['aux', 'toits']
[05:54:29]       retry audio 2/3
[05:54:51]     [1/10] audio KO (98%) wrong=['Ces', 'au', 'toit'] missing=['Ses', 'aux', 'toits']
[05:54:51]       retry audio 3/3
[05:55:26]     [1/10] audio OK (100%)
[05:55:41]     [2/10] audio OK (100%)
[05:56:13]     [3/10] audio OK (100%)
[05:56:32]     [4/10] audio OK (100%)
[05:56:57]     [5/10] audio KO (99%) wrong=['Mon'] missing=['Le']
[05:56:57]       retry audio 2/3
[05:57:15]     [5/10] audio KO (98%) wrong=["M'en", 'imprévisible'] missing=['Le', 'imprévisibles']
[05:57:15]       retry audio 3/3
[05:57:29]     [5/10] audio KO (99%) wrong=['Mon'] missing=['Le']
[05:57:43]     [6/10] audio OK (100%)
[05:58:13]     [7/10] audio KO (96%) wrong=['Ma', 'Bipbou', 'leur'] missing=['Le', 'le']
[05:58:13]       retry audio 2/3
[05:58:31]     [7/10] audio KO (96%) wrong=['Ma', 'Bipbou', 'leur'] missing=[]
[05:58:31]       retry audio 3/3
[05:58:48]     [7/10] audio KO (96%) wrong=['Ma', 'Bipbou', 'leur'] missing=[]
[05:59:12]     [8/10] audio KO (99%) wrong=['Mon'] missing=['Le']
[05:59:12]       retry audio 2/3
[05:59:27]     [8/10] audio KO (99%) wrong=['Mon'] missing=['Le']
[05:59:27]       retry audio 3/3
[06:00:15]     [8/10] audio KO (99%) wrong=['Mon'] missing=[]
[06:00:31]     [9/10] audio OK (100%)
[06:00:49]     [10/10] audio OK (100%)
[06:00:51]   AUDIO bilan : 7 OK, 3 fail
[06:00:51] <<< END : aventure_dragon_chateau_baguette_robot -> {'key': 'aventure_dragon_chateau_baguette_robot', 'text': 'OK', 'images': '10/10', 'audio': '7/10'}
[06:00:51] 
*** [228/243] aventure_dragon_chateau_baguette_fantome  (elapsed 33.6h)
[06:00:51] 
======================================================================
>>> START : aventure_dragon_chateau_baguette_fantome
======================================================================
[06:00:51]   voix pour ce niveau (aventure) : fr-FR-Neural2-A
[06:00:51]   TEXTE : generation Gemini Pro...
[06:01:52]     OK : 'Brio et le Gardien de la Tour' (10 pages)
[06:01:52]   IMAGES : 10 pages a generer/verifier
[06:10:48]   IMAGES bilan : 10 OK, 0 fail
[06:10:48]   AUDIO : 10 MP3s a generer/verifier
[06:11:17]     [1/10] audio OK (100%)
[06:11:34]     [2/10] audio OK (100%)
[06:11:46]     [3/10] audio OK (100%)
[06:11:59]     [4/10] audio OK (100%)
[06:12:20]     [5/10] audio KO (99%) wrong=['fantôme', 'artisan'] missing=['fantôme-artisan']
[06:12:20]       retry audio 2/3
[06:12:51]     [5/10] audio KO (99%) wrong=['fantôme', 'artisan'] missing=['fantôme-artisan']
[06:12:51]       retry audio 3/3
[06:13:01]     [5/10] audio OK (100%)
[06:13:59]     [6/10] audio OK (100%)
[06:14:21]     [7/10] audio OK (100%)
[06:14:32]     [8/10] audio OK (100%)
[06:14:51]     [9/10] audio OK (100%)
[06:15:15]     [10/10] audio KO (98%) wrong=['Mon', "d'écho"] missing=[]
[06:15:15]       retry audio 2/3
[06:15:30]     [10/10] audio KO (99%) wrong=['Mon'] missing=['Le']
[06:15:30]       retry audio 3/3
[06:15:45]     [10/10] audio KO (98%) wrong=['Mon', "d'écho"] missing=['Le', "d'échos"]
[06:15:47]   AUDIO bilan : 9 OK, 1 fail
[06:15:47] <<< END : aventure_dragon_chateau_baguette_fantome -> {'key': 'aventure_dragon_chateau_baguette_fantome', 'text': 'OK', 'images': '10/10', 'audio': '9/10'}
[06:15:47] 
*** [229/243] aventure_dragon_chateau_skateboard_monstre  (elapsed 33.9h)
[06:15:47] 
======================================================================
>>> START : aventure_dragon_chateau_skateboard_monstre
======================================================================
[06:15:47]   voix pour ce niveau (aventure) : fr-FR-Neural2-A
[06:15:47]   TEXTE : generation Gemini Pro...
[06:16:49]     OK : 'Brio et l'Ami Venu des Étoiles' (10 pages)
[06:16:49]   IMAGES : 10 pages a generer/verifier
[06:25:48]   IMAGES bilan : 10 OK, 0 fail
[06:25:48]   AUDIO : 10 MP3s a generer/verifier
[06:26:09]     [1/10] audio KO (99%) wrong=['forêt'] missing=['forêts']
[06:26:09]       retry audio 2/3
[06:26:21]     [1/10] audio OK (100%)
[06:26:48]     [2/10] audio OK (100%)
[06:27:07]     [3/10] audio KO (99%) wrong=['La'] missing=[]
[06:27:07]       retry audio 2/3
[06:27:26]     [3/10] audio KO (99%) wrong=['La'] missing=['Le']
[06:27:26]       retry audio 3/3
[06:27:40]     [3/10] audio KO (99%) wrong=['La'] missing=[]
[06:27:56]     [4/10] audio OK (100%)
[06:28:12]     [5/10] audio OK (100%)
[06:28:49]     [6/10] audio OK (100%)
[06:29:04]     [7/10] audio OK (100%)
[06:29:21]     [8/10] audio OK (100%)
[06:29:43]     [9/10] audio KO (99%) wrong=['Mon'] missing=['Le']
[06:29:43]       retry audio 2/3
[06:30:08]     [9/10] audio KO (99%) wrong=['Mon'] missing=['Le']
[06:30:08]       retry audio 3/3
[06:30:22]     [9/10] audio KO (99%) wrong=['Mon'] missing=['Le']
[06:30:54]     [10/10] audio OK (100%)
[06:30:56]   AUDIO bilan : 8 OK, 2 fail
[06:30:56] <<< END : aventure_dragon_chateau_skateboard_monstre -> {'key': 'aventure_dragon_chateau_skateboard_monstre', 'text': 'OK', 'images': '10/10', 'audio': '8/10'}
[06:30:56] 
*** [230/243] aventure_dragon_chateau_skateboard_robot  (elapsed 34.1h)
[06:30:56] 
======================================================================
>>> START : aventure_dragon_chateau_skateboard_robot
======================================================================
[06:30:56]   voix pour ce niveau (aventure) : fr-FR-Neural2-A
[06:30:56]   TEXTE : generation Gemini Pro...
[06:31:53]     OK : 'Brio et le Visiteur des Étoiles' (10 pages)
[06:31:53]   IMAGES : 10 pages a generer/verifier
[06:40:49]   IMAGES bilan : 10 OK, 0 fail
[06:40:49]   AUDIO : 10 MP3s a generer/verifier
[06:41:04]     [1/10] audio OK (100%)
[06:41:22]     [2/10] audio OK (100%)
[06:41:52]     [3/10] audio OK (100%)
[06:42:16]     [4/10] audio KO (99%) wrong=['La'] missing=[]
[06:42:16]       retry audio 2/3
[06:42:33]     [4/10] audio OK (100%)
[06:42:47]     [5/10] audio OK (100%)
[06:43:24]     [6/10] audio OK (100%)
[06:43:45]     [7/10] audio KO (96%) wrong=['Mon', 'Mon', 'vibrande'] missing=['Le', 'Le', 'vibrant']
[06:43:45]       retry audio 2/3
[06:44:12]     [7/10] audio KO (96%) wrong=['Mon', 'Mon', 'vibrande'] missing=['Le', 'Le', 'de']
[06:44:12]       retry audio 3/3
[06:44:34]     [7/10] audio KO (97%) wrong=['Mon', 'Mon', 'vibrante'] missing=['Le', 'Le', 'vibrant']
[06:44:50]     [8/10] audio OK (100%)
[06:45:09]     [9/10] audio OK (100%)
[06:45:27]     [10/10] audio KO (99%) wrong=['La'] missing=[]
[06:45:27]       retry audio 2/3
[06:45:59]     [10/10] audio KO (98%) wrong=['La'] missing=['Le']
[06:45:59]       retry audio 3/3
[06:46:15]     [10/10] audio KO (99%) wrong=['La'] missing=[]
[06:46:17]   AUDIO bilan : 8 OK, 2 fail
[06:46:17] <<< END : aventure_dragon_chateau_skateboard_robot -> {'key': 'aventure_dragon_chateau_skateboard_robot', 'text': 'OK', 'images': '10/10', 'audio': '8/10'}
[06:46:17] 
*** [231/243] aventure_dragon_chateau_skateboard_fantome  (elapsed 34.4h)
[06:46:17] 
======================================================================
>>> START : aventure_dragon_chateau_skateboard_fantome
======================================================================
[06:46:17]   voix pour ce niveau (aventure) : fr-FR-Neural2-A
[06:46:17]   TEXTE : generation Gemini Pro...
[06:47:28]     OK : 'Brio et l'Artisan Fantôme' (10 pages)
[06:47:28]   IMAGES : 10 pages a generer/verifier
[06:56:26]   IMAGES bilan : 10 OK, 0 fail
[06:56:26]   AUDIO : 10 MP3s a generer/verifier
[06:56:39]     [1/10] audio OK (100%)
[06:56:54]     [2/10] audio OK (100%)
[06:57:25]     [3/10] audio KO (97%) wrong=['sur', 'le', 'champ'] missing=['sur-le-champ']
[06:57:25]       retry audio 2/3
[06:58:00]     [3/10] audio KO (97%) wrong=['sur', 'le', 'champ'] missing=['sur-le-champ', 'Fusee', 'Fusee']
[06:58:00]       retry audio 3/3
[06:58:30]     [3/10] audio KO (97%) wrong=['sur', 'le', 'champ'] missing=['sur-le-champ', 'Fusee', 'Fusee']
[06:59:11]     [4/10] audio KO (96%) wrong=['...'] missing=['«', '»', '«']
[06:59:11]       retry audio 2/3
[06:59:33]     [4/10] audio KO (98%) wrong=['Fusée', 'Fusée'] missing=[]
[06:59:33]       retry audio 3/3
[06:59:59]     [4/10] audio OK (100%)
[07:00:21]     [5/10] audio OK (100%)
[07:00:37]     [6/10] audio OK (100%)
[07:01:06]     [7/10] audio KO (95%) wrong=['pour', 'Pour', 'pour'] missing=[]
[07:01:06]       retry audio 2/3
[07:01:24]     [7/10] audio OK (100%)
[07:01:40]     [8/10] audio OK (100%)
[07:01:53]     [9/10] audio OK (100%)
[07:02:06]     [10/10] audio OK (100%)
[07:02:08]   AUDIO bilan : 9 OK, 1 fail
[07:02:08] <<< END : aventure_dragon_chateau_skateboard_fantome -> {'key': 'aventure_dragon_chateau_skateboard_fantome', 'text': 'OK', 'images': '10/10', 'audio': '9/10'}
[07:02:08] 
*** [232/243] aventure_dragon_chateau_guitare_monstre  (elapsed 34.6h)
[07:02:08] 
======================================================================
>>> START : aventure_dragon_chateau_guitare_monstre
======================================================================
[07:02:08]   voix pour ce niveau (aventure) : fr-FR-Neural2-A
[07:02:08]   TEXTE : generation Gemini Pro...
[07:03:08]     OK : 'Brio et la Guitare des Sept Silences' (10 pages)
[07:03:08]   IMAGES : 10 pages a generer/verifier
[07:11:05]   IMAGES bilan : 10 OK, 0 fail
[07:11:05]   AUDIO : 10 MP3s a generer/verifier
[07:11:17]     [1/10] audio OK (100%)
[07:11:31]     [2/10] audio OK (100%)
[07:11:43]     [3/10] audio OK (100%)
[07:12:10]     [4/10] audio OK (100%)
[07:12:38]     [5/10] audio OK (100%)
[07:13:03]     [6/10] audio KO (99%) wrong=["C'étaient"] missing=[]
[07:13:03]       retry audio 2/3
[07:13:19]     [6/10] audio KO (99%) wrong=["C'était"] missing=["C'étaient"]
[07:13:19]       retry audio 3/3
[07:13:35]     [6/10] audio KO (99%) wrong=["C'était"] missing=["C'étaient"]
[07:13:56]     [7/10] audio OK (100%)
[07:14:28]     [8/10] audio KO (99%) wrong=['Celui'] missing=[]
[07:14:28]       retry audio 2/3
[07:14:43]     [8/10] audio OK (100%)
[07:14:56]     [9/10] audio OK (100%)
[07:15:22]     [10/10] audio OK (100%)
[07:15:24]   AUDIO bilan : 9 OK, 1 fail
[07:15:24] <<< END : aventure_dragon_chateau_guitare_monstre -> {'key': 'aventure_dragon_chateau_guitare_monstre', 'text': 'OK', 'images': '10/10', 'audio': '9/10'}
[07:15:24] 
*** [233/243] aventure_dragon_chateau_guitare_robot  (elapsed 34.9h)
[07:15:24] 
======================================================================
>>> START : aventure_dragon_chateau_guitare_robot
======================================================================
[07:15:24]   voix pour ce niveau (aventure) : fr-FR-Neural2-A
[07:15:24]   TEXTE : generation Gemini Pro...
[07:16:20]     OK : 'Brio et la Mélodie Retrouvée' (10 pages)
[07:16:20]   IMAGES : 10 pages a generer/verifier
[07:24:39]   IMAGES bilan : 10 OK, 0 fail
[07:24:39]   AUDIO : 10 MP3s a generer/verifier
[07:24:57]     [1/10] audio OK (100%)
[07:25:13]     [2/10] audio OK (100%)
[07:25:39]     [3/10] audio OK (100%)
[07:26:04]     [4/10] audio OK (100%)
[07:26:39]     [5/10] audio OK (100%)
[07:26:54]     [6/10] audio OK (100%)
[07:27:24]     [7/10] audio KO (97%) wrong=['Ma', 'B', 'point'] missing=['Le', '«', 'b...iii...p']
[07:27:24]       retry audio 2/3
[07:27:58]     [7/10] audio KO (92%) wrong=['Ma', 'B.3.', 'P'] missing=['La', '«', 'b']
[07:27:58]       retry audio 3/3
[07:28:17]     [7/10] audio KO (97%) wrong=['Ma', 'B', 'point'] missing=['Le', '«', 'b...iii...p']
[07:28:37]     [8/10] audio OK (100%)
[07:28:50]     [9/10] audio OK (100%)
[07:29:08]     [10/10] audio KO (99%) wrong=['Ma'] missing=['Le']
[07:29:08]       retry audio 2/3
[07:29:19]     [10/10] audio KO (99%) wrong=['Ma'] missing=[]
[07:29:19]       retry audio 3/3
[07:29:34]     [10/10] audio KO (99%) wrong=['Ma'] missing=['Le']
[07:29:36]   AUDIO bilan : 8 OK, 2 fail
[07:29:36] <<< END : aventure_dragon_chateau_guitare_robot -> {'key': 'aventure_dragon_chateau_guitare_robot', 'text': 'OK', 'images': '10/10', 'audio': '8/10'}
[07:29:36] 
*** [234/243] aventure_dragon_chateau_guitare_fantome  (elapsed 35.1h)
[07:29:36] 
======================================================================
>>> START : aventure_dragon_chateau_guitare_fantome
======================================================================
[07:29:36]   voix pour ce niveau (aventure) : fr-FR-Neural2-A
[07:29:36]   TEXTE : generation Gemini Pro...
[07:30:48]     OK : 'Brio et la Guitare des Sept Silences' (10 pages)
[07:30:48]   IMAGES : 10 pages a generer/verifier
[07:39:42]   IMAGES bilan : 10 OK, 0 fail
[07:39:42]   AUDIO : 10 MP3s a generer/verifier
[07:40:05]     [1/10] audio KO (98%) wrong=['au', 'toit', 'pointu'] missing=['aux', 'toits', 'pointus']
[07:40:05]       retry audio 2/3
[07:41:42]     [1/10] audio KO (95%) wrong=['Mon château', 'ardoises bleues'] missing=[]
[07:41:42]       retry audio 3/3
[07:42:03]     [1/10] audio KO (98%) wrong=['au', 'toit'] missing=['aux', 'toits']
[07:42:22]     [2/10] audio OK (100%)
[07:42:42]     [3/10] audio OK (100%)
[07:43:08]     [4/10] audio KO (98%) wrong=['Ma'] missing=['Le']
[07:43:08]       retry audio 2/3
[07:43:33]     [4/10] audio KO (98%) wrong=['devant', 'Ma'] missing=['de']
[07:43:33]       retry audio 3/3
[07:43:52]     [4/10] audio KO (99%) wrong=['Ma'] missing=[]
[07:44:13]     [5/10] audio OK (100%)
[07:44:29]     [6/10] audio OK (100%)
[07:44:40]     [7/10] audio OK (100%)
[07:44:55]     [8/10] audio OK (100%)
[07:45:24]     [9/10] audio KO (97%) wrong=['Ma', 'Il', "n'était"] missing=['Le', 'Ils', "n'étaient"]
[07:45:24]       retry audio 2/3
[07:45:44]     [9/10] audio KO (98%) wrong=['Ma', 'Il', 'Ma'] missing=['Le', 'Ils', 'Le']
[07:45:44]       retry audio 3/3
[07:46:03]     [9/10] audio KO (98%) wrong=['Ma', 'Il', 'Ma'] missing=['Le', 'Ils', 'Le']
[07:46:23]     [10/10] audio OK (100%)
[07:46:25]   AUDIO bilan : 7 OK, 3 fail
[07:46:25] <<< END : aventure_dragon_chateau_guitare_fantome -> {'key': 'aventure_dragon_chateau_guitare_fantome', 'text': 'OK', 'images': '10/10', 'audio': '7/10'}
[07:46:25] 
*** [235/243] aventure_dragon_ocean_baguette_monstre  (elapsed 35.4h)
[07:46:25] 
======================================================================
>>> START : aventure_dragon_ocean_baguette_monstre
======================================================================
[07:46:25]   voix pour ce niveau (aventure) : fr-FR-Neural2-A
[07:46:25]   TEXTE : generation Gemini Pro...
[07:47:14]     OK : 'Brio et le Chagrin de la Mer' (10 pages)
[07:47:14]   IMAGES : 10 pages a generer/verifier
[07:56:03]   IMAGES bilan : 10 OK, 0 fail
[07:56:03]   AUDIO : 10 MP3s a generer/verifier
[07:56:17]     [1/10] audio OK (100%)
[07:56:45]     [2/10] audio KO (99%) wrong=['Ma'] missing=['Le']
[07:56:45]       retry audio 2/3
[07:56:58]     [2/10] audio KO (99%) wrong=['Ma'] missing=['Le']
[07:56:58]       retry audio 3/3
[07:57:14]     [2/10] audio KO (99%) wrong=['Ma'] missing=['Le']
[07:57:27]     [3/10] audio OK (100%)
[07:57:39]     [4/10] audio OK (100%)
[07:57:52]     [5/10] audio OK (100%)
[07:58:15]     [6/10] audio KO (99%) wrong=['GROUB'] missing=[]
[07:58:15]       retry audio 2/3
[07:58:27]     [6/10] audio OK (100%)
[07:58:52]     [7/10] audio KO (99%) wrong=['remarqué'] missing=['remarquée']
[07:58:52]       retry audio 2/3
[07:59:17]     [7/10] audio KO (99%) wrong=['remarqué'] missing=['remarquée']
[07:59:17]       retry audio 3/3
[07:59:41]     [7/10] audio KO (98%) wrong=['remarqué', 'Ma'] missing=['remarquée', 'Le']
[08:00:01]     [8/10] audio KO (98%) wrong=['Mon', 'Mon'] missing=['Le', 'Le']
[08:00:01]       retry audio 2/3
[08:00:16]     [8/10] audio KO (98%) wrong=['Mon', 'Mon'] missing=[]
[08:00:16]       retry audio 3/3
[08:00:31]     [8/10] audio KO (98%) wrong=['Mon', 'Mon'] missing=[]
[08:00:42]     [9/10] audio OK (100%)
[08:01:01]     [10/10] audio OK (100%)
[08:01:03]   AUDIO bilan : 7 OK, 3 fail
[08:01:03] <<< END : aventure_dragon_ocean_baguette_monstre -> {'key': 'aventure_dragon_ocean_baguette_monstre', 'text': 'OK', 'images': '10/10', 'audio': '7/10'}
[08:01:03] 
*** [236/243] aventure_dragon_ocean_baguette_robot  (elapsed 35.6h)
[08:01:03] 
======================================================================
>>> START : aventure_dragon_ocean_baguette_robot
======================================================================
[08:01:03]   voix pour ce niveau (aventure) : fr-FR-Neural2-A
[08:01:03]   TEXTE : generation Gemini Pro...
[08:02:03]     OK : 'Brio et le Voleur de Lumière' (10 pages)
[08:02:03]   IMAGES : 10 pages a generer/verifier
[08:11:02]   IMAGES bilan : 10 OK, 0 fail
[08:11:02]   AUDIO : 10 MP3s a generer/verifier
[08:11:14]     [1/10] audio OK (100%)
[08:11:29]     [2/10] audio OK (100%)
[08:11:59]     [3/10] audio KO (97%) wrong=['astérisque', 'astérisque', 'étoile'] missing=['*', '*', 'Étoile']
[08:11:59]       retry audio 2/3
[08:13:35]     [3/10] audio KO (99%) wrong=['bip-boup-biiiip'] missing=[]
[08:13:35]       retry audio 3/3
[08:13:58]     [3/10] audio KO (98%) wrong=['astérisque', 'astérisque'] missing=[]
[08:14:27]     [4/10] audio KO (99%) wrong=['Mon'] missing=[]
[08:14:27]       retry audio 2/3
[08:14:45]     [4/10] audio KO (99%) wrong=['Mon'] missing=['Le']
[08:14:45]       retry audio 3/3
[08:15:03]     [4/10] audio KO (99%) wrong=['Mon'] missing=['Le']
[08:15:17]     [5/10] audio OK (100%)
[08:15:31]     [6/10] audio OK (100%)
[08:15:43]     [7/10] audio OK (100%)
[08:15:55]     [8/10] audio OK (100%)
[08:16:34]     [9/10] audio KO (98%) wrong=['astérisque', 'bip', 'bip'] missing=['bip-bip-bip', 'Étoile']
[08:16:34]       retry audio 2/3
[08:16:53]     [9/10] audio KO (95%) wrong=['astérisque', 'bip', 'bip'] missing=['bip-bip-bip', 'Étoile']
[08:16:53]       retry audio 3/3
[08:17:17]     [9/10] audio KO (98%) wrong=['astérisque', 'bip', 'bip'] missing=['bip-bip-bip']
[08:17:27]     [10/10] audio OK (100%)
[08:17:29]   AUDIO bilan : 7 OK, 3 fail
[08:17:29] <<< END : aventure_dragon_ocean_baguette_robot -> {'key': 'aventure_dragon_ocean_baguette_robot', 'text': 'OK', 'images': '10/10', 'audio': '7/10'}
[08:17:29] 
*** [237/243] aventure_dragon_ocean_baguette_fantome  (elapsed 35.9h)
[08:17:29] 
======================================================================
>>> START : aventure_dragon_ocean_baguette_fantome
======================================================================
[08:17:29]   voix pour ce niveau (aventure) : fr-FR-Neural2-A
[08:17:29]   TEXTE : generation Gemini Pro...
[08:18:18]     OK : 'Brio et la Mélodie de la Mer d'Aural' (10 pages)
[08:18:18]   IMAGES : 10 pages a generer/verifier
[08:27:15]   IMAGES bilan : 10 OK, 0 fail
[08:27:15]   AUDIO : 10 MP3s a generer/verifier
[08:27:30]     [1/10] audio OK (100%)
[08:27:48]     [2/10] audio OK (100%)
[08:28:03]     [3/10] audio OK (100%)
[08:28:21]     [4/10] audio KO (99%) wrong=['Mon'] missing=['Le']
[08:28:21]       retry audio 2/3
[08:28:43]     [4/10] audio KO (99%) wrong=['Mon'] missing=['Le']
[08:28:43]       retry audio 3/3
[08:29:03]     [4/10] audio KO (99%) wrong=['Mon'] missing=['Le']
[08:29:16]     [5/10] audio OK (100%)
[08:29:31]     [6/10] audio OK (100%)
[08:29:48]     [7/10] audio OK (100%)
[08:30:16]     [8/10] audio OK (100%)
[08:30:48]     [9/10] audio KO (99%) wrong=['tangible'] missing=['tangibles']
[08:30:48]       retry audio 2/3
[08:31:06]     [9/10] audio KO (99%) wrong=['tangible'] missing=[]
[08:31:06]       retry audio 3/3
[08:31:21]     [9/10] audio OK (100%)
[08:31:54]     [10/10] audio OK (100%)
[08:31:56]   AUDIO bilan : 9 OK, 1 fail
[08:31:56] <<< END : aventure_dragon_ocean_baguette_fantome -> {'key': 'aventure_dragon_ocean_baguette_fantome', 'text': 'OK', 'images': '10/10', 'audio': '9/10'}
[08:31:56] 
*** [238/243] aventure_dragon_ocean_skateboard_monstre  (elapsed 36.1h)
[08:31:56] 
======================================================================
>>> START : aventure_dragon_ocean_skateboard_monstre
======================================================================
[08:31:56]   voix pour ce niveau (aventure) : fr-FR-Neural2-A
[08:31:56]   TEXTE : generation Gemini Pro...
[08:32:57]     OK : 'Brio et le Voleur de Lumière' (10 pages)
[08:32:57]   IMAGES : 10 pages a generer/verifier
[08:41:48]   IMAGES bilan : 10 OK, 0 fail
[08:41:48]   AUDIO : 10 MP3s a generer/verifier
[08:41:59]     [1/10] audio OK (100%)
[08:42:14]     [2/10] audio OK (100%)
[08:42:26]     [3/10] audio OK (100%)
[08:42:38]     [4/10] audio OK (100%)
[08:42:55]     [5/10] audio OK (100%)
[08:43:13]     [6/10] audio OK (100%)
[08:43:27]     [7/10] audio OK (100%)
[08:43:49]     [8/10] audio KO (98%) wrong=['Mon'] missing=['Le']
[08:43:49]       retry audio 2/3
[08:44:02]     [8/10] audio KO (98%) wrong=['Mon', 'mère'] missing=['Le', 'mer']
[08:44:02]       retry audio 3/3
[08:44:23]     [8/10] audio KO (99%) wrong=['Mon'] missing=['Le']
[08:44:46]     [9/10] audio OK (100%)
[08:45:08]     [10/10] audio OK (100%)
[08:45:10]   AUDIO bilan : 9 OK, 1 fail
[08:45:10] <<< END : aventure_dragon_ocean_skateboard_monstre -> {'key': 'aventure_dragon_ocean_skateboard_monstre', 'text': 'OK', 'images': '10/10', 'audio': '9/10'}
[08:45:11] 
*** [239/243] aventure_dragon_ocean_skateboard_robot  (elapsed 36.4h)
[08:45:11] 
======================================================================
>>> START : aventure_dragon_ocean_skateboard_robot
======================================================================
[08:45:11]   voix pour ce niveau (aventure) : fr-FR-Neural2-A
[08:45:11]   TEXTE : generation Gemini Pro...
[08:46:04]     OK : 'Brio et le Voyageur des Étoiles' (10 pages)
[08:46:04]   IMAGES : 10 pages a generer/verifier
[08:55:00]   IMAGES bilan : 10 OK, 0 fail
[08:55:00]   AUDIO : 10 MP3s a generer/verifier
[08:55:10]     [1/10] audio OK (100%)
[08:55:28]     [2/10] audio KO (99%) wrong=['roulette'] missing=[]
[08:55:28]       retry audio 2/3
[08:55:49]     [2/10] audio KO (99%) wrong=['roulette'] missing=['roulettes']
[08:55:49]       retry audio 3/3
[08:57:26]     [2/10] audio KO (98%) wrong=['fredonner', 'Fusée', 'chatoyait'] missing=[]
[08:57:50]     [3/10] audio KO (99%) wrong=["d'oral"] missing=[]
[08:57:50]       retry audio 2/3
[08:58:13]     [3/10] audio KO (99%) wrong=['Oral'] missing=['Aural']
[08:58:13]       retry audio 3/3
[08:58:35]     [3/10] audio KO (99%) wrong=["d'Aural"] missing=[]
[08:58:49]     [4/10] audio OK (100%)
[08:59:09]     [5/10] audio OK (100%)
[08:59:25]     [6/10] audio OK (100%)
[09:00:02]     [7/10] audio OK (100%)
[09:00:19]     [8/10] audio OK (100%)
[09:00:44]     [9/10] audio KO (99%) wrong=['spirale'] missing=['spirales']
[09:00:44]       retry audio 2/3
[09:01:04]     [9/10] audio KO (98%) wrong=['spirale', "d'éclair"] missing=[]
[09:01:04]       retry audio 3/3
[09:01:37]     [9/10] audio KO (96%) wrong=['spirale', ','] missing=['«', '!', '»']
[09:01:55]     [10/10] audio OK (100%)
[09:01:57]   AUDIO bilan : 7 OK, 3 fail
[09:01:57] <<< END : aventure_dragon_ocean_skateboard_robot -> {'key': 'aventure_dragon_ocean_skateboard_robot', 'text': 'OK', 'images': '10/10', 'audio': '7/10'}
[09:01:57] 
*** [240/243] aventure_dragon_ocean_skateboard_fantome  (elapsed 36.6h)
[09:01:57] 
======================================================================
>>> START : aventure_dragon_ocean_skateboard_fantome
======================================================================
[09:01:57]   voix pour ce niveau (aventure) : fr-FR-Neural2-A
[09:01:57]   TEXTE : generation Gemini Pro...
[09:02:54]     OK : 'Brio et le Fantôme des Vagues' (10 pages)
[09:02:54]   IMAGES : 10 pages a generer/verifier
[09:11:46]   IMAGES bilan : 10 OK, 0 fail
[09:11:46]   AUDIO : 10 MP3s a generer/verifier
[09:12:05]     [1/10] audio KO (99%) wrong=["d'aventure"] missing=["d'aventures"]
[09:12:05]       retry audio 2/3
[09:12:23]     [1/10] audio KO (99%) wrong=["d'aventure"] missing=["d'aventures"]
[09:12:23]       retry audio 3/3
[09:12:42]     [1/10] audio KO (99%) wrong=["d'aventure"] missing=[]
[09:13:00]     [2/10] audio OK (100%)
[09:13:14]     [3/10] audio OK (100%)
[09:13:25]     [4/10] audio OK (100%)
[09:13:39]     [5/10] audio OK (100%)
[09:13:54]     [6/10] audio OK (100%)
[09:14:19]     [7/10] audio KO (99%) wrong=['fusées'] missing=['Fusées']
[09:14:19]       retry audio 2/3
[09:14:35]     [7/10] audio OK (100%)
[09:14:54]     [8/10] audio KO (99%) wrong=['mer'] missing=['Mer']
[09:14:54]       retry audio 2/3
[09:15:09]     [8/10] audio OK (100%)
[09:15:34]     [9/10] audio KO (99%) wrong=['Mon'] missing=['Le']
[09:15:34]       retry audio 2/3
[09:15:46]     [9/10] audio KO (99%) wrong=['Mon'] missing=['Le']
[09:15:46]       retry audio 3/3
[09:16:00]     [9/10] audio KO (99%) wrong=['Mon'] missing=['Le']
[09:16:15]     [10/10] audio OK (100%)
[09:16:17]   AUDIO bilan : 8 OK, 2 fail
[09:16:17] <<< END : aventure_dragon_ocean_skateboard_fantome -> {'key': 'aventure_dragon_ocean_skateboard_fantome', 'text': 'OK', 'images': '10/10', 'audio': '8/10'}
[09:16:17] 
*** [241/243] aventure_dragon_ocean_guitare_monstre  (elapsed 36.9h)
[09:16:17] 
======================================================================
>>> START : aventure_dragon_ocean_guitare_monstre
======================================================================
[09:16:17]   voix pour ce niveau (aventure) : fr-FR-Neural2-A
[09:16:17]   TEXTE : generation Gemini Pro...
[09:17:27]     OK : 'Brio et la Guitare des Sept Silences' (10 pages)
[09:17:27]   IMAGES : 10 pages a generer/verifier
[09:26:11]   IMAGES bilan : 10 OK, 0 fail
[09:26:11]   AUDIO : 10 MP3s a generer/verifier
[09:26:35]     [1/10] audio KO (99%) wrong=["d'Oral"] missing=['d’Aural']
[09:26:35]       retry audio 2/3
[09:26:56]     [1/10] audio OK (100%)
[09:27:13]     [2/10] audio OK (100%)
[09:27:31]     [3/10] audio OK (100%)
[09:27:43]     [4/10] audio OK (100%)
[09:28:16]     [5/10] audio OK (100%)
[09:28:30]     [6/10] audio OK (100%)
[09:28:54]     [7/10] audio KO (99%) wrong=['eu'] missing=[]
[09:28:54]       retry audio 2/3
[09:29:09]     [7/10] audio KO (99%) wrong=['eu'] missing=['eue']
[09:29:09]       retry audio 3/3
[09:29:27]     [7/10] audio KO (99%) wrong=['eu'] missing=['eue']
[09:29:47]     [8/10] audio OK (100%)
[09:30:01]     [9/10] audio OK (100%)
[09:30:18]     [10/10] audio OK (100%)
[09:30:20]   AUDIO bilan : 9 OK, 1 fail
[09:30:20] <<< END : aventure_dragon_ocean_guitare_monstre -> {'key': 'aventure_dragon_ocean_guitare_monstre', 'text': 'OK', 'images': '10/10', 'audio': '9/10'}
[09:30:20] 
*** [242/243] aventure_dragon_ocean_guitare_robot  (elapsed 37.1h)
[09:30:20] 
======================================================================
>>> START : aventure_dragon_ocean_guitare_robot
======================================================================
[09:30:20]   voix pour ce niveau (aventure) : fr-FR-Neural2-A
[09:30:20]   TEXTE : generation Gemini Pro...
[09:31:18]     OK : 'Brio et la Guitare des Sept Silences' (10 pages)
[09:31:18]   IMAGES : 10 pages a generer/verifier
[09:40:18]   IMAGES bilan : 10 OK, 0 fail
[09:40:18]   AUDIO : 10 MP3s a generer/verifier
[09:40:36]     [1/10] audio OK (100%)
[09:40:54]     [2/10] audio OK (100%)
[09:41:12]     [3/10] audio OK (100%)
[09:42:05]     [4/10] audio KO (96%) wrong=['Astérisque', 'clang', 'BIP-BOU'] missing=['CLANG', 'BIP-BOUP', 'ZZZT']
[09:42:05]       retry audio 2/3
[09:42:37]     [4/10] audio KO (96%) wrong=['Astérisque', 'clang', 'BIP-BOU-UP'] missing=['CLANG', 'BIP-BOUP', 'ZZZT']
[09:42:37]       retry audio 3/3
[09:43:21]     [4/10] audio KO (97%) wrong=['Astérisque', 'BIP-BOU', 'P'] missing=['BIP-BOUP', 'ZZZT', 'Bipboup']
[09:43:46]     [5/10] audio KO (96%) wrong=['astérisques', 'astérisques', 'astérisques'] missing=[]
[09:43:46]       retry audio 2/3
[09:44:21]     [5/10] audio KO (98%) wrong=['astérisques', 'bip', 'astérisques'] missing=['*bip*', '*boup*']
[09:44:21]       retry audio 3/3
[09:44:48]     [5/10] audio KO (98%) wrong=['astérisques', 'astérisques', 'astérisques'] missing=['*bip*', '*boup*']
[09:45:30]     [6/10] audio KO (95%) wrong=['astérisque clang, astérisque', 'astérisque poc, astérisque,', 'écran œil'] missing=['!', '!']
[09:45:30]       retry audio 2/3
[09:45:59]     [6/10] audio KO (93%) wrong=['astérisque', 'clang', 'astérisque'] missing=[]
[09:45:59]       retry audio 3/3
[09:47:03]     [6/10] audio KO (91%) wrong=['astérisque', 'clang,', 'astérisque'] missing=['!', '!']
[09:47:47]     [7/10] audio KO (99%) wrong=['astérisque', 'bouille', 'pas'] missing=['boooooouuuup']
[09:47:47]       retry audio 2/3
[09:48:13]     [7/10] audio KO (99%) wrong=['astérisque', 'bouille', 'pas'] missing=['boooooouuuup']
[09:48:13]       retry audio 3/3
[09:48:42]     [7/10] audio KO (99%) wrong=['astérisque', 'bouille', 'pas'] missing=['*boooooouuuup*']
[09:49:02]     [8/10] audio KO (99%) wrong=['Ma'] missing=['Le']
[09:49:02]       retry audio 2/3
[09:49:27]     [8/10] audio KO (99%) wrong=['Ma', 'seul'] missing=[]
[09:49:27]       retry audio 3/3
[09:49:40]     [8/10] audio KO (98%) wrong=['Ma', 'seul'] missing=[]
[09:50:17]     [9/10] audio KO (99%) wrong=['Astérisque', 'Astérisque', 'astérisque'] missing=[]
[09:50:17]       retry audio 2/3
[09:50:53]     [9/10] audio KO (99%) wrong=['Astérisque', 'Astérisque', 'entendu'] missing=[]
[09:50:53]       retry audio 3/3
[09:51:23]     [9/10] audio KO (96%) wrong=['Astérisque', 'Astérisque', 'Astérisque'] missing=[]
[09:51:44]     [10/10] audio KO (99%) wrong=['Bonsoir'] missing=['Le']
[09:51:44]       retry audio 2/3
[09:52:09]     [10/10] audio KO (98%) wrong=['Bonsoir'] missing=['Le']
[09:52:09]       retry audio 3/3
[09:52:28]     [10/10] audio KO (98%) wrong=['Bonsoir'] missing=['Le', 'soir']
[09:52:30]   AUDIO bilan : 3 OK, 7 fail
[09:52:30] <<< END : aventure_dragon_ocean_guitare_robot -> {'key': 'aventure_dragon_ocean_guitare_robot', 'text': 'OK', 'images': '10/10', 'audio': '3/10'}
[09:52:30] 
*** [243/243] aventure_dragon_ocean_guitare_fantome  (elapsed 37.5h)
[09:52:30] 
======================================================================
>>> START : aventure_dragon_ocean_guitare_fantome
======================================================================
[09:52:30]   voix pour ce niveau (aventure) : fr-FR-Neural2-A
[09:52:30]   TEXTE : generation Gemini Pro...
[09:53:32]     OK : 'Brio et la Guitare des Sept Silences' (10 pages)
[09:53:32]   IMAGES : 10 pages a generer/verifier
[10:02:27]   IMAGES bilan : 10 OK, 0 fail
[10:02:27]   AUDIO : 10 MP3s a generer/verifier
[10:02:44]     [1/10] audio OK (100%)
[10:03:04]     [2/10] audio OK (100%)
[10:03:40]     [3/10] audio KO (98%) wrong=['cercle'] missing=['cercles']
[10:03:40]       retry audio 2/3
[10:03:57]     [3/10] audio OK (100%)
[10:04:21]     [4/10] audio OK (100%)
[10:04:42]     [5/10] audio OK (100%)
[10:05:00]     [6/10] audio KO (99%) wrong=['Mon'] missing=['Le']
[10:05:00]       retry audio 2/3
[10:05:22]     [6/10] audio KO (99%) wrong=['Mon'] missing=['Le']
[10:05:22]       retry audio 3/3
[10:05:37]     [6/10] audio KO (99%) wrong=['Mon'] missing=['Le']
[10:05:51]     [7/10] audio OK (100%)
[10:06:06]     [8/10] audio OK (100%)
[10:06:27]     [9/10] audio KO (99%) wrong=['partagé'] missing=[]
[10:06:27]       retry audio 2/3
[10:06:42]     [9/10] audio KO (99%) wrong=['partagé'] missing=['partagés']
[10:06:42]       retry audio 3/3
[10:06:58]     [9/10] audio KO (99%) wrong=['partagé'] missing=[]
[10:07:16]     [10/10] audio OK (100%)
[10:07:18]   AUDIO bilan : 8 OK, 2 fail
[10:07:18] <<< END : aventure_dragon_ocean_guitare_fantome -> {'key': 'aventure_dragon_ocean_guitare_fantome', 'text': 'OK', 'images': '10/10', 'audio': '8/10'}
[10:07:18] 
######################################################################
[10:07:18] # OVERNIGHT GENERATION END
[10:07:18] # Duree : 37.7 heures
[10:07:18] # Stories tentees : 177
[10:07:18] # Completed checkpointes : 242
[10:07:18] # Log file : logs\overnight_20260518_202409.log
[10:07:18] ######################################################################
